city,locality,pincode,property_type,area,carpet_area,bhk,bedrooms,bathrooms,balconies,floor,total_floors,property_age,parking,furnished,property_condition,latitude,longitude,amenities_count,has_parking,has_lift,has_security,has_gym,has_swimming_pool,has_garden,has_clubhouse,has_power_backup,has_cctv,has_internet,has_water_supply,has_ac,price
Bengaluru,Indiranagar,560019,Independent House,1034,883,2,2,2,1,0,3,3,1,Unfurnished,New,12.977294,77.645982,5,1,0,0,0,0,1,0,1,0,0,1,1,20160000
Mumbai,Powai,400042,Apartment,909,775,2,2,2,2,2,18,3,3,Semi-Furnished,Good,19.115727,72.918634,8,0,1,0,0,0,1,1,1,1,1,1,1,22250000
Delhi NCR,Sohna Road (Gurugram),110043,Apartment,869,741,2,2,2,1,9,10,0,1,Fully Furnished,New,28.39934,77.038293,8,1,1,1,0,1,1,0,1,1,0,0,1,9760000
Bengaluru,Hebbal,560009,Apartment,991,812,2,2,2,0,19,28,1,3,Semi-Furnished,New,13.020494,77.583201,6,1,1,1,0,0,1,0,0,1,0,0,1,11990000
Hyderabad,Manikonda,500002,Independent House,1144,942,3,3,3,1,0,2,2,2,Fully Furnished,New,17.406714,78.382136,4,1,1,0,0,1,0,0,1,0,0,0,0,11590000
Bengaluru,Hebbal,560021,Apartment,2654,2303,4,4,4,2,2,4,18,0,Semi-Furnished,Good,13.033994,77.59754,9,0,1,1,1,1,1,0,1,1,0,1,1,21550000
Pune,Kharadi,411032,Apartment,856,696,2,2,1,2,2,14,3,1,Unfurnished,New,18.552487,73.925892,8,1,1,0,0,1,1,0,1,1,0,1,1,8580000
Delhi NCR,Sector 62 (Noida),110008,Apartment,1248,1081,3,3,3,3,15,28,0,1,Semi-Furnished,New,28.624666,77.357186,10,1,1,1,1,1,1,1,1,0,1,1,0,13920000
Nagpur,Pratap Nagar,440039,Independent House,2094,1735,4,4,4,2,0,2,1,1,Unfurnished,New,21.112538,79.05558,4,0,1,0,0,0,0,0,1,0,1,1,0,16660000
Hyderabad,Gachibowli,500022,Independent House,601,478,1,1,2,0,0,3,18,0,Unfurnished,Average,17.424423,78.338275,6,1,1,1,0,1,0,0,1,0,0,0,1,5050000
Mumbai,Thane West,400037,Apartment,1586,1309,3,3,4,2,1,7,25,3,Unfurnished,Good,19.219671,72.977175,7,1,0,0,0,1,1,0,1,1,0,1,1,16560000
Mumbai,Andheri West,400030,Villa,697,582,2,2,1,1,0,3,1,1,Semi-Furnished,New,19.130541,72.824015,6,1,1,0,0,0,1,0,1,1,0,0,1,27730000
Bengaluru,Sarjapur Road,560012,Apartment,615,515,1,1,1,0,3,4,0,0,Semi-Furnished,Good,12.896196,77.687593,5,0,0,0,1,1,1,0,0,1,0,1,0,5400000
Kolkata,Jadavpur,700006,Apartment,834,706,2,2,2,2,26,28,5,1,Unfurnished,Good,22.502893,88.379248,8,1,1,1,1,0,1,0,0,1,0,1,1,6390000
Kolkata,Ballygunge,700044,Apartment,806,643,2,2,2,1,3,7,18,1,Unfurnished,Average,22.525526,88.36765,7,1,1,1,0,0,0,1,1,1,0,1,0,8570000
Mumbai,Thane West,400029,Apartment,1279,1106,3,3,3,0,22,22,5,1,Semi-Furnished,Good,19.216815,72.969249,8,1,1,1,1,0,0,0,1,1,0,1,1,19170000
Delhi NCR,Indirapuram (Ghaziabad),110046,Apartment,1088,920,2,2,3,2,11,35,1,1,Semi-Furnished,New,28.65085,77.374424,7,0,1,1,0,1,1,0,1,1,1,0,0,9510000
Pune,Hadapsar,411037,Apartment,1491,1189,3,3,2,1,8,28,18,1,Unfurnished,Good,18.503739,73.928791,4,0,1,1,0,0,0,0,0,1,0,1,0,10190000
Pune,Hinjewadi,411005,Independent House,943,761,2,2,2,2,0,3,8,1,Unfurnished,Good,18.603817,73.717942,10,1,1,1,0,1,1,0,1,1,1,1,1,8360000
Mumbai,Thane West,400031,Apartment,1421,1109,3,3,2,0,16,28,2,2,Fully Furnished,Average,19.215908,72.978834,10,1,1,1,0,1,1,1,1,1,0,1,1,21450000
Chennai,Adyar,600006,Villa,1344,1105,3,3,2,1,0,3,8,1,Semi-Furnished,Good,13.004057,80.268323,7,1,1,0,1,0,1,0,1,0,1,0,1,25410000
Delhi NCR,Golf Course Road (Gurugram),110026,Independent House,1794,1426,4,4,4,1,0,3,0,1,Semi-Furnished,New,28.455486,77.101723,6,1,0,1,0,0,1,0,0,1,1,1,0,45790000
Pune,Wakad,411043,Apartment,1266,1088,3,3,3,1,4,18,3,0,Semi-Furnished,Good,18.602806,73.769577,10,1,1,1,1,1,1,1,0,1,1,1,0,12210000
Mumbai,Kandivali East,400014,Independent House,829,715,2,2,2,2,0,1,0,2,Unfurnished,New,19.203579,72.865563,8,1,1,1,0,1,1,0,1,0,0,1,1,16320000
Nagpur,Khamla,440046,Apartment,1474,1163,3,3,4,3,2,35,1,1,Semi-Furnished,New,21.117088,79.058041,9,1,1,1,0,1,0,1,1,1,1,1,0,11110000
Mumbai,Borivali West,400018,Independent House,707,572,2,2,2,1,0,1,2,1,Semi-Furnished,New,19.227335,72.853958,8,1,1,1,0,0,0,1,1,1,1,1,0,16220000
Chennai,Besant Nagar,600008,Apartment,563,447,1,1,2,1,2,4,3,1,Fully Furnished,Good,13.003432,80.281789,6,0,1,1,1,0,1,0,0,0,1,1,0,10320000
Chennai,Velachery,600016,Apartment,994,830,2,2,1,2,3,14,0,1,Semi-Furnished,New,12.980904,80.20265,9,1,1,1,0,1,1,1,0,1,0,1,1,10540000
Hyderabad,Kondapur,500038,Independent House,586,500,1,1,1,2,0,3,3,1,Unfurnished,Good,17.489606,78.356261,6,1,0,0,0,1,1,0,1,1,1,0,0,6010000
Bengaluru,Indiranagar,560013,Plot,3553,3553,0,0,0,0,0,0,2,0,Unfurnished,Average,12.978122,77.631451,2,0,0,1,0,0,0,0,0,0,0,1,0,44440000
Bengaluru,Hebbal,560002,Villa,1078,891,2,2,3,3,0,1,2,1,Unfurnished,New,13.042128,77.589725,5,1,0,0,0,0,1,1,1,1,0,0,0,16060000
Hyderabad,Manikonda,500009,Apartment,433,370,1,1,1,0,29,35,1,1,Fully Furnished,New,17.408895,78.406924,7,1,1,0,0,1,1,0,1,1,0,0,1,4400000
Hyderabad,Jubilee Hills,500033,Apartment,1257,1011,3,3,3,3,31,35,3,1,Fully Furnished,Good,17.432697,78.403272,6,0,0,1,0,1,0,1,0,1,1,1,0,24720000
Delhi NCR,Vasant Kunj (Delhi),110008,Apartment,961,843,2,2,3,3,7,22,1,1,Fully Furnished,New,28.511502,77.159789,5,1,1,0,0,0,0,0,1,0,1,0,1,22500000
Delhi NCR,Vasant Kunj (Delhi),110042,Apartment,2685,2270,4,4,3,2,28,28,0,1,Fully Furnished,New,28.513734,77.153424,8,1,1,0,0,0,1,1,1,1,0,1,1,75870000
Hyderabad,Kondapur,500042,Plot,3858,3858,0,0,0,0,0,0,0,0,Unfurnished,Average,17.460053,78.35962,1,0,0,0,0,0,0,0,0,0,0,1,0,28160000
Hyderabad,HITEC City,500031,Apartment,994,804,3,3,2,1,2,22,2,0,Semi-Furnished,New,17.444977,78.379279,8,0,1,1,0,0,1,0,1,1,1,1,1,12830000
Chennai,OMR (Thoraipakkam),600033,Apartment,1632,1410,4,4,4,3,15,18,0,1,Semi-Furnished,New,12.932436,80.241176,7,1,1,0,1,0,0,1,1,1,0,1,0,15190000
Delhi NCR,Sector 150 (Noida),110036,Independent House,992,792,2,2,2,2,0,3,1,2,Semi-Furnished,New,28.457772,77.47256,7,1,1,0,1,0,1,0,1,0,1,0,1,12660000
Delhi NCR,Greater Noida West,110045,Apartment,2210,1888,4,4,4,2,19,35,1,0,Fully Furnished,New,28.584285,77.449926,4,0,0,1,0,0,0,1,0,1,0,1,0,16730000
Mumbai,Thane West,400031,Independent House,1649,1290,4,4,3,2,0,2,12,1,Fully Furnished,Good,19.223552,72.970303,5,1,0,0,0,0,1,0,1,0,1,0,1,27810000
Pune,Kalyani Nagar,411031,Apartment,1691,1401,3,3,3,3,7,7,2,2,Unfurnished,New,18.539735,73.911007,6,1,0,0,1,0,0,0,1,1,1,1,0,24250000
Nagpur,Civil Lines,440003,Apartment,1607,1412,3,3,2,1,8,22,8,1,Fully Furnished,Good,21.170174,79.067037,6,1,1,1,0,0,0,1,0,0,0,1,1,15100000
Mumbai,Powai,400032,Independent House,797,642,2,2,2,1,0,1,0,1,Unfurnished,New,19.111074,72.905383,5,1,1,0,0,1,0,0,0,0,1,0,1,22160000
Delhi NCR,Dwarka (Delhi),110029,Independent House,997,809,2,2,3,1,0,1,0,0,Semi-Furnished,New,28.598717,77.046104,5,1,1,0,1,0,1,0,1,0,0,0,0,16830000
Pune,Wakad,411044,Apartment,1333,1096,3,3,4,3,3,7,5,1,Unfurnished,Average,18.620461,73.773805,9,1,1,1,1,0,0,0,1,1,1,1,1,10090000
Chennai,T Nagar,600044,Villa,1130,921,3,3,3,0,0,2,3,1,Semi-Furnished,Good,13.04566,80.232312,3,1,0,1,0,0,0,0,0,0,0,0,1,24660000
Delhi NCR,Sector 150 (Noida),110041,Apartment,1030,822,2,2,2,2,1,22,0,1,Unfurnished,Good,28.454417,77.471226,5,0,1,1,0,0,1,0,1,0,0,0,1,9010000
Nagpur,Dharampeth,440002,Apartment,1287,1039,3,3,4,0,27,35,5,0,Semi-Furnished,Good,21.151251,79.062413,11,1,1,1,1,1,0,1,1,1,1,1,1,12130000
Bengaluru,Sarjapur Road,560029,Apartment,979,802,2,2,2,0,3,22,5,1,Semi-Furnished,New,12.913383,77.677929,9,1,1,1,0,1,1,0,1,0,1,1,1,9390000
Delhi NCR,Sector 62 (Noida),110042,Apartment,959,769,2,2,1,3,11,18,8,0,Semi-Furnished,Good,28.617856,77.364862,10,1,1,1,0,0,1,1,1,1,1,1,1,8430000
Bengaluru,JP Nagar,560004,Independent House,1135,935,2,2,2,2,0,1,2,1,Semi-Furnished,New,12.91473,77.574679,6,1,1,0,1,0,1,0,0,1,0,1,0,14010000
Pune,Magarpatta,411042,Apartment,1038,856,2,2,3,0,1,10,8,2,Fully Furnished,New,18.51991,73.93132,6,1,1,1,0,0,0,0,0,1,0,1,1,13660000
Hyderabad,HITEC City,500035,Apartment,1543,1254,3,3,4,2,5,18,3,0,Semi-Furnished,Needs Renovation,17.452585,78.384832,7,1,1,1,0,1,1,0,0,1,0,1,0,15230000
Nagpur,Khamla,440041,Apartment,547,478,1,1,1,2,6,14,2,1,Unfurnished,New,21.121072,79.051817,6,0,1,1,0,0,1,0,0,1,1,1,0,3850000
Delhi NCR,Sohna Road (Gurugram),110014,Independent House,529,444,1,1,1,2,0,2,5,2,Unfurnished,Good,28.395655,77.060517,2,0,0,0,1,0,0,0,0,0,0,0,1,4750000
Delhi NCR,Sohna Road (Gurugram),110026,Villa,651,568,1,1,2,2,0,3,5,1,Unfurnished,New,28.382098,77.038225,5,1,0,0,0,1,0,0,0,0,1,1,1,8130000
Kolkata,Ballygunge,700017,Apartment,960,752,2,2,1,2,3,10,12,1,Fully Furnished,Average,22.519378,88.359278,9,1,1,0,1,1,1,0,1,1,0,1,1,12830000
Pune,Magarpatta,411025,Apartment,503,428,1,1,2,0,2,4,1,0,Semi-Furnished,New,18.517532,73.927565,7,1,1,1,0,0,0,0,1,1,0,1,1,5470000
Mumbai,Bandra West,400034,Apartment,803,629,1,1,1,1,5,22,3,2,Unfurnished,Average,19.064671,72.813299,8,1,1,1,0,1,0,0,1,1,1,1,0,33670000
Pune,Kalyani Nagar,411013,Apartment,510,441,1,1,1,2,2,22,1,0,Semi-Furnished,Good,18.553119,73.89696,6,1,0,1,0,0,1,0,1,1,0,1,0,7040000
Bengaluru,Bellandur,560045,Apartment,1036,825,2,2,2,2,28,35,2,1,Semi-Furnished,Good,12.932926,77.666598,8,1,1,1,0,1,0,0,1,1,1,1,0,11610000
Delhi NCR,Golf Course Road (Gurugram),110030,Apartment,868,679,2,2,2,2,19,28,0,1,Semi-Furnished,New,28.454273,77.108524,8,1,1,1,0,1,0,1,1,1,0,1,0,20790000
Mumbai,Goregaon West,400034,Apartment,1623,1404,4,4,5,2,2,7,2,2,Semi-Furnished,New,19.171943,72.857677,7,1,1,1,1,1,0,0,0,1,0,1,0,38160000
Mumbai,Borivali West,400024,Independent House,690,576,2,2,3,1,0,2,2,2,Semi-Furnished,New,19.226826,72.866835,3,1,1,0,0,0,0,0,1,0,0,0,0,15160000
Mumbai,Kandivali East,400039,Apartment,1025,852,2,2,2,3,1,4,1,1,Fully Furnished,New,19.212397,72.861285,9,0,1,1,1,1,0,1,1,1,1,1,0,20730000
Mumbai,Goregaon West,400030,Independent House,583,457,3,3,2,1,0,1,3,1,Semi-Furnished,Average,19.156405,72.838679,5,1,0,0,0,1,0,0,0,0,1,1,1,12330000
Pune,Aundh,411012,Apartment,1811,1436,3,3,3,2,13,22,2,1,Semi-Furnished,New,18.551159,73.80518,10,1,1,1,1,1,0,1,0,1,1,1,1,26660000
Bengaluru,Yelahanka,560038,Apartment,2644,2195,4,4,5,1,4,7,18,1,Semi-Furnished,Good,13.089213,77.605605,8,1,0,1,1,1,0,1,0,1,0,1,1,16940000
Bengaluru,Bellandur,560041,Apartment,477,378,1,1,2,0,4,18,0,1,Fully Furnished,New,12.929697,77.677792,8,1,1,1,0,1,1,0,0,1,1,0,1,5770000
Pune,Hadapsar,411034,Plot,3828,3828,0,0,0,0,0,0,2,0,Unfurnished,Average,18.509458,73.922817,1,0,0,0,0,0,0,0,0,0,0,1,0,23710000
Bengaluru,JP Nagar,560045,Apartment,1566,1312,3,3,3,2,4,7,8,1,Semi-Furnished,New,12.918988,77.575797,6,1,0,1,0,0,0,0,1,1,0,1,1,17630000
Mumbai,Goregaon West,400036,Villa,376,309,1,1,1,3,0,2,2,1,Semi-Furnished,New,19.163386,72.845407,3,1,0,0,0,0,0,0,1,1,0,0,0,11000000
Pune,Viman Nagar,411011,Apartment,843,736,2,2,2,2,8,18,25,2,Semi-Furnished,Average,18.566235,73.910356,7,1,1,1,0,0,1,0,1,0,1,1,0,6960000
Mumbai,Juhu,400002,Villa,668,553,1,1,2,2,0,3,1,1,Fully Furnished,New,19.110356,72.820757,4,1,0,0,1,0,0,0,1,0,0,1,0,43980000
Kolkata,New Town (Action Area 1),700020,Apartment,2216,1942,4,4,5,3,13,14,1,1,Fully Furnished,New,22.601503,88.477037,7,1,1,1,0,0,1,0,1,0,0,1,1,19820000
Delhi NCR,Golf Course Road (Gurugram),110027,Apartment,1258,1047,3,3,3,2,35,35,12,0,Semi-Furnished,Good,28.465478,77.099283,8,0,1,1,0,0,1,1,1,1,1,1,0,24290000
Delhi NCR,Rohini (Delhi),110021,Apartment,970,787,2,2,1,2,8,10,1,1,Unfurnished,Good,28.720221,77.105267,8,0,1,1,1,0,0,1,1,1,1,1,0,10130000
Hyderabad,Kondapur,500037,Apartment,915,782,2,2,2,3,8,10,3,1,Semi-Furnished,Good,17.468159,78.36659,10,1,1,1,1,0,0,1,1,1,1,1,1,9260000
Chennai,Velachery,600029,Apartment,1089,923,2,2,2,0,8,35,5,1,Fully Furnished,Good,12.991944,80.218168,8,1,1,1,0,0,0,0,1,1,1,1,1,11500000
Pune,Baner,411036,Apartment,547,449,1,1,1,3,3,4,5,2,Fully Furnished,Good,18.561593,73.785759,7,1,0,1,0,0,1,0,1,1,0,1,1,6400000
Pune,Hinjewadi,411040,Independent House,1051,868,2,2,1,1,0,2,5,1,Semi-Furnished,Good,18.584754,73.755639,7,1,1,1,0,0,1,0,1,0,0,1,1,9150000
Nagpur,Trimurti Nagar,440005,Apartment,1641,1318,4,4,4,1,15,28,1,2,Unfurnished,New,21.127265,79.045333,9,1,1,1,1,0,0,1,1,1,0,1,1,12630000
Bengaluru,JP Nagar,560028,Villa,2337,1833,4,4,5,0,0,2,1,1,Semi-Furnished,New,12.906202,77.578522,9,1,0,1,1,0,1,1,0,1,1,1,1,36010000
Bengaluru,Whitefield,560009,Apartment,834,658,2,2,2,1,24,35,5,1,Semi-Furnished,Good,12.977601,77.748824,4,1,0,1,0,0,0,0,0,1,0,1,0,7780000
Hyderabad,Miyapur,500011,Villa,1319,1101,3,3,3,3,0,1,8,1,Semi-Furnished,Good,17.500103,78.35689,6,1,0,0,1,0,1,0,0,1,1,0,1,10490000
Nagpur,Pratap Nagar,440036,Villa,1461,1168,3,3,4,2,0,1,1,1,Unfurnished,New,21.12296,79.044944,5,0,1,0,0,0,0,0,1,1,1,0,1,13950000
Kolkata,Salt Lake (Sector V),700020,Apartment,1458,1157,3,3,2,1,4,4,3,0,Unfurnished,Good,22.568415,88.41874,8,1,1,1,0,0,0,1,1,1,1,1,0,11970000
Nagpur,Khamla,440026,Independent House,2019,1604,4,4,3,1,0,3,0,1,Fully Furnished,New,21.117487,79.069803,4,1,1,0,0,0,1,0,0,0,0,0,1,19220000
Pune,Aundh,411022,Apartment,563,475,1,1,1,1,28,35,1,3,Fully Furnished,Good,18.562448,73.80068,6,0,1,0,0,0,1,0,1,1,0,1,1,8820000
Nagpur,Civil Lines,440040,Apartment,1327,1109,3,3,4,1,6,18,3,2,Semi-Furnished,Good,21.157582,79.062382,9,1,1,1,0,1,0,1,1,1,1,1,0,13540000
Pune,Kharadi,411030,Apartment,1212,1012,2,2,3,3,6,14,2,1,Semi-Furnished,New,18.55073,73.938314,9,0,1,1,1,1,1,0,1,1,1,1,0,13540000
Pune,Viman Nagar,411033,Apartment,538,421,1,1,2,3,4,28,2,0,Semi-Furnished,New,18.569693,73.914401,9,1,1,1,1,0,0,0,1,1,1,1,1,6870000
Mumbai,Andheri East,400040,Apartment,817,714,2,2,3,1,9,22,5,1,Semi-Furnished,Good,19.113796,72.873684,7,1,1,1,0,0,0,0,1,1,0,1,1,17810000
Chennai,Velachery,600006,Apartment,1114,976,2,2,3,2,16,18,8,1,Semi-Furnished,Average,12.998725,80.211861,7,1,0,1,0,1,0,1,1,0,1,1,0,10070000
Delhi NCR,Dwarka (Delhi),110044,Apartment,981,835,2,2,2,2,5,18,8,0,Fully Furnished,Good,28.609618,77.039534,4,1,1,0,0,0,0,0,0,1,0,1,0,11770000
Hyderabad,Jubilee Hills,500011,Apartment,517,403,1,1,2,2,4,28,1,1,Semi-Furnished,New,17.414909,78.403094,7,1,1,1,0,0,0,0,1,1,1,0,1,9990000
Pune,Kharadi,411027,Apartment,975,803,2,2,3,2,7,35,5,1,Semi-Furnished,Average,18.554334,73.950109,8,1,1,1,0,1,0,1,1,1,0,0,1,9310000
Bengaluru,Whitefield,560041,Apartment,851,714,2,2,1,0,8,14,2,1,Unfurnished,Good,12.962613,77.753935,6,0,1,1,0,1,1,0,1,0,0,1,0,7310000
Pune,Baner,411022,Apartment,1861,1476,3,3,3,2,6,7,0,1,Unfurnished,New,18.568436,73.783047,8,1,1,1,1,1,0,0,1,0,0,1,1,19700000
Delhi NCR,Indirapuram (Ghaziabad),110033,Apartment,1181,1017,2,2,1,3,4,10,18,1,Semi-Furnished,Average,28.639084,77.384903,10,1,1,1,1,1,0,1,1,1,1,1,0,6460000
Bengaluru,Koramangala,560041,Apartment,847,706,2,2,2,0,4,4,25,0,Fully Furnished,Average,12.935242,77.624876,6,1,0,1,0,0,1,0,0,1,0,1,1,9240000
Bengaluru,Whitefield,560017,Apartment,1556,1257,3,3,3,1,18,22,3,1,Semi-Furnished,Good,12.961259,77.748861,3,1,0,0,0,1,0,0,0,0,0,1,0,14930000
Mumbai,Powai,400031,Independent House,1529,1280,3,3,4,3,0,1,1,1,Semi-Furnished,New,19.123293,72.897003,5,0,1,0,1,0,1,0,1,1,0,0,0,40810000
Bengaluru,Bellandur,560029,Independent House,1721,1484,3,3,4,2,0,2,2,1,Semi-Furnished,New,12.928659,77.670212,5,1,0,0,0,0,1,0,0,1,0,1,1,22910000
Mumbai,Andheri East,400023,Villa,969,790,2,2,2,1,0,3,0,1,Semi-Furnished,New,19.123034,72.87024,6,1,0,0,0,1,1,1,1,0,0,0,1,31360000
Delhi NCR,Dwarka (Delhi),110028,Independent House,1250,1066,2,2,2,3,0,1,0,1,Fully Furnished,New,28.590108,77.053773,5,0,0,1,0,1,0,1,1,0,0,0,1,22100000
Bengaluru,Hebbal,560027,Independent House,722,605,1,1,1,2,0,1,2,2,Semi-Furnished,New,13.028081,77.602488,3,1,1,0,0,0,0,0,0,0,1,0,0,9800000
Mumbai,Bandra West,400018,Independent House,956,756,3,3,3,3,0,2,2,1,Semi-Furnished,Average,19.050134,72.813186,4,0,0,1,0,0,1,0,0,0,0,1,1,46510000
Mumbai,Bandra West,400017,Villa,1072,881,2,2,2,0,0,2,2,1,Semi-Furnished,New,19.071619,72.830093,6,1,1,0,0,1,1,0,0,0,0,1,1,75320000
Nagpur,Dharampeth,440029,Villa,435,371,1,1,1,2,0,3,5,0,Semi-Furnished,Good,21.130773,79.060256,5,1,0,0,0,0,1,1,0,1,0,0,1,5080000
Mumbai,Andheri West,400004,Apartment,3181,2595,5,5,4,3,33,35,2,1,Semi-Furnished,New,19.11976,72.826987,10,1,1,1,1,1,1,0,1,1,1,1,0,95300000
Bengaluru,Sarjapur Road,560041,Apartment,1064,869,2,2,2,2,5,7,3,2,Unfurnished,Average,12.913233,77.677481,7,0,0,1,0,1,0,0,1,1,1,1,1,8420000
Mumbai,Powai,400019,Apartment,768,599,2,2,2,0,3,14,2,1,Semi-Furnished,Good,19.117099,72.913641,6,0,0,1,0,0,0,1,1,1,1,1,0,17090000
Nagpur,Civil Lines,440014,Villa,1036,816,2,2,2,3,0,3,0,0,Fully Furnished,New,21.150758,79.062657,8,1,0,0,1,1,1,0,1,0,1,1,1,15590000
Mumbai,Goregaon West,400005,Apartment,471,373,1,1,2,3,14,22,2,2,Semi-Furnished,New,19.160171,72.831117,5,0,1,1,0,0,0,1,0,1,0,0,1,11980000
Hyderabad,Kondapur,500006,Independent House,956,817,2,2,3,3,0,3,1,1,Fully Furnished,New,17.464302,78.359512,6,1,0,0,1,0,1,0,1,0,1,0,1,11840000
Mumbai,Navi Mumbai - Vashi,400037,Independent House,556,486,1,1,1,1,0,1,0,2,Semi-Furnished,Good,19.082013,73.00466,5,1,1,0,0,0,1,0,1,0,0,0,1,10120000
Bengaluru,Koramangala,560032,Apartment,851,748,2,2,2,0,11,14,3,0,Semi-Furnished,Good,12.933,77.606085,8,1,1,1,0,0,1,1,1,1,0,1,0,12560000
Bengaluru,JP Nagar,560036,Plot,1453,1453,0,0,0,0,0,0,0,0,Unfurnished,Average,12.917235,77.59886,0,0,0,0,0,0,0,0,0,0,0,0,0,11090000
Delhi NCR,Golf Course Road (Gurugram),110016,Independent House,2317,1848,4,4,5,2,0,1,3,2,Semi-Furnished,Average,28.46199,77.119031,4,1,0,0,0,0,1,0,0,0,1,0,1,50860000
Bengaluru,Indiranagar,560029,Apartment,566,493,1,1,1,2,6,22,8,1,Unfurnished,Good,12.970756,77.627948,8,0,1,1,0,0,1,0,1,1,1,1,1,8350000
Delhi NCR,Vasant Kunj (Delhi),110006,Apartment,820,664,2,2,2,2,7,10,5,0,Semi-Furnished,Average,28.508622,77.150827,4,0,1,0,0,1,0,0,0,1,0,0,1,14540000
Mumbai,Powai,400045,Apartment,2737,2207,4,4,3,2,1,35,1,0,Semi-Furnished,New,19.124653,72.905936,8,1,1,1,0,0,1,1,1,1,1,0,0,73420000
Mumbai,Navi Mumbai - Vashi,400015,Apartment,1419,1241,3,3,3,1,9,22,0,1,Semi-Furnished,Good,19.07021,73.010785,7,1,0,1,0,0,1,1,0,1,0,1,1,23900000
Kolkata,Alipore,700027,Independent House,1138,914,3,3,3,2,0,2,0,1,Fully Furnished,New,22.529477,88.322995,8,1,0,1,0,0,1,1,1,1,1,0,1,27170000
Bengaluru,Electronic City,560036,Apartment,1633,1304,3,3,3,2,12,28,0,1,Semi-Furnished,Good,12.855175,77.665811,8,1,1,1,1,0,0,1,0,1,1,1,0,12530000
Hyderabad,Miyapur,500042,Apartment,838,713,2,2,2,1,28,28,3,2,Fully Furnished,Good,17.492903,78.356661,7,1,1,1,1,0,0,0,1,1,0,1,0,6460000
Mumbai,Goregaon West,400020,Apartment,2118,1736,4,4,3,1,18,28,1,1,Semi-Furnished,Good,19.157952,72.842864,7,0,1,1,1,1,1,0,0,0,0,1,1,48080000
Delhi NCR,Greater Noida West,110046,Villa,909,752,2,2,3,0,0,3,0,1,Semi-Furnished,New,28.582739,77.430386,8,1,1,0,0,1,1,1,1,1,0,1,0,8700000
Hyderabad,Banjara Hills,500014,Apartment,3488,2931,5,5,6,2,14,18,0,1,Fully Furnished,New,17.40778,78.436495,9,1,1,1,1,0,1,0,1,1,0,1,1,79320000
Delhi NCR,Sector 62 (Noida),110012,Apartment,405,349,1,1,1,2,12,18,3,1,Unfurnished,New,28.631347,77.356699,8,1,1,1,0,0,1,1,0,1,0,1,1,3840000
Delhi NCR,Sector 62 (Noida),110018,Independent House,1207,990,3,3,3,2,0,3,0,2,Semi-Furnished,New,28.612561,77.34898,5,0,0,0,1,1,0,0,0,0,1,1,1,13240000
Mumbai,Juhu,400017,Apartment,1465,1217,3,3,4,0,1,7,5,2,Semi-Furnished,Good,19.100265,72.831409,8,1,1,1,1,0,0,0,1,1,0,1,1,55650000
Delhi NCR,Indirapuram (Ghaziabad),110013,Apartment,938,755,2,2,2,1,19,35,2,1,Unfurnished,Good,28.630312,77.369785,7,1,1,1,1,0,0,0,1,1,0,1,0,7140000
Mumbai,Navi Mumbai - Vashi,400021,Apartment,802,654,2,2,2,2,2,7,5,1,Semi-Furnished,Good,19.074024,73.00665,4,1,1,0,0,0,0,0,1,0,0,0,1,11420000
Pune,Hinjewadi,411027,Apartment,1092,886,2,2,3,0,10,35,5,2,Semi-Furnished,Good,18.582262,73.743138,9,1,1,1,1,0,1,0,1,1,1,1,0,9690000
Pune,Aundh,411029,Apartment,350,299,1,1,1,2,3,4,3,0,Unfurnished,Good,18.556225,73.813317,8,1,0,1,1,0,1,1,1,0,1,1,0,4130000
Delhi NCR,Sohna Road (Gurugram),110005,Apartment,2240,1751,4,4,4,2,7,10,1,3,Unfurnished,New,28.390168,77.042693,8,1,1,1,0,1,0,0,1,1,1,1,0,21920000
Hyderabad,Kukatpally,500035,Apartment,1149,976,2,2,2,3,4,10,3,1,Semi-Furnished,Good,17.496835,78.402301,10,1,1,1,0,1,0,1,1,1,1,1,1,9260000
Kolkata,Ballygunge,700018,Independent House,866,754,2,2,1,0,0,2,5,1,Unfurnished,New,22.52454,88.368156,4,1,1,0,0,0,0,1,1,0,0,0,0,13220000
Bengaluru,Koramangala,560019,Independent House,2209,1792,4,4,4,2,0,3,5,0,Semi-Furnished,New,12.951803,77.631469,3,0,0,1,0,0,0,0,1,0,1,0,0,38020000
Delhi NCR,Vasant Kunj (Delhi),110009,Independent House,1702,1446,3,3,3,1,0,1,0,2,Unfurnished,New,28.516735,77.139695,6,1,0,0,1,0,1,1,1,0,0,1,0,40720000
Delhi NCR,Vasant Kunj (Delhi),110033,Apartment,630,546,2,2,2,1,11,14,3,1,Semi-Furnished,Good,28.517188,77.156147,8,1,1,1,0,1,0,0,1,1,0,1,1,14900000
Delhi NCR,Cyber City (Gurugram),110040,Independent House,1005,834,2,2,2,2,0,1,3,1,Fully Furnished,New,28.493247,77.096135,4,1,0,1,0,0,0,0,1,0,1,0,0,19970000
Kolkata,Garia,700008,Apartment,990,853,2,2,2,3,12,22,8,2,Semi-Furnished,Average,22.470167,88.378171,9,1,1,1,0,1,0,1,1,1,0,1,1,5760000
Nagpur,Ramdaspeth,440035,Apartment,1485,1186,3,3,4,1,7,18,12,1,Semi-Furnished,Average,21.131878,79.080462,7,1,1,1,0,0,0,0,1,1,0,1,1,13750000
Hyderabad,Manikonda,500040,Villa,1445,1227,3,3,4,0,0,1,0,2,Unfurnished,New,17.406186,78.385725,7,1,1,0,0,0,0,1,1,1,1,0,1,15830000
Hyderabad,Manikonda,500036,Apartment,1609,1288,3,3,3,0,4,14,5,1,Fully Furnished,Good,17.397351,78.389973,6,1,0,1,1,0,0,0,1,1,0,1,0,13500000
Mumbai,Thane West,400043,Independent House,1520,1193,3,3,2,3,0,1,0,1,Semi-Furnished,Average,19.220969,72.9864,6,1,1,1,0,1,0,0,1,0,0,0,1,24690000
Bengaluru,HSR Layout,560014,Apartment,1331,1093,3,3,3,1,13,28,8,1,Fully Furnished,New,12.90427,77.641046,8,1,1,0,0,1,1,0,1,1,0,1,1,18890000
Mumbai,Andheri East,400009,Plot,1105,1105,0,0,0,0,0,0,1,0,Unfurnished,Average,19.119656,72.862323,2,0,0,1,0,0,0,0,0,0,0,1,0,17640000
Pune,Hadapsar,411034,Apartment,1181,960,2,2,2,0,1,18,5,1,Unfurnished,Good,18.512207,73.940914,6,1,0,1,0,0,0,0,0,1,1,1,1,8700000
Mumbai,Kandivali East,400009,Apartment,450,367,1,1,1,2,11,22,1,2,Semi-Furnished,Average,19.19197,72.880668,3,0,0,1,0,0,0,0,1,0,0,1,0,7680000
Pune,Kalyani Nagar,411046,Independent House,574,473,1,1,1,0,0,3,0,2,Unfurnished,New,18.54854,73.894296,5,0,1,0,0,1,1,0,0,0,1,1,0,10600000
Delhi NCR,Dwarka (Delhi),110004,Apartment,2148,1683,4,4,4,1,22,35,0,1,Semi-Furnished,New,28.592975,77.051806,8,0,0,1,1,1,1,1,1,1,0,1,0,33270000
Hyderabad,HITEC City,500002,Apartment,988,846,2,2,2,2,3,7,2,1,Semi-Furnished,New,17.437176,78.380972,7,1,1,1,0,0,0,1,1,0,0,1,1,13400000
Bengaluru,Yelahanka,560043,Apartment,720,576,1,1,2,0,3,7,5,1,Unfurnished,Average,13.113445,77.59221,6,0,1,1,0,1,1,0,1,1,0,0,0,4590000
Bengaluru,Electronic City,560043,Apartment,928,756,2,2,2,0,22,35,5,1,Semi-Furnished,New,12.840346,77.685754,6,1,1,1,0,0,1,0,0,0,1,1,0,6530000
Pune,Kharadi,411039,Apartment,1785,1530,3,3,4,3,23,35,2,0,Semi-Furnished,New,18.550336,73.931685,5,1,1,0,1,0,0,0,0,1,0,1,0,18660000
Mumbai,Bandra West,400044,Apartment,982,787,3,3,4,2,13,22,8,1,Semi-Furnished,Good,19.066185,72.830087,7,1,1,1,0,0,0,0,1,1,1,1,0,41780000
Delhi NCR,Sohna Road (Gurugram),110039,Independent House,728,623,2,2,2,1,0,1,1,1,Unfurnished,New,28.392314,77.055352,5,1,0,1,0,0,1,0,1,0,0,1,0,7860000
Bengaluru,Whitefield,560044,Apartment,692,607,2,2,1,0,13,18,1,1,Fully Furnished,New,12.967834,77.747818,6,0,0,1,0,0,1,0,1,1,1,1,0,6950000
Mumbai,Powai,400044,Independent House,940,788,2,2,3,3,0,1,3,1,Unfurnished,Good,19.115753,72.91157,5,1,1,0,0,1,1,0,1,0,0,0,0,25380000
Delhi NCR,Cyber City (Gurugram),110028,Apartment,1683,1452,3,3,4,3,4,10,3,2,Fully Furnished,Good,28.492849,77.080648,9,1,1,1,1,1,0,1,1,1,1,0,0,35710000
Delhi NCR,Indirapuram (Ghaziabad),110046,Apartment,960,795,2,2,1,0,1,7,0,1,Fully Furnished,Good,28.640111,77.374807,7,0,1,1,0,1,0,1,0,1,1,1,0,8050000
Bengaluru,Sarjapur Road,560019,Apartment,925,759,2,2,2,1,18,18,0,1,Semi-Furnished,New,12.905711,77.680625,9,1,1,1,0,0,1,1,1,1,0,1,1,9910000
Kolkata,Alipore,700045,Independent House,857,716,2,2,3,2,0,2,2,3,Semi-Furnished,Good,22.525297,88.330851,5,1,1,0,1,1,0,0,1,0,0,0,0,18110000
Hyderabad,Jubilee Hills,500035,Apartment,1779,1403,3,3,2,2,28,35,1,1,Semi-Furnished,Good,17.410692,78.416032,7,0,1,1,1,0,1,0,1,1,1,0,0,38120000
Mumbai,Bandra West,400024,Independent House,595,504,2,2,2,0,0,1,2,1,Fully Furnished,New,19.056858,72.826528,4,1,1,0,0,1,1,0,0,0,0,0,0,33680000
Kolkata,Ballygunge,700045,Apartment,1805,1439,4,4,5,3,3,4,3,1,Semi-Furnished,Good,22.519115,88.379018,10,1,1,1,1,0,1,1,1,1,1,1,0,27170000
Bengaluru,JP Nagar,560038,Villa,1167,984,2,2,2,1,0,2,25,1,Unfurnished,Good,12.912073,77.576668,5,0,0,1,0,1,1,0,0,1,0,0,1,10920000
Mumbai,Borivali West,400019,Apartment,1033,826,2,2,2,2,4,14,1,1,Unfurnished,New,19.220923,72.862404,6,0,1,1,0,0,0,1,1,1,1,0,0,19500000
Bengaluru,Yelahanka,560019,Apartment,885,773,2,2,2,1,16,28,0,1,Fully Furnished,Good,13.106388,77.599854,8,1,1,1,0,1,0,0,1,1,0,1,1,8090000
Bengaluru,JP Nagar,560028,Apartment,1148,981,2,2,3,2,23,28,2,1,Semi-Furnished,New,12.897651,77.590627,6,0,1,1,0,0,0,0,1,1,0,1,1,14070000
Bengaluru,Yelahanka,560040,Apartment,897,776,2,2,3,2,18,18,0,0,Unfurnished,New,13.103309,77.586291,8,1,1,1,0,1,1,0,0,1,1,1,0,7970000
Mumbai,Goregaon West,400043,Apartment,1353,1124,3,3,3,2,22,22,8,1,Unfurnished,Good,19.160418,72.849092,6,1,0,0,0,0,1,0,1,0,1,1,1,25820000
Mumbai,Juhu,400041,Apartment,709,564,2,2,3,2,27,35,8,0,Unfurnished,Good,19.095047,72.831148,7,1,1,1,0,1,0,0,1,1,0,0,1,26800000
Mumbai,Thane West,400029,Apartment,1250,1040,2,2,2,3,3,10,0,0,Semi-Furnished,Good,19.201645,72.991672,6,0,1,0,0,0,1,0,1,1,1,1,0,19230000
Bengaluru,Yelahanka,560025,Apartment,933,761,2,2,2,1,20,35,1,1,Unfurnished,Good,13.096341,77.599493,8,0,1,1,1,0,0,0,1,1,1,1,1,7590000
Mumbai,Kandivali East,400033,Apartment,1138,896,2,2,3,3,5,14,3,1,Semi-Furnished,Good,19.207114,72.869902,10,1,1,1,0,1,1,1,1,1,1,1,0,20000000
Mumbai,Bandra West,400006,Apartment,2078,1676,4,4,3,2,3,7,5,1,Unfurnished,Good,19.062062,72.815819,7,1,1,1,0,0,1,0,1,1,0,1,0,82890000
Bengaluru,Whitefield,560009,Apartment,1587,1351,3,3,4,1,7,7,2,3,Unfurnished,Average,12.971167,77.748528,7,1,1,1,0,1,1,0,0,1,0,1,0,13750000
Mumbai,Juhu,400042,Apartment,2231,1837,4,4,4,1,11,14,0,2,Semi-Furnished,New,19.103182,72.820074,6,1,0,1,0,0,1,0,1,1,0,1,0,105680000
Nagpur,Besha,440022,Apartment,1153,935,3,3,2,2,15,35,3,1,Semi-Furnished,Average,21.077266,79.077379,9,1,1,1,0,1,1,0,1,1,1,1,0,6210000
Hyderabad,Kondapur,500033,Villa,1519,1208,3,3,3,1,0,3,1,1,Semi-Furnished,New,17.471948,78.365662,7,1,1,1,1,0,0,1,1,0,0,1,0,21710000
Hyderabad,Jubilee Hills,500015,Apartment,1123,949,2,2,2,1,5,7,0,2,Unfurnished,New,17.417173,78.397063,9,1,1,1,0,0,1,0,1,1,1,1,1,21330000
Hyderabad,HITEC City,500037,Apartment,1406,1148,3,3,3,0,27,28,5,2,Semi-Furnished,New,17.447641,78.371394,9,1,1,0,0,1,0,1,1,1,1,1,1,19030000
Pune,Baner,411015,Independent House,1209,963,3,3,4,3,0,1,0,1,Semi-Furnished,New,18.554108,73.775547,2,0,0,1,0,0,1,0,0,0,0,0,0,15230000
Pune,Kalyani Nagar,411008,Villa,718,560,2,2,3,3,0,2,0,1,Unfurnished,New,18.538493,73.911729,2,0,1,0,1,0,0,0,0,0,0,0,0,12430000
Nagpur,Besha,440023,Apartment,1400,1104,2,2,2,2,10,18,2,2,Semi-Furnished,Good,21.077947,79.092479,6,0,1,1,0,0,0,0,1,1,0,1,1,7240000
Pune,Hadapsar,411032,Apartment,1576,1237,3,3,3,0,4,4,3,1,Semi-Furnished,Good,18.504295,73.926876,7,1,1,1,0,0,0,0,1,1,0,1,1,14660000
Bengaluru,Indiranagar,560014,Apartment,933,792,2,2,3,0,25,28,5,1,Unfurnished,Good,12.987594,77.635175,9,1,1,0,0,1,1,0,1,1,1,1,1,15270000
Pune,Magarpatta,411023,Apartment,1846,1521,3,3,3,2,10,35,12,1,Semi-Furnished,Good,18.510784,73.9417,9,1,1,1,1,0,1,0,1,1,0,1,1,18690000
Mumbai,Kandivali East,400008,Apartment,1258,1068,3,3,3,0,10,35,5,1,Fully Furnished,Good,19.211259,72.87648,8,1,1,1,0,1,1,0,1,1,0,0,1,24220000
Nagpur,Khamla,440005,Apartment,681,537,2,2,1,2,35,35,0,2,Semi-Furnished,Good,21.109183,79.05602,6,1,0,1,0,0,1,0,1,1,0,0,1,5400000
Bengaluru,Sarjapur Road,560039,Villa,1556,1248,3,3,2,0,0,2,1,1,Unfurnished,Good,12.911722,77.674317,4,1,0,0,0,0,0,0,1,0,1,1,0,17670000
Bengaluru,HSR Layout,560019,Villa,1054,891,2,2,2,3,0,1,3,1,Unfurnished,Good,12.916578,77.653246,6,1,1,0,1,1,1,0,0,1,0,0,0,16860000
Mumbai,Borivali West,400028,Apartment,1028,825,2,2,2,0,10,14,5,1,Semi-Furnished,Good,19.230139,72.843412,9,1,1,1,0,0,1,1,1,1,0,1,1,20200000
Mumbai,Borivali West,400004,Independent House,601,510,1,1,2,0,0,2,8,2,Semi-Furnished,Average,19.232873,72.846486,5,1,0,0,0,0,0,0,1,0,1,1,1,10880000
Delhi NCR,Sector 62 (Noida),110039,Apartment,1130,967,2,2,1,0,17,28,18,1,Semi-Furnished,Needs Renovation,28.626684,77.367452,8,0,1,1,1,0,0,0,1,1,1,1,1,7060000
Chennai,OMR (Thoraipakkam),600004,Apartment,955,829,2,2,1,2,13,35,0,1,Semi-Furnished,Good,12.950506,80.232872,6,1,1,1,0,0,1,0,1,0,0,1,0,8220000
Hyderabad,Madhapur,500015,Apartment,1283,1099,3,3,3,2,3,10,0,1,Semi-Furnished,Average,17.444824,78.389027,8,1,1,0,0,1,0,1,1,1,0,1,1,13770000
Bengaluru,Hebbal,560038,Apartment,868,748,2,2,1,2,18,18,1,1,Unfurnished,New,13.045846,77.589843,8,1,1,1,0,0,1,1,0,1,1,1,0,10060000
Delhi NCR,Sohna Road (Gurugram),110021,Plot,3869,3869,0,0,0,0,0,0,4,0,Unfurnished,Average,28.391482,77.053576,0,0,0,0,0,0,0,0,0,0,0,0,0,25620000
Pune,Hadapsar,411022,Independent House,1660,1317,3,3,2,2,0,2,5,1,Semi-Furnished,Good,18.497016,73.928036,4,1,0,1,0,0,0,0,1,0,0,1,0,15990000
Mumbai,Goregaon West,400042,Plot,2249,2249,0,0,0,0,0,0,1,0,Unfurnished,Average,19.165258,72.849224,1,0,0,0,0,0,0,0,0,0,0,1,0,34250000
Bengaluru,Whitefield,560002,Villa,1190,942,2,2,2,2,0,1,2,2,Semi-Furnished,New,12.988191,77.747097,7,1,0,1,0,0,1,0,1,1,1,1,0,15830000
Nagpur,Besha,440037,Apartment,1766,1524,3,3,2,2,6,14,12,1,Semi-Furnished,Good,21.086637,79.086817,6,1,1,1,0,0,1,0,0,1,0,1,0,7910000
Bengaluru,HSR Layout,560021,Apartment,901,778,2,2,2,1,5,10,1,1,Semi-Furnished,New,12.901344,77.637251,6,1,1,1,0,0,0,0,1,1,0,1,0,11580000
Mumbai,Juhu,400035,Apartment,818,679,2,2,1,2,4,7,8,2,Unfurnished,Good,19.107223,72.828174,7,1,0,1,0,0,1,0,1,0,1,1,1,32680000
Nagpur,Wardha Road,440037,Villa,1148,997,3,3,2,2,0,2,0,2,Semi-Furnished,New,21.087875,79.068288,7,0,0,1,1,1,0,0,1,1,1,1,0,9840000
Bengaluru,HSR Layout,560023,Apartment,1570,1251,3,3,3,2,8,18,1,2,Semi-Furnished,New,12.903118,77.647659,8,1,0,1,1,1,1,0,0,1,0,1,1,22050000
Delhi NCR,Rohini (Delhi),110031,Apartment,2286,1968,4,4,5,0,2,10,12,1,Semi-Furnished,Average,28.712313,77.129642,7,1,1,1,1,0,0,0,1,1,0,1,0,18630000
Bengaluru,Koramangala,560039,Apartment,859,721,2,2,3,2,12,18,0,0,Fully Furnished,Good,12.930215,77.620056,7,1,1,1,0,0,1,0,1,0,1,1,0,14680000
Pune,Hadapsar,411010,Apartment,1153,1006,2,2,2,2,6,7,3,1,Semi-Furnished,Good,18.520264,73.921334,9,1,1,1,0,1,1,0,0,1,1,1,1,9710000
Delhi NCR,Golf Course Road (Gurugram),110020,Independent House,1518,1243,3,3,4,0,0,2,3,1,Semi-Furnished,Good,28.455082,77.099463,5,1,0,1,0,0,0,0,1,1,0,0,1,34710000
Nagpur,Pratap Nagar,440009,Plot,803,803,0,0,0,0,0,0,5,0,Unfurnished,Average,21.108874,79.06138,2,0,0,1,0,0,0,0,0,0,0,1,0,4530000
Delhi NCR,Golf Course Road (Gurugram),110010,Apartment,1245,1018,3,3,4,2,13,28,3,1,Semi-Furnished,Good,28.456398,77.096687,8,1,0,1,1,0,0,1,1,1,0,1,1,26430000
Nagpur,Khamla,440039,Villa,2348,1938,4,4,5,0,0,1,2,2,Semi-Furnished,New,21.131082,79.056584,7,1,1,0,0,0,1,0,1,1,1,0,1,22310000
Bengaluru,Koramangala,560020,Apartment,1052,914,3,3,3,3,5,7,0,1,Semi-Furnished,Average,12.929353,77.624235,11,1,1,1,1,1,1,0,1,1,1,1,1,17680000
Mumbai,Bandra West,400013,Independent House,1269,997,3,3,3,0,0,2,2,1,Unfurnished,Average,19.06139,72.829369,7,0,0,1,1,0,0,1,1,1,0,1,1,64050000
Chennai,OMR (Thoraipakkam),600018,Apartment,1382,1102,2,2,2,2,8,14,3,0,Fully Furnished,Needs Renovation,12.938753,80.233084,8,1,1,1,0,0,1,0,1,1,0,1,1,10500000
Hyderabad,HITEC City,500043,Apartment,1066,856,2,2,3,2,35,35,5,1,Semi-Furnished,Good,17.458274,78.381871,7,1,1,1,0,0,0,0,1,1,1,1,0,12960000
Delhi NCR,Greater Noida West,110014,Apartment,1548,1327,3,3,3,0,15,28,5,1,Semi-Furnished,Good,28.59887,77.441564,10,1,1,1,1,0,0,1,1,1,1,1,1,10420000
Nagpur,Trimurti Nagar,440044,Apartment,2503,2192,4,4,4,0,6,7,0,1,Semi-Furnished,Good,21.127354,79.050057,9,1,1,1,1,1,1,0,1,1,0,1,0,18670000
Hyderabad,Madhapur,500006,Apartment,1357,1103,3,3,3,1,13,28,0,2,Semi-Furnished,New,17.449474,78.401152,9,1,0,1,1,1,1,0,1,1,0,1,1,16680000
Nagpur,Wardha Road,440032,Independent House,618,521,1,1,2,2,0,3,12,1,Semi-Furnished,Average,21.076853,79.07023,2,0,0,0,0,0,1,0,0,0,0,1,0,3530000
Mumbai,Kandivali East,400007,Villa,982,828,2,2,2,3,0,1,18,0,Semi-Furnished,Needs Renovation,19.206571,72.857821,5,1,0,0,0,1,1,0,1,0,0,0,1,15120000
Delhi NCR,Vasant Kunj (Delhi),110045,Independent House,1060,932,2,2,2,1,0,3,1,1,Semi-Furnished,New,28.537306,77.153538,5,1,0,0,0,1,1,0,1,0,1,0,0,27810000
Delhi NCR,Rohini (Delhi),110016,Apartment,1462,1235,3,3,2,1,8,10,2,2,Unfurnished,Good,28.72262,77.109238,10,1,1,1,1,0,1,1,1,1,1,1,0,15290000
Nagpur,Civil Lines,440041,Apartment,1553,1300,3,3,4,2,6,7,0,2,Semi-Furnished,Good,21.156493,79.065429,8,1,1,1,1,1,0,0,1,0,1,1,0,15970000
Pune,Hinjewadi,411021,Apartment,1133,963,2,2,1,1,2,10,3,1,Semi-Furnished,Average,18.583088,73.739964,10,1,1,1,1,0,1,1,1,1,0,1,1,8450000
Pune,Kothrud,411031,Apartment,1154,958,2,2,1,0,18,22,2,1,Unfurnished,New,18.495215,73.803229,8,1,1,1,0,0,1,0,1,1,1,1,0,15470000
Nagpur,Manish Nagar,440029,Villa,1217,963,2,2,1,3,0,3,12,1,Semi-Furnished,Good,21.090574,79.078958,6,1,0,1,0,0,1,0,0,1,1,0,1,10000000
Mumbai,Goregaon West,400037,Apartment,702,572,2,2,2,3,11,14,1,1,Unfurnished,New,19.14701,72.84422,7,1,1,1,0,0,1,1,1,1,0,0,0,15230000
Delhi NCR,Cyber City (Gurugram),110032,Apartment,1142,922,3,3,3,0,30,35,5,1,Unfurnished,Good,28.500667,77.09145,7,1,0,1,1,0,1,0,1,1,0,1,0,19050000
Delhi NCR,Cyber City (Gurugram),110002,Apartment,731,596,2,2,1,3,3,14,1,3,Unfurnished,New,28.50198,77.094702,8,1,1,1,0,0,1,1,1,1,0,1,0,13170000
Delhi NCR,Cyber City (Gurugram),110037,Apartment,1865,1505,3,3,2,2,25,28,18,1,Semi-Furnished,Average,28.486439,77.077296,7,1,0,1,1,0,0,0,1,1,0,1,1,25490000
Hyderabad,Manikonda,500036,Independent House,942,745,2,2,2,2,0,3,2,2,Semi-Furnished,Average,17.406147,78.38747,8,1,0,1,0,1,0,1,1,1,1,0,1,8900000
Hyderabad,Manikonda,500024,Villa,735,638,2,2,2,1,0,1,2,0,Fully Furnished,New,17.41575,78.388743,5,0,1,1,0,0,0,0,1,1,0,0,1,9480000
Pune,Kothrud,411020,Apartment,615,515,1,1,1,0,14,22,5,2,Semi-Furnished,Good,18.511054,73.812258,9,1,1,1,0,0,1,0,1,1,1,1,1,8140000
Pune,Hinjewadi,411011,Apartment,1059,843,2,2,2,2,3,10,0,3,Semi-Furnished,New,18.601933,73.740472,7,1,1,1,0,0,1,0,0,1,1,1,0,9880000
Chennai,Porur,600022,Apartment,3148,2760,5,5,5,2,19,35,5,3,Semi-Furnished,Average,13.049721,80.151089,9,1,0,1,1,1,1,0,1,1,0,1,1,24410000
Nagpur,Civil Lines,440030,Apartment,943,786,2,2,2,2,1,4,2,1,Unfurnished,New,21.143554,79.070025,9,1,1,1,0,0,1,1,0,1,1,1,1,8930000
Delhi NCR,Cyber City (Gurugram),110028,Apartment,2417,2079,4,4,5,3,6,18,18,1,Fully Furnished,Good,28.489779,77.085931,8,1,1,1,1,0,0,1,0,1,1,1,0,33950000
Mumbai,Navi Mumbai - Vashi,400013,Independent House,1286,1110,3,3,3,2,0,1,1,1,Fully Furnished,New,19.057709,72.985929,6,1,0,0,1,0,1,0,1,0,1,0,1,27770000
Bengaluru,HSR Layout,560042,Apartment,1598,1323,3,3,4,1,19,22,2,1,Semi-Furnished,Average,12.915504,77.636864,10,0,1,1,1,1,0,1,1,1,1,1,1,20470000
Chennai,Porur,600028,Apartment,949,799,2,2,1,0,13,14,5,1,Unfurnished,Good,13.028933,80.168527,9,1,1,1,1,0,1,0,1,1,1,1,0,7000000
Pune,Hinjewadi,411011,Apartment,912,753,2,2,2,2,4,7,0,2,Fully Furnished,New,18.591515,73.740567,6,1,1,1,0,0,0,0,1,1,0,1,0,7930000
Hyderabad,Kondapur,500044,Apartment,907,709,2,2,1,3,1,7,2,1,Unfurnished,New,17.464444,78.349787,10,1,1,1,0,1,1,1,1,1,0,1,1,8580000
Pune,Baner,411032,Apartment,1853,1475,3,3,3,0,12,22,3,1,Unfurnished,Good,18.564127,73.782231,9,1,1,1,1,1,1,0,1,0,1,1,0,20540000
Pune,Magarpatta,411030,Apartment,1752,1440,3,3,2,2,13,22,3,1,Semi-Furnished,Good,18.523197,73.927677,10,1,1,1,1,1,0,1,1,1,1,1,0,19210000
Mumbai,Thane West,400027,Apartment,1575,1256,3,3,3,1,24,35,25,1,Unfurnished,Average,19.221448,72.985262,7,1,1,1,1,0,1,0,0,1,0,1,0,17190000
Mumbai,Thane West,400045,Independent House,1129,934,2,2,2,3,0,2,3,1,Semi-Furnished,Good,19.214018,72.988639,7,0,1,1,0,0,1,1,1,1,0,0,1,19850000
Pune,Viman Nagar,411021,Apartment,796,636,1,1,1,0,30,35,5,1,Semi-Furnished,Good,18.562386,73.928188,6,0,1,0,1,0,0,0,1,1,1,1,0,9850000
Delhi NCR,Sohna Road (Gurugram),110024,Apartment,838,710,2,2,3,3,5,7,5,1,Semi-Furnished,Good,28.391129,77.039437,5,0,1,1,0,0,0,0,0,1,1,1,0,7710000
Delhi NCR,Indirapuram (Ghaziabad),110019,Apartment,2297,1870,4,4,4,3,4,7,2,1,Semi-Furnished,New,28.63541,77.374805,9,1,1,0,1,1,1,1,1,1,0,1,0,20550000
Nagpur,Sadar,440005,Apartment,4195,3512,5,5,6,0,11,28,8,0,Semi-Furnished,Good,21.166491,79.082304,9,1,1,1,0,1,1,1,0,1,0,1,1,35790000
Mumbai,Goregaon West,400003,Apartment,1054,857,2,2,1,0,5,7,0,2,Semi-Furnished,New,19.156418,72.838641,8,0,1,1,0,0,0,1,1,1,1,1,1,23030000
Bengaluru,Yelahanka,560015,Villa,1500,1310,3,3,3,3,0,2,3,1,Semi-Furnished,Good,13.105878,77.592435,6,1,0,0,0,1,1,0,1,0,1,0,1,16450000
Delhi NCR,Sector 150 (Noida),110033,Independent House,1091,895,3,3,3,0,0,1,0,1,Unfurnished,Good,28.443285,77.479796,6,1,0,0,0,1,1,1,1,0,0,1,0,12720000
Delhi NCR,Golf Course Road (Gurugram),110022,Independent House,755,656,1,1,1,1,0,2,5,2,Semi-Furnished,Average,28.455829,77.103029,4,0,1,0,0,1,0,0,0,0,1,1,0,15520000
Pune,Magarpatta,411021,Independent House,1356,1077,3,3,3,3,0,1,0,2,Semi-Furnished,New,18.522869,73.932419,4,1,0,1,0,0,1,0,0,0,0,1,0,16530000
Nagpur,Trimurti Nagar,440012,Apartment,1772,1450,3,3,2,2,18,18,3,1,Fully Furnished,Good,21.129041,79.033995,6,1,1,1,1,0,0,0,1,0,0,1,0,13800000
Chennai,Porur,600003,Villa,1524,1320,3,3,4,1,0,2,8,2,Semi-Furnished,Good,13.040285,80.152098,2,0,0,0,0,0,0,0,1,0,0,0,1,12720000
Hyderabad,Jubilee Hills,500020,Apartment,1393,1174,3,3,3,1,7,28,1,0,Unfurnished,New,17.441282,78.411649,7,0,1,1,0,0,0,1,1,1,1,1,0,25800000
Mumbai,Thane West,400029,Apartment,1081,945,2,2,3,0,1,14,12,1,Semi-Furnished,Needs Renovation,19.195512,72.98729,8,0,1,1,1,0,1,1,1,1,0,1,0,10970000
Hyderabad,Miyapur,500017,Independent House,888,776,2,2,2,2,0,1,8,1,Semi-Furnished,Good,17.487843,78.351043,8,1,1,1,0,0,1,1,0,1,0,1,1,6950000
Pune,Aundh,411027,Apartment,870,711,2,2,2,3,12,14,2,1,Unfurnished,New,18.565372,73.808325,7,1,0,1,0,0,0,0,1,1,1,1,1,11870000
Hyderabad,Jubilee Hills,500034,Plot,3091,3091,0,0,0,0,0,0,0,0,Unfurnished,Average,17.432515,78.397036,1,0,0,0,0,0,0,0,0,0,0,1,0,44260000
Bengaluru,Bellandur,560011,Villa,865,686,2,2,2,0,0,2,0,0,Unfurnished,Good,12.913547,77.672775,4,0,0,0,1,0,0,0,1,1,0,1,0,11770000
Bengaluru,Hebbal,560034,Apartment,1095,882,2,2,2,2,4,4,5,1,Fully Furnished,Average,13.033011,77.594206,7,1,1,1,0,0,0,0,1,1,0,1,1,11150000
Delhi NCR,Indirapuram (Ghaziabad),110042,Villa,1923,1534,3,3,2,0,0,3,12,1,Semi-Furnished,Good,28.643055,77.37844,8,1,1,0,1,0,0,1,1,1,1,0,1,17890000
Kolkata,Rajarhat,700003,Apartment,990,865,2,2,1,0,21,35,25,2,Semi-Furnished,Good,22.617928,88.488429,7,0,1,1,0,0,0,0,1,1,1,1,1,5280000
Delhi NCR,Sohna Road (Gurugram),110042,Apartment,943,811,2,2,2,1,16,18,5,2,Fully Furnished,Good,28.400821,77.042416,11,1,1,1,1,0,1,1,1,1,1,1,1,10640000
Pune,Kothrud,411008,Apartment,3153,2657,5,5,5,2,34,35,3,1,Semi-Furnished,Average,18.508029,73.791714,9,1,1,1,0,0,0,1,1,1,1,1,1,41240000
Bengaluru,JP Nagar,560040,Independent House,1009,798,2,2,1,0,0,1,5,1,Unfurnished,Good,12.914284,77.56253,5,1,0,1,0,0,0,0,1,0,0,1,1,12080000
Mumbai,Andheri West,400046,Apartment,565,477,1,1,2,1,2,4,2,1,Semi-Furnished,Good,19.145165,72.819381,6,1,1,1,0,0,0,0,0,1,1,1,0,15290000
Kolkata,Jadavpur,700005,Apartment,769,647,2,2,2,2,27,28,8,1,Semi-Furnished,Good,22.49301,88.386312,7,1,1,1,1,0,0,0,0,1,1,1,0,5680000
Pune,Baner,411024,Apartment,1454,1205,3,3,4,3,2,18,2,1,Semi-Furnished,New,18.565961,73.790765,9,0,1,1,1,1,1,1,0,1,1,1,0,17350000
Pune,Hadapsar,411041,Apartment,1012,812,2,2,2,3,15,22,1,2,Semi-Furnished,New,18.528127,73.925439,6,0,1,1,1,0,0,0,1,1,0,1,0,9840000
Mumbai,Andheri West,400033,Apartment,1129,970,2,2,2,2,7,35,18,1,Unfurnished,Average,19.145144,72.837196,6,0,1,1,0,1,0,0,0,1,1,1,0,22090000
Mumbai,Powai,400015,Independent House,1111,963,3,3,3,2,0,3,3,0,Unfurnished,Average,19.130667,72.896829,3,0,0,0,0,0,0,0,1,0,0,1,1,25420000
Chennai,OMR (Thoraipakkam),600035,Independent House,1209,1021,3,3,4,1,0,1,1,0,Fully Furnished,New,12.942487,80.23963,6,1,0,1,0,0,0,1,1,0,1,0,1,13110000
Pune,Wakad,411035,Apartment,1022,842,2,2,3,3,1,22,8,1,Semi-Furnished,New,18.61161,73.772428,6,1,1,1,0,0,1,0,1,1,0,0,0,8890000
Kolkata,Alipore,700026,Apartment,1642,1416,3,3,3,2,1,22,12,1,Unfurnished,Average,22.540516,88.320179,7,1,0,1,0,1,1,0,1,1,0,1,0,23760000
Hyderabad,Jubilee Hills,500030,Apartment,1576,1282,3,3,3,1,17,18,3,0,Fully Furnished,Good,17.429519,78.418306,9,1,1,1,1,1,0,0,1,1,1,1,0,33060000
Mumbai,Bandra West,400015,Apartment,3272,2770,5,5,5,2,10,18,8,1,Unfurnished,Good,19.058215,72.829625,11,1,1,1,1,0,1,1,1,1,1,1,1,136260000
Pune,Kharadi,411009,Apartment,703,618,2,2,3,2,28,35,5,2,Semi-Furnished,Good,18.564356,73.928324,7,1,1,1,0,0,0,0,1,1,1,1,0,7120000
Bengaluru,Sarjapur Road,560038,Apartment,581,474,2,2,2,1,2,10,25,1,Semi-Furnished,Average,12.905188,77.674415,8,1,1,1,0,0,1,0,1,1,1,0,1,4020000
Pune,Aundh,411012,Villa,1654,1416,3,3,4,0,0,1,3,1,Semi-Furnished,Good,18.557095,73.826719,3,0,1,0,0,0,1,0,1,0,0,0,0,27990000
Hyderabad,Uppal,500030,Apartment,1318,1101,3,3,3,0,6,7,0,1,Semi-Furnished,New,17.381805,78.578528,9,1,1,1,0,1,0,1,1,1,1,1,0,8610000
Nagpur,Pratap Nagar,440005,Apartment,668,550,2,2,1,3,3,4,2,2,Semi-Furnished,New,21.129181,79.068518,10,1,1,1,1,1,1,0,1,1,0,1,1,5890000
Mumbai,Andheri West,400039,Apartment,1046,909,2,2,2,2,27,28,0,1,Semi-Furnished,New,19.141058,72.834527,7,1,1,0,1,0,0,1,1,1,0,1,0,34230000
Hyderabad,Banjara Hills,500002,Independent House,1470,1206,3,3,3,2,0,3,0,1,Unfurnished,Average,17.416434,78.435199,3,1,0,0,0,0,0,0,1,0,0,1,0,25130000
Nagpur,Sadar,440030,Apartment,902,779,2,2,3,2,10,14,1,1,Semi-Furnished,New,21.149456,79.081213,6,1,1,1,0,0,0,1,1,1,0,0,0,8270000
Mumbai,Powai,400026,Apartment,761,639,2,2,2,1,1,10,0,0,Unfurnished,New,19.119039,72.917136,7,1,1,1,1,0,0,0,0,1,1,1,0,18780000
Delhi NCR,Greater Noida West,110015,Apartment,1004,877,3,3,2,1,24,35,2,1,Unfurnished,New,28.582083,77.442526,7,0,1,1,0,1,0,1,1,1,1,0,0,6580000
Nagpur,Khamla,440045,Apartment,911,777,2,2,3,2,11,14,5,1,Unfurnished,Good,21.1194,79.050253,5,1,1,0,0,0,0,1,0,1,0,1,0,5900000
Bengaluru,Hebbal,560046,Apartment,721,634,2,2,1,2,28,28,1,1,Semi-Furnished,New,13.030989,77.599558,7,0,0,1,1,0,1,1,1,1,0,1,0,8450000
Pune,Baner,411008,Villa,1025,863,2,2,2,2,0,1,0,1,Fully Furnished,New,18.558843,73.79122,8,1,1,1,1,1,1,1,1,0,0,0,0,17960000
Bengaluru,JP Nagar,560031,Apartment,3985,3420,5,5,4,3,3,22,0,2,Unfurnished,New,12.907302,77.582265,8,1,1,1,1,0,1,0,1,0,0,1,1,43560000
Delhi NCR,Indirapuram (Ghaziabad),110043,Apartment,1042,832,2,2,1,3,19,22,0,1,Unfurnished,Good,28.640391,77.375325,9,1,1,1,1,0,0,0,1,1,1,1,1,8010000
Hyderabad,Kondapur,500046,Apartment,1232,1035,3,3,3,2,20,35,1,3,Semi-Furnished,New,17.458679,78.371797,10,1,1,1,0,1,1,0,1,1,1,1,1,13050000
Kolkata,Rajarhat,700002,Independent House,1225,1006,3,3,3,0,0,2,0,1,Semi-Furnished,New,22.614253,88.497159,8,1,1,1,1,0,1,0,0,1,0,1,1,10110000
Pune,Baner,411043,Apartment,1714,1445,3,3,3,2,13,35,12,1,Fully Furnished,Good,18.553612,73.789032,11,1,1,1,1,0,1,1,1,1,1,1,1,18610000
Delhi NCR,Cyber City (Gurugram),110041,Apartment,1316,1113,2,2,3,2,12,22,18,3,Fully Furnished,Needs Renovation,28.485499,77.091979,7,0,1,1,0,0,1,0,1,1,0,1,1,17640000
Bengaluru,Yelahanka,560033,Apartment,1020,882,2,2,2,1,5,18,18,2,Unfurnished,Good,13.099218,77.595261,7,1,1,1,0,0,0,0,1,1,1,1,0,6310000
Bengaluru,JP Nagar,560029,Apartment,2044,1686,4,4,3,2,4,14,1,1,Semi-Furnished,New,12.914011,77.603384,10,1,1,1,1,0,1,1,1,1,0,1,1,23320000
Pune,Aundh,411019,Apartment,715,603,2,2,2,3,5,14,2,0,Fully Furnished,New,18.561894,73.829338,10,1,1,0,1,1,1,1,1,1,1,1,0,10500000
Mumbai,Goregaon West,400002,Plot,3881,3881,0,0,0,0,0,0,5,0,Unfurnished,Average,19.177713,72.854122,2,0,0,1,0,0,0,0,0,0,0,1,0,56810000
Hyderabad,Kondapur,500029,Independent House,1543,1320,3,3,4,3,0,3,0,1,Fully Furnished,Average,17.482927,78.354767,6,0,1,0,1,1,0,0,1,0,1,1,0,16890000
Hyderabad,Kukatpally,500023,Apartment,850,737,2,2,1,2,10,10,1,1,Semi-Furnished,New,17.486682,78.394406,8,1,1,1,0,0,0,1,1,1,1,1,0,7190000
Bengaluru,JP Nagar,560015,Villa,1408,1231,3,3,4,3,0,1,0,1,Semi-Furnished,New,12.90014,77.58757,7,0,0,1,1,0,1,0,1,1,1,0,1,19950000
Mumbai,Kandivali East,400031,Apartment,614,502,1,1,1,2,14,22,25,0,Semi-Furnished,Average,19.212868,72.85275,6,1,0,1,0,0,0,0,1,1,1,1,0,7640000
Mumbai,Bandra West,400017,Plot,2625,2625,0,0,0,0,0,0,0,0,Unfurnished,Average,19.069421,72.819823,2,0,0,1,0,0,0,0,0,0,0,1,0,99640000
Bengaluru,JP Nagar,560004,Villa,1021,862,2,2,1,1,0,2,12,1,Fully Furnished,Average,12.90066,77.585254,4,1,0,0,0,1,0,0,1,0,0,1,0,12570000
Mumbai,Andheri East,400014,Apartment,1419,1165,3,3,3,1,8,14,5,0,Semi-Furnished,Average,19.11791,72.862335,12,1,1,1,1,1,1,1,1,1,1,1,1,28450000
Pune,Kothrud,411030,Apartment,1043,861,3,3,3,2,32,35,0,1,Semi-Furnished,New,18.50651,73.800469,9,1,1,1,0,0,1,1,1,1,0,1,1,15010000
Pune,Wakad,411002,Independent House,2567,2014,4,4,4,3,0,3,3,1,Semi-Furnished,Good,18.60743,73.773673,8,1,0,0,0,1,1,1,1,0,1,1,1,25760000
Pune,Wakad,411019,Apartment,546,448,1,1,1,2,1,10,0,1,Semi-Furnished,New,18.608405,73.769934,11,1,1,0,1,1,1,1,1,1,1,1,1,6250000
Hyderabad,Madhapur,500006,Apartment,2248,1913,4,4,5,2,7,35,8,2,Semi-Furnished,Good,17.449836,78.389027,7,1,1,1,1,0,0,1,1,1,0,0,0,23470000
Pune,Magarpatta,411030,Villa,923,784,2,2,2,0,0,3,0,0,Semi-Furnished,New,18.521465,73.934854,8,1,0,1,1,1,1,1,1,0,1,0,0,13790000
Hyderabad,Madhapur,500033,Apartment,722,621,2,2,1,0,21,28,5,1,Semi-Furnished,Good,17.43361,78.395564,7,1,1,0,0,0,0,1,0,1,1,1,1,7840000
Nagpur,Civil Lines,440025,Apartment,1959,1644,5,5,5,2,2,7,8,2,Unfurnished,New,21.158109,79.088944,12,1,1,1,1,1,1,1,1,1,1,1,1,18440000
Pune,Hinjewadi,411002,Apartment,1093,935,2,2,3,2,2,35,2,0,Fully Furnished,New,18.591955,73.738109,7,1,1,1,0,0,1,0,1,1,0,1,0,10380000
Nagpur,Pratap Nagar,440046,Independent House,900,789,2,2,3,3,0,2,2,1,Semi-Furnished,New,21.123139,79.051574,5,1,1,0,0,0,1,0,1,0,0,0,1,7860000
Pune,Kothrud,411039,Apartment,2474,2157,4,4,4,2,3,35,2,1,Unfurnished,New,18.506,73.801654,9,1,1,0,1,1,0,0,1,1,1,1,1,31750000
Kolkata,Salt Lake (Sector V),700002,Apartment,796,675,2,2,3,2,9,28,3,1,Fully Furnished,Good,22.580225,88.429927,6,1,1,0,0,1,0,0,0,1,1,1,0,8350000
Kolkata,Jadavpur,700041,Apartment,629,508,1,1,2,0,21,28,2,1,Unfurnished,New,22.4978,88.377542,7,1,1,1,0,1,1,0,0,1,0,0,1,5290000
Nagpur,Ramdaspeth,440023,Apartment,638,499,1,1,1,2,3,7,1,1,Semi-Furnished,New,21.135283,79.064905,8,1,0,1,0,1,1,0,1,1,0,1,1,6710000
Bengaluru,Bellandur,560045,Apartment,1984,1626,4,4,4,2,22,22,3,3,Fully Furnished,Average,12.921124,77.674704,7,1,0,1,0,0,1,1,1,0,0,1,1,22100000
Hyderabad,Miyapur,500011,Apartment,1533,1329,3,3,2,2,3,4,18,1,Semi-Furnished,Good,17.496236,78.365292,9,1,1,1,1,0,0,1,1,1,1,1,0,8460000
Delhi NCR,Indirapuram (Ghaziabad),110022,Independent House,902,775,3,3,2,2,0,2,1,1,Semi-Furnished,Good,28.632485,77.373847,8,1,0,1,0,1,1,0,1,1,1,0,1,7710000
Chennai,Sholinganallur,600018,Apartment,1052,887,2,2,3,1,9,10,2,2,Semi-Furnished,New,12.913246,80.23765,6,1,0,1,0,0,0,0,1,1,0,1,1,8700000
Nagpur,Dharampeth,440031,Apartment,1204,1041,2,2,2,1,5,22,18,1,Unfurnished,Good,21.145589,79.058003,6,1,1,0,0,0,0,0,1,1,1,1,0,8180000
Pune,Viman Nagar,411011,Independent House,898,725,2,2,3,2,0,3,5,2,Fully Furnished,New,18.564795,73.915663,5,1,0,0,1,0,0,0,1,1,0,1,0,13510000
Delhi NCR,Sector 62 (Noida),110037,Independent House,2101,1818,4,4,4,1,0,1,5,1,Fully Furnished,Average,28.630496,77.371525,6,1,1,1,0,0,1,0,1,0,1,0,0,21360000
Pune,Hinjewadi,411005,Apartment,1025,858,3,3,2,2,11,35,2,1,Fully Furnished,New,18.570869,73.746375,7,0,1,1,1,0,1,0,0,1,0,1,1,9200000
Nagpur,Sadar,440025,Apartment,556,468,1,1,1,0,5,28,2,0,Unfurnished,New,21.153639,79.067584,3,1,0,1,0,0,0,0,0,0,0,1,0,4750000
Nagpur,Dharampeth,440035,Apartment,1079,916,2,2,2,1,18,35,0,1,Semi-Furnished,Average,21.139788,79.039972,7,1,1,1,0,0,0,0,1,1,1,1,0,9830000
Bengaluru,Yelahanka,560029,Independent House,1498,1302,3,3,2,2,0,3,0,1,Unfurnished,New,13.088869,77.597767,6,0,1,1,1,1,0,0,1,0,0,1,0,13860000
Kolkata,Garia,700010,Apartment,1049,878,2,2,2,0,9,35,5,1,Fully Furnished,Good,22.464957,88.382215,8,1,1,1,0,1,1,1,0,0,0,1,1,7010000
Hyderabad,Kukatpally,500029,Apartment,922,726,2,2,3,2,15,28,1,1,Semi-Furnished,New,17.494582,78.392134,7,1,1,0,0,1,1,0,0,1,1,1,0,8140000
Pune,Magarpatta,411008,Apartment,798,648,2,2,1,0,3,28,0,2,Semi-Furnished,New,18.514416,73.940894,6,0,1,1,0,1,0,0,1,1,0,1,0,8730000
Bengaluru,JP Nagar,560042,Villa,993,806,3,3,2,1,0,1,5,1,Fully Furnished,Good,12.918069,77.584025,4,0,0,0,0,0,1,0,1,0,1,0,1,13630000
Kolkata,Garia,700007,Independent House,1662,1369,3,3,4,3,0,1,2,1,Semi-Furnished,Average,22.459155,88.404608,5,1,0,0,1,0,1,0,0,0,0,1,1,10660000
Mumbai,Bandra West,400035,Apartment,866,719,2,2,3,1,22,28,5,1,Semi-Furnished,Needs Renovation,19.076858,72.824654,6,0,1,1,0,0,0,0,1,1,1,1,0,35430000
Hyderabad,Gachibowli,500015,Apartment,2213,1911,4,4,4,2,3,7,3,2,Semi-Furnished,Good,17.450514,78.361392,9,1,1,0,1,1,0,1,1,1,1,1,0,23170000
Chennai,Adyar,600032,Villa,1815,1416,4,4,5,1,0,2,2,1,Unfurnished,New,13.00488,80.251078,6,1,0,1,0,1,0,0,1,0,1,0,1,40710000
Pune,Viman Nagar,411037,Apartment,2151,1712,4,4,4,1,29,35,2,1,Semi-Furnished,Good,18.564977,73.915777,9,1,1,1,1,0,0,1,1,1,0,1,1,26370000
Bengaluru,Whitefield,560034,Apartment,1155,913,3,3,4,0,5,28,0,0,Unfurnished,New,12.979403,77.744745,8,0,1,1,1,0,0,1,1,1,0,1,1,10840000
Mumbai,Juhu,400026,Independent House,1535,1270,3,3,3,3,0,1,8,0,Semi-Furnished,Good,19.116986,72.832052,9,1,0,0,1,1,1,1,1,1,1,1,0,74940000
Pune,Viman Nagar,411013,Independent House,2764,2288,5,5,5,2,0,2,3,1,Semi-Furnished,Good,18.556526,73.926311,9,1,1,0,0,1,1,1,1,1,1,0,1,37620000
Mumbai,Navi Mumbai - Vashi,400030,Apartment,907,740,2,2,1,1,6,10,8,1,Semi-Furnished,Good,19.087726,73.00305,8,1,1,1,1,1,0,0,1,0,0,1,1,13800000
Chennai,Anna Nagar,600003,Villa,1945,1620,3,3,3,3,0,1,0,0,Semi-Furnished,Good,13.079852,80.217423,3,0,0,0,0,0,1,0,1,0,1,0,0,37450000
Mumbai,Juhu,400034,Independent House,995,855,2,2,1,0,0,1,5,1,Semi-Furnished,Good,19.119728,72.830363,5,0,0,1,0,0,0,0,1,1,1,1,0,47490000
Pune,Kalyani Nagar,411037,Apartment,1670,1339,3,3,3,2,2,7,3,1,Semi-Furnished,Average,18.54338,73.896586,7,1,1,0,1,0,0,1,1,1,0,0,1,20420000
Mumbai,Andheri East,400019,Apartment,904,724,3,3,3,1,3,4,18,1,Fully Furnished,Average,19.13005,72.860874,7,0,1,1,1,0,1,0,0,1,0,1,1,14820000
Mumbai,Thane West,400027,Apartment,902,712,2,2,3,2,8,10,0,1,Fully Furnished,New,19.220759,72.984626,10,1,1,1,1,1,1,0,1,1,1,1,0,17490000
Nagpur,Pratap Nagar,440010,Apartment,1253,1025,3,3,2,0,4,7,0,0,Fully Furnished,Good,21.119663,79.051261,6,1,1,1,0,0,0,1,0,1,0,0,1,9990000
Bengaluru,JP Nagar,560045,Villa,1805,1435,3,3,3,2,0,2,0,1,Semi-Furnished,New,12.910228,77.591579,6,0,1,1,0,0,1,0,1,0,1,0,1,27980000
Pune,Baner,411033,Apartment,3875,3052,5,5,5,1,12,18,1,1,Fully Furnished,New,18.560448,73.776425,10,1,1,1,1,1,1,0,1,1,1,0,1,53380000
Hyderabad,Kondapur,500028,Independent House,1235,1059,3,3,2,1,0,1,0,0,Semi-Furnished,Good,17.465671,78.362491,5,0,0,1,0,0,1,0,1,0,1,0,1,14080000
Bengaluru,Bellandur,560009,Apartment,2108,1749,4,4,4,3,18,28,3,1,Fully Furnished,Good,12.928471,77.689818,7,1,1,1,0,0,0,1,1,0,1,1,0,24760000
Nagpur,Besha,440040,Apartment,2055,1774,3,3,3,2,10,35,3,2,Semi-Furnished,Good,21.078524,79.076914,9,1,1,1,0,1,0,0,1,1,1,1,1,11540000
Delhi NCR,Golf Course Road (Gurugram),110029,Apartment,1015,806,2,2,2,1,4,4,0,1,Semi-Furnished,New,28.469818,77.099785,8,1,1,1,0,0,1,1,0,1,0,1,1,22040000
Hyderabad,Miyapur,500005,Apartment,1091,880,3,3,3,2,6,28,0,1,Fully Furnished,Good,17.495128,78.354596,8,1,1,1,0,0,0,1,1,1,0,1,1,8140000
Delhi NCR,Dwarka (Delhi),110021,Apartment,641,515,1,1,1,2,1,22,0,0,Unfurnished,New,28.605459,77.049157,8,0,1,1,0,1,1,0,1,0,1,1,1,7960000
Nagpur,Besha,440007,Independent House,2268,1933,4,4,4,2,0,2,18,1,Unfurnished,Average,21.083573,79.086122,6,1,1,0,1,0,1,0,0,1,1,0,0,9500000
Kolkata,New Town (Action Area 1),700042,Villa,1403,1166,3,3,3,2,0,3,5,1,Fully Furnished,Good,22.588721,88.477186,6,0,1,1,0,0,0,0,1,1,0,1,1,14810000
Kolkata,Salt Lake (Sector V),700033,Independent House,1021,847,2,2,2,0,0,1,2,1,Semi-Furnished,New,22.5729,88.4265,3,1,1,1,0,0,0,0,0,0,0,0,0,11490000
Nagpur,Wardha Road,440027,Apartment,1306,1129,3,3,3,3,17,22,18,1,Semi-Furnished,Average,21.093816,79.066803,6,1,0,1,0,0,0,1,0,1,0,1,1,6090000
Delhi NCR,Sector 62 (Noida),110011,Apartment,1109,936,2,2,1,2,30,35,12,1,Unfurnished,Average,28.615653,77.347914,8,0,0,1,1,0,1,0,1,1,1,1,1,7690000
Chennai,OMR (Thoraipakkam),600044,Apartment,1165,1017,2,2,1,0,2,28,2,1,Semi-Furnished,New,12.938585,80.257466,6,0,0,1,1,0,1,1,1,1,0,0,0,9610000
Delhi NCR,Sohna Road (Gurugram),110022,Independent House,599,477,1,1,2,2,0,2,1,1,Semi-Furnished,New,28.407337,77.058049,6,1,0,1,0,0,1,0,1,1,0,0,1,7700000
Nagpur,Sadar,440045,Villa,1156,948,2,2,2,1,0,3,3,0,Semi-Furnished,Average,21.171193,79.08674,7,1,0,0,1,1,0,0,1,1,1,1,0,12760000
Bengaluru,Indiranagar,560042,Apartment,855,709,2,2,2,2,6,7,25,1,Semi-Furnished,Needs Renovation,12.971854,77.640773,7,1,0,1,0,0,1,0,1,1,1,1,0,8540000
Mumbai,Goregaon West,400009,Villa,1928,1521,4,4,3,1,0,1,0,2,Unfurnished,Good,19.170171,72.848342,3,1,0,0,0,0,0,0,1,0,0,1,0,50610000
Pune,Aundh,411038,Apartment,1772,1472,3,3,4,1,8,22,1,1,Semi-Furnished,Good,18.553466,73.807151,7,0,1,1,0,1,1,0,0,1,0,1,1,22790000
Kolkata,New Town (Action Area 1),700007,Apartment,630,550,2,2,3,1,5,28,2,1,Semi-Furnished,New,22.594339,88.471026,7,1,1,1,1,1,0,0,0,0,0,1,1,5650000
Nagpur,Khamla,440042,Apartment,1558,1274,3,3,3,1,5,7,5,0,Semi-Furnished,Good,21.106807,79.072833,7,1,1,0,1,1,1,0,0,1,0,1,0,11020000
Nagpur,Trimurti Nagar,440013,Villa,640,517,1,1,1,1,0,1,12,0,Semi-Furnished,Good,21.116188,79.031324,7,0,1,0,1,1,0,1,1,1,1,0,0,5000000
Mumbai,Andheri East,400010,Apartment,1674,1386,3,3,2,1,12,22,3,1,Unfurnished,Good,19.128677,72.882046,9,0,1,1,1,1,1,0,1,1,1,1,0,33320000
Mumbai,Navi Mumbai - Vashi,400022,Apartment,463,384,1,1,1,3,28,35,2,1,Unfurnished,New,19.078227,72.984452,5,0,1,1,0,0,1,0,0,1,0,1,0,7880000
Bengaluru,JP Nagar,560022,Apartment,924,736,2,2,2,2,4,7,0,1,Semi-Furnished,New,12.902572,77.572942,7,0,1,0,0,1,1,0,0,1,1,1,1,10900000
Mumbai,Powai,400014,Independent House,1265,1087,3,3,3,3,0,3,12,1,Semi-Furnished,Average,19.108241,72.883022,6,1,1,1,0,0,0,1,0,0,0,1,1,27960000
Nagpur,Sadar,440008,Apartment,4220,3363,5,5,6,1,4,7,1,1,Semi-Furnished,New,21.17629,79.078343,6,1,0,0,0,1,0,1,0,0,1,1,1,38080000
Delhi NCR,Dwarka (Delhi),110029,Independent House,1030,860,2,2,2,3,0,1,1,1,Semi-Furnished,New,28.584113,77.048414,7,1,0,0,1,0,0,1,1,1,1,1,0,17180000
Mumbai,Andheri West,400028,Apartment,2563,2065,4,4,4,0,1,4,8,0,Fully Furnished,New,19.135499,72.826071,8,1,1,1,1,1,1,1,1,0,0,0,0,69540000
Bengaluru,Koramangala,560033,Apartment,808,692,2,2,3,3,11,18,2,0,Semi-Furnished,Good,12.933388,77.627439,8,1,1,1,0,0,0,1,1,1,0,1,1,13490000
Nagpur,Civil Lines,440008,Independent House,1197,988,3,3,3,2,0,3,0,1,Fully Furnished,New,21.166942,79.066831,6,1,0,0,0,0,1,1,1,1,0,0,1,15570000
Hyderabad,Banjara Hills,500035,Apartment,822,678,2,2,2,1,34,35,1,2,Unfurnished,New,17.396206,78.442772,10,1,1,1,1,1,1,0,1,1,1,1,0,17180000
Bengaluru,Yelahanka,560040,Apartment,1329,1043,3,3,3,1,2,14,0,1,Unfurnished,New,13.101236,77.600428,9,1,1,1,1,1,0,0,1,1,0,1,1,10130000
Mumbai,Bandra West,400017,Apartment,859,697,2,2,3,2,3,14,0,1,Fully Furnished,New,19.065954,72.819466,9,1,1,1,1,1,1,0,0,1,0,1,1,48820000
Bengaluru,Indiranagar,560040,Independent House,1058,878,3,3,3,2,0,3,5,2,Unfurnished,Average,12.982131,77.640515,5,1,0,1,0,0,1,0,0,1,1,0,0,15480000
Bengaluru,Electronic City,560035,Independent House,1693,1465,3,3,2,2,0,2,5,0,Semi-Furnished,Good,12.834023,77.670518,4,1,0,1,0,1,0,0,0,0,0,0,1,12810000
Mumbai,Powai,400012,Villa,1146,915,2,2,3,2,0,2,3,1,Fully Furnished,Good,19.109473,72.906493,4,0,0,0,0,1,1,0,1,0,0,1,0,37660000
Pune,Viman Nagar,411029,Apartment,1068,921,2,2,3,1,5,14,0,1,Unfurnished,New,18.569312,73.911364,4,0,1,1,0,0,0,0,1,0,0,1,0,12080000
Bengaluru,Koramangala,560031,Apartment,588,482,1,1,1,2,14,28,12,2,Fully Furnished,Average,12.926623,77.601129,8,1,1,0,0,1,0,1,1,1,1,1,0,8810000
Bengaluru,Sarjapur Road,560010,Independent House,1627,1340,3,3,2,2,0,3,1,2,Semi-Furnished,New,12.891397,77.676922,4,1,0,0,1,0,0,0,0,0,1,1,0,18480000
Bengaluru,JP Nagar,560005,Villa,794,672,1,1,2,2,0,2,2,2,Semi-Furnished,Good,12.906466,77.579876,5,1,1,0,1,0,0,0,1,0,1,0,0,10990000
Hyderabad,Manikonda,500009,Apartment,1746,1473,3,3,4,2,11,14,0,1,Semi-Furnished,Good,17.399032,78.383006,10,0,1,1,1,1,0,1,1,1,1,1,1,15490000
Mumbai,Navi Mumbai - Vashi,400030,Plot,1762,1762,0,0,0,0,0,0,4,0,Unfurnished,Average,19.069473,72.999581,1,0,0,1,0,0,0,0,0,0,0,0,0,20930000
Delhi NCR,Indirapuram (Ghaziabad),110002,Apartment,1005,801,2,2,1,2,4,10,5,1,Semi-Furnished,Good,28.637981,77.372666,7,1,0,1,0,0,0,1,1,1,1,1,0,6850000
Bengaluru,Indiranagar,560019,Apartment,2433,2011,4,4,5,1,5,22,5,1,Fully Furnished,Good,12.977777,77.639356,8,0,1,1,0,1,1,0,1,1,1,1,0,47710000
Delhi NCR,Sector 150 (Noida),110045,Villa,611,513,1,1,2,3,0,2,0,1,Semi-Furnished,New,28.448986,77.474589,5,1,0,0,0,0,0,1,1,0,1,0,1,9140000
Bengaluru,HSR Layout,560026,Plot,3800,3800,0,0,0,0,0,0,1,0,Unfurnished,Average,12.913006,77.633094,1,0,0,1,0,0,0,0,0,0,0,0,0,36370000
Hyderabad,Kukatpally,500035,Villa,510,440,1,1,1,1,0,1,0,2,Semi-Furnished,Good,17.509786,78.40824,6,0,1,0,0,0,0,1,1,0,1,1,1,5580000
Delhi NCR,Sector 62 (Noida),110006,Apartment,713,619,1,1,1,2,2,4,2,1,Semi-Furnished,New,28.627543,77.368822,6,1,1,0,0,0,0,0,1,1,0,1,1,6670000
Pune,Hadapsar,411021,Villa,1186,937,3,3,3,0,0,2,2,0,Semi-Furnished,New,18.503752,73.93414,4,0,1,0,0,0,0,1,1,0,1,0,0,13500000
Pune,Kothrud,411006,Apartment,1947,1584,4,4,5,2,1,4,1,1,Semi-Furnished,New,18.499759,73.811089,6,1,1,0,0,0,1,1,0,0,0,1,1,27440000
Chennai,Anna Nagar,600005,Villa,767,601,2,2,2,2,0,3,0,1,Semi-Furnished,New,13.085194,80.221298,4,1,0,0,1,1,0,0,1,0,0,0,0,15840000
Pune,Hadapsar,411017,Independent House,1027,812,2,2,3,0,0,1,0,1,Fully Furnished,New,18.500401,73.929326,6,1,0,1,1,1,1,0,0,0,1,0,0,11750000
Delhi NCR,Cyber City (Gurugram),110037,Apartment,1118,939,2,2,2,1,12,22,12,3,Unfurnished,Average,28.504499,77.110217,7,1,1,1,0,1,0,0,0,0,1,1,1,16140000
Mumbai,Borivali West,400033,Apartment,1005,854,2,2,1,1,14,22,3,1,Unfurnished,Good,19.232255,72.853875,7,0,1,1,1,0,0,1,0,1,0,1,1,18860000
Delhi NCR,Sector 150 (Noida),110039,Apartment,899,745,2,2,1,1,13,18,8,1,Unfurnished,Good,28.456348,77.488541,6,1,1,1,0,0,1,1,1,0,0,0,0,7740000
Mumbai,Bandra West,400019,Apartment,1687,1409,3,3,4,3,1,4,18,2,Semi-Furnished,Needs Renovation,19.070137,72.828555,7,1,1,1,0,1,0,1,0,1,0,1,0,46880000
Nagpur,Civil Lines,440028,Independent House,846,683,2,2,3,1,0,3,1,1,Semi-Furnished,Good,21.165376,79.068817,7,1,1,0,0,0,1,1,1,1,1,0,0,9250000
Nagpur,Dharampeth,440018,Apartment,1272,1024,3,3,3,1,12,35,8,1,Semi-Furnished,Good,21.151125,79.065074,8,1,0,1,1,0,1,1,1,1,0,1,0,11270000
Kolkata,Salt Lake (Sector V),700032,Apartment,1307,1065,3,3,3,0,2,4,0,1,Semi-Furnished,New,22.576866,88.422621,9,1,1,1,1,0,0,1,1,1,1,1,0,14160000
Chennai,Sholinganallur,600016,Apartment,894,699,2,2,1,2,10,10,3,2,Semi-Furnished,Average,12.910737,80.240071,8,1,1,1,1,0,1,0,1,0,1,1,0,7010000
Bengaluru,JP Nagar,560037,Apartment,1291,1092,3,3,2,0,4,4,3,1,Unfurnished,Good,12.90953,77.585506,8,0,1,1,0,1,1,0,1,1,0,1,1,12160000
Bengaluru,Bellandur,560013,Apartment,1481,1277,3,3,4,3,10,14,25,2,Unfurnished,Needs Renovation,12.916568,77.685701,10,1,1,1,0,1,1,1,1,1,1,0,1,9260000
Delhi NCR,Golf Course Road (Gurugram),110004,Apartment,984,849,2,2,3,1,1,10,0,1,Unfurnished,New,28.461766,77.092329,11,1,1,1,1,0,1,1,1,1,1,1,1,21550000
Nagpur,Besha,440016,Villa,1920,1643,4,4,5,3,0,2,5,1,Semi-Furnished,Good,21.08097,79.080232,5,0,0,1,1,0,0,0,1,1,0,1,0,12550000
Mumbai,Powai,400018,Apartment,1281,1039,2,2,3,2,13,22,0,0,Fully Furnished,Good,19.109597,72.900578,8,0,1,1,0,0,1,1,1,1,1,0,1,35610000
Kolkata,Jadavpur,700009,Apartment,980,818,2,2,2,2,2,7,3,1,Semi-Furnished,New,22.500805,88.374913,8,0,1,1,0,0,1,1,0,1,1,1,1,7810000
Hyderabad,HITEC City,500035,Apartment,1139,971,2,2,2,1,5,10,0,1,Unfurnished,Good,17.446779,78.37527,7,1,1,1,1,0,0,0,1,1,0,1,0,13460000
Pune,Kalyani Nagar,411013,Apartment,2818,2363,4,4,3,1,3,14,12,1,Unfurnished,Average,18.545239,73.895504,10,1,1,1,1,0,1,1,1,1,1,1,0,32850000
Nagpur,Wardha Road,440044,Apartment,1369,1157,3,3,3,2,34,35,0,1,Unfurnished,New,21.062619,79.076779,10,1,1,1,1,1,1,1,0,1,1,0,1,8990000
Pune,Hinjewadi,411018,Apartment,934,740,2,2,1,2,23,28,12,2,Fully Furnished,Average,18.593956,73.740424,10,1,1,1,1,0,1,0,1,1,1,1,1,7840000
Chennai,Sholinganallur,600005,Apartment,875,701,2,2,1,2,27,35,12,1,Semi-Furnished,Good,12.905105,80.225824,7,0,1,1,0,0,1,0,0,1,1,1,1,6650000
Bengaluru,Bellandur,560009,Apartment,3554,3095,5,5,6,2,6,18,1,1,Semi-Furnished,Good,12.918516,77.684888,10,1,1,0,1,1,1,1,1,1,0,1,1,37730000
Delhi NCR,Dwarka (Delhi),110008,Apartment,1088,903,2,2,2,1,1,7,5,1,Unfurnished,Good,28.595038,77.060705,5,1,0,1,0,0,0,0,0,1,0,1,1,12250000
Mumbai,Goregaon West,400021,Apartment,890,718,2,2,1,2,18,28,1,1,Semi-Furnished,New,19.164445,72.838275,7,0,1,0,0,0,1,0,1,1,1,1,1,22280000
Pune,Baner,411033,Apartment,673,534,2,2,3,0,2,14,3,1,Semi-Furnished,Good,18.550571,73.778258,8,1,1,1,0,0,1,0,1,1,1,1,0,7750000
Bengaluru,Bellandur,560010,Villa,1242,1037,2,2,3,3,0,3,5,1,Fully Furnished,Good,12.925164,77.674849,7,1,1,1,0,1,1,0,1,0,1,0,0,17810000
Hyderabad,Manikonda,500035,Apartment,701,583,1,1,1,3,9,18,3,1,Semi-Furnished,Good,17.396781,78.391307,5,1,1,1,0,0,1,0,0,0,0,0,1,6090000
Hyderabad,Miyapur,500021,Apartment,1035,839,2,2,2,3,1,7,0,1,Semi-Furnished,New,17.498317,78.369408,5,1,1,1,0,0,1,0,0,1,0,0,0,6500000
Pune,Hadapsar,411016,Villa,1570,1248,3,3,3,1,0,3,5,1,Semi-Furnished,Good,18.503667,73.911255,2,0,0,0,0,0,0,1,0,0,0,0,1,16630000
Kolkata,Salt Lake (Sector V),700040,Villa,1746,1514,3,3,3,2,0,2,1,2,Unfurnished,New,22.5789,88.437623,5,1,0,1,0,1,0,0,1,0,1,0,0,22770000
Delhi NCR,Sohna Road (Gurugram),110002,Villa,1731,1426,3,3,3,3,0,3,5,1,Unfurnished,Average,28.40812,77.047937,6,1,1,0,0,0,1,0,1,0,0,1,1,18220000
Mumbai,Powai,400013,Apartment,412,359,1,1,1,2,3,7,3,0,Semi-Furnished,Good,19.115632,72.899254,9,1,1,0,0,1,1,0,1,1,1,1,1,10680000
Bengaluru,Yelahanka,560022,Independent House,561,446,1,1,1,0,0,3,5,2,Unfurnished,Good,13.101686,77.600712,5,0,1,0,1,1,0,0,1,0,1,0,0,4770000
Delhi NCR,Sohna Road (Gurugram),110019,Villa,1827,1596,3,3,3,0,0,1,2,2,Semi-Furnished,New,28.390019,77.043557,6,0,0,0,1,0,1,1,1,1,0,0,1,23310000
Bengaluru,Koramangala,560010,Apartment,1067,844,3,3,2,0,6,35,0,1,Unfurnished,New,12.930306,77.624204,8,0,1,1,1,1,1,0,1,1,0,0,1,16920000
Pune,Hadapsar,411011,Independent House,831,682,2,2,2,0,0,2,8,1,Unfurnished,Needs Renovation,18.497649,73.925235,3,1,0,1,0,0,0,0,0,0,1,0,0,5360000
Bengaluru,HSR Layout,560020,Plot,2577,2577,0,0,0,0,0,0,2,0,Unfurnished,Average,12.91818,77.64526,2,0,0,1,0,0,0,0,0,0,0,1,0,22120000
Mumbai,Kandivali East,400023,Apartment,1322,1060,3,3,3,1,5,14,1,2,Semi-Furnished,New,19.200183,72.871253,8,1,1,1,0,0,0,1,1,1,0,1,1,26690000
Hyderabad,HITEC City,500029,Apartment,629,518,2,2,2,3,1,10,3,1,Semi-Furnished,Good,17.44442,78.375919,7,1,1,1,0,0,1,1,0,1,0,0,1,7550000
Hyderabad,Uppal,500007,Apartment,602,514,1,1,1,2,10,14,0,1,Fully Furnished,Average,17.395784,78.557648,10,1,1,1,0,1,1,1,0,1,1,1,1,4000000
Hyderabad,Jubilee Hills,500029,Independent House,1671,1330,3,3,3,1,0,2,0,1,Semi-Furnished,New,17.43207,78.42251,7,1,1,0,1,0,1,0,0,1,1,1,0,38860000
Bengaluru,Yelahanka,560004,Apartment,828,676,2,2,1,2,4,10,1,2,Semi-Furnished,Good,13.08859,77.581875,9,0,1,1,1,1,1,0,1,1,1,1,0,6450000
Mumbai,Thane West,400030,Apartment,995,844,2,2,1,3,3,7,0,2,Fully Furnished,New,19.22237,72.96545,6,1,1,1,0,0,0,0,0,1,1,1,0,18260000
Bengaluru,Hebbal,560040,Independent House,1278,1122,3,3,3,1,0,1,3,1,Semi-Furnished,Good,13.036974,77.609898,6,1,0,0,1,0,0,0,1,1,1,0,1,16320000
Hyderabad,Kondapur,500041,Apartment,1332,1078,3,3,2,0,6,18,2,1,Semi-Furnished,New,17.46277,78.340585,10,1,1,1,1,1,0,1,1,1,0,1,1,13310000
Mumbai,Kandivali East,400014,Apartment,557,468,1,1,1,2,2,4,5,2,Unfurnished,Good,19.198303,72.86765,7,1,1,1,0,0,1,0,1,1,1,0,0,8880000
Bengaluru,Electronic City,560042,Apartment,1343,1111,3,3,3,1,19,22,5,1,Semi-Furnished,Average,12.8347,77.678349,9,1,1,1,0,0,1,1,1,1,1,1,0,9340000
Pune,Wakad,411007,Apartment,1125,943,3,3,3,1,15,18,3,1,Semi-Furnished,Average,18.609987,73.768011,10,1,1,1,1,1,0,1,1,1,1,1,0,10230000
Bengaluru,Yelahanka,560021,Plot,1140,1140,0,0,0,0,0,0,1,0,Unfurnished,Average,13.106366,77.598166,1,0,0,0,0,0,0,0,0,0,0,1,0,6830000
Mumbai,Powai,400012,Apartment,999,814,2,2,2,0,10,10,2,3,Unfurnished,Average,19.112701,72.908892,8,1,1,1,0,1,0,0,1,1,0,1,1,20530000
Hyderabad,Kukatpally,500023,Apartment,968,829,2,2,2,3,11,18,3,1,Semi-Furnished,Good,17.494534,78.397935,8,1,1,1,1,0,0,1,0,1,0,1,1,7960000
Hyderabad,Jubilee Hills,500026,Independent House,383,305,1,1,2,3,0,2,0,1,Semi-Furnished,New,17.42751,78.408043,5,1,0,0,1,0,1,0,1,0,1,0,0,8890000
Bengaluru,HSR Layout,560012,Independent House,774,640,2,2,2,2,0,1,5,1,Unfurnished,New,12.922226,77.637671,4,1,0,0,0,0,1,1,1,0,0,0,0,11030000
Mumbai,Andheri West,400034,Apartment,624,491,1,1,2,0,25,35,2,1,Semi-Furnished,New,19.13113,72.841902,7,0,1,1,1,0,0,1,1,1,0,1,0,18280000
Bengaluru,Hebbal,560038,Apartment,1107,882,2,2,2,2,6,7,2,1,Fully Furnished,Good,13.043805,77.591635,10,1,1,1,1,0,1,1,1,1,1,1,0,14310000
Mumbai,Bandra West,400039,Independent House,907,787,2,2,2,1,0,1,3,1,Semi-Furnished,Good,19.06191,72.831583,7,1,1,0,0,1,0,1,1,0,1,1,0,48690000
Pune,Magarpatta,411009,Apartment,1088,918,2,2,3,3,6,10,3,1,Semi-Furnished,Good,18.522148,73.913212,6,0,1,0,0,0,1,0,1,1,1,1,0,12170000
Hyderabad,Madhapur,500043,Apartment,981,785,3,3,2,0,12,14,5,1,Unfurnished,Good,17.45656,78.400514,8,1,1,1,0,0,0,1,1,1,1,1,0,9780000
Delhi NCR,Sector 62 (Noida),110009,Independent House,879,734,2,2,1,0,0,2,0,1,Fully Furnished,New,28.618154,77.360281,5,0,0,1,1,0,0,0,1,0,1,0,1,10170000
Pune,Aundh,411043,Apartment,1596,1335,3,3,3,0,20,35,3,2,Unfurnished,Average,18.573082,73.819865,8,0,1,1,0,1,1,0,1,1,1,1,0,18850000
Mumbai,Kandivali East,400034,Apartment,914,799,2,2,2,3,7,7,2,1,Fully Furnished,New,19.192732,72.862253,8,1,1,1,0,0,1,0,1,1,0,1,1,19440000
Pune,Kalyani Nagar,411023,Apartment,1807,1437,3,3,3,0,6,10,5,2,Fully Furnished,Good,18.536425,73.89856,5,1,0,0,0,0,0,1,0,1,0,1,1,26070000
Hyderabad,Madhapur,500041,Apartment,997,783,2,2,3,3,4,4,2,1,Unfurnished,New,17.441823,78.394892,8,1,1,1,0,1,0,1,1,1,0,1,0,10720000
Bengaluru,Electronic City,560028,Apartment,947,812,2,2,2,3,3,35,2,2,Semi-Furnished,New,12.84427,77.677051,6,0,1,1,1,0,0,0,1,1,0,1,0,6950000
Delhi NCR,Sohna Road (Gurugram),110031,Apartment,1372,1148,3,3,2,3,6,14,5,1,Semi-Furnished,Good,28.394293,77.03904,7,1,1,1,0,0,1,0,0,1,0,1,1,12480000
Pune,Wakad,411006,Apartment,1802,1427,3,3,3,0,2,4,2,1,Semi-Furnished,New,18.603187,73.766436,9,1,0,1,1,1,1,1,0,1,1,1,0,18060000
Bengaluru,Yelahanka,560003,Independent House,1315,1105,3,3,2,0,0,2,25,2,Semi-Furnished,Average,13.110085,77.599257,4,1,0,0,0,0,1,0,1,0,0,0,1,8140000
Pune,Viman Nagar,411040,Apartment,1512,1243,3,3,2,1,6,14,1,1,Semi-Furnished,New,18.555333,73.905286,9,1,1,1,0,1,0,0,1,1,1,1,1,18670000
Chennai,Adyar,600005,Independent House,1436,1253,3,3,2,2,0,2,5,1,Unfurnished,Needs Renovation,13.01506,80.27435,5,1,0,0,1,0,0,1,0,1,0,0,1,19730000
Pune,Hadapsar,411028,Apartment,1526,1329,3,3,2,1,9,10,5,0,Semi-Furnished,Good,18.494492,73.921559,10,1,1,1,1,1,0,0,1,1,1,1,1,12690000
Pune,Baner,411015,Apartment,1865,1641,4,4,3,3,8,18,0,1,Semi-Furnished,New,18.557655,73.783023,9,0,1,1,1,1,1,0,1,1,0,1,1,21080000
Delhi NCR,Sector 150 (Noida),110004,Apartment,1077,940,2,2,2,3,3,10,18,1,Fully Furnished,Good,28.446418,77.479914,5,0,1,1,0,0,0,0,1,1,0,1,0,10020000
Hyderabad,Jubilee Hills,500010,Villa,484,402,1,1,2,0,0,3,0,0,Fully Furnished,New,17.411658,78.405012,4,0,1,0,0,0,0,1,1,0,1,0,0,14090000
Pune,Kalyani Nagar,411019,Apartment,1893,1500,3,3,2,3,13,35,3,2,Unfurnished,Good,18.536464,73.907274,9,1,1,1,0,1,1,0,1,1,1,1,0,25730000
Hyderabad,Jubilee Hills,500018,Apartment,931,785,2,2,2,0,4,4,8,3,Unfurnished,Good,17.453055,78.395276,6,0,1,1,1,0,0,1,0,0,1,0,1,15110000
Bengaluru,Koramangala,560020,Independent House,1517,1221,3,3,3,2,0,1,8,1,Semi-Furnished,Good,12.943886,77.625284,7,1,1,0,1,0,0,0,1,1,1,1,0,25660000
Mumbai,Powai,400012,Apartment,883,761,2,2,1,0,7,10,12,1,Unfurnished,Average,19.119753,72.903254,5,0,1,1,0,0,0,0,1,1,0,1,0,16340000
Pune,Baner,411041,Independent House,1306,1141,3,3,3,2,0,3,3,2,Semi-Furnished,Needs Renovation,18.562017,73.786566,6,0,1,0,0,0,1,1,0,1,1,0,1,14300000
Bengaluru,Koramangala,560042,Apartment,941,770,2,2,2,3,4,10,0,1,Semi-Furnished,New,12.921016,77.634595,8,1,1,0,1,0,0,0,1,1,1,1,1,15400000
Nagpur,Wardha Road,440033,Apartment,1235,1064,3,3,4,2,20,35,3,1,Unfurnished,Average,21.075235,79.080996,7,0,1,0,0,1,0,1,1,1,1,1,0,6080000
Hyderabad,Banjara Hills,500044,Apartment,907,745,1,1,1,2,28,35,3,2,Semi-Furnished,Good,17.424048,78.437486,8,1,1,1,0,0,0,1,1,1,1,1,0,17520000
Mumbai,Navi Mumbai - Vashi,400035,Apartment,1471,1235,3,3,4,0,2,28,3,2,Fully Furnished,Good,19.081269,73.003762,7,1,1,1,0,0,1,1,1,1,0,0,0,25190000
Nagpur,Khamla,440018,Independent House,1422,1189,3,3,4,1,0,1,0,2,Unfurnished,Good,21.113421,79.05679,4,0,0,0,1,0,1,0,1,0,1,0,0,10820000
Hyderabad,Jubilee Hills,500024,Apartment,1685,1456,3,3,3,3,6,22,8,1,Semi-Furnished,Good,17.436648,78.383777,8,0,1,1,1,0,0,1,1,1,1,1,0,30340000
Pune,Aundh,411027,Villa,1449,1146,3,3,3,2,0,1,3,2,Semi-Furnished,Good,18.56245,73.805592,4,0,0,1,0,1,1,0,0,0,1,0,0,25090000
Mumbai,Thane West,400030,Apartment,2458,2162,4,4,4,0,3,7,2,0,Semi-Furnished,New,19.212117,72.981356,9,1,1,1,0,1,1,0,1,1,1,1,0,38260000
Pune,Kalyani Nagar,411027,Plot,1587,1587,0,0,0,0,0,0,3,0,Unfurnished,Average,18.535263,73.898286,0,0,0,0,0,0,0,0,0,0,0,0,0,16310000
Bengaluru,Sarjapur Road,560040,Independent House,1640,1339,3,3,3,2,0,2,12,2,Semi-Furnished,Good,12.914405,77.690801,4,0,1,0,0,1,0,1,0,0,0,0,1,15220000
Mumbai,Powai,400003,Independent House,1238,1036,3,3,3,3,0,2,0,1,Semi-Furnished,New,19.121055,72.912403,5,0,1,0,0,1,1,0,1,0,1,0,0,37160000
Hyderabad,Miyapur,500041,Apartment,1699,1402,3,3,3,3,11,14,3,1,Semi-Furnished,Good,17.502466,78.364212,8,0,0,1,1,0,1,1,1,1,1,1,0,12390000
Nagpur,Khamla,440018,Independent House,1393,1202,3,3,3,0,0,1,0,2,Semi-Furnished,New,21.107945,79.056695,6,1,0,0,0,0,1,0,0,1,1,1,1,11860000
Bengaluru,Whitefield,560014,Apartment,834,713,2,2,2,1,15,22,3,0,Semi-Furnished,Needs Renovation,12.968644,77.743661,5,1,1,1,0,0,1,0,1,0,0,0,0,6490000
Bengaluru,Hebbal,560039,Apartment,626,511,2,2,2,1,10,10,0,1,Fully Furnished,Good,13.037506,77.59701,5,1,1,1,0,0,0,0,1,0,0,1,0,7280000
Bengaluru,Koramangala,560035,Apartment,1566,1291,3,3,3,3,26,28,0,1,Semi-Furnished,New,12.942701,77.61164,7,1,1,1,1,1,0,0,0,0,0,1,1,27530000
Nagpur,Besha,440035,Villa,1206,964,3,3,4,0,0,3,1,1,Unfurnished,Good,21.066481,79.097636,5,1,0,1,1,1,0,0,1,0,0,0,0,7730000
Delhi NCR,Sector 62 (Noida),110016,Villa,904,709,2,2,2,2,0,3,0,2,Semi-Furnished,New,28.610969,77.367083,5,1,0,0,0,0,0,0,1,1,1,0,1,10720000
Hyderabad,HITEC City,500029,Independent House,960,768,2,2,1,1,0,2,5,2,Unfurnished,Good,17.445719,78.388085,4,0,0,0,0,0,1,0,1,1,1,0,0,11020000
Hyderabad,Kondapur,500036,Apartment,958,826,4,4,4,3,4,4,2,2,Unfurnished,Good,17.471371,78.372204,10,1,1,1,1,0,1,0,1,1,1,1,1,9240000
Pune,Viman Nagar,411046,Villa,1452,1174,3,3,4,2,0,3,8,1,Semi-Furnished,Good,18.563967,73.920757,9,0,1,1,0,1,0,1,1,1,1,1,1,20620000
Delhi NCR,Sector 62 (Noida),110030,Apartment,1031,883,2,2,2,3,2,4,5,0,Unfurnished,Good,28.631044,77.370482,7,0,1,1,0,0,1,0,0,1,1,1,1,9020000
Nagpur,Sadar,440016,Apartment,1017,848,2,2,2,0,3,10,1,0,Unfurnished,New,21.158928,79.081795,8,1,1,1,0,1,0,0,1,1,1,1,0,8300000
Hyderabad,Gachibowli,500018,Apartment,507,430,1,1,2,0,10,28,2,2,Unfurnished,New,17.436826,78.344707,6,1,0,1,0,0,1,0,1,1,0,0,1,5540000
Delhi NCR,Greater Noida West,110015,Independent House,809,668,2,2,2,2,0,1,5,1,Unfurnished,Good,28.598968,77.435002,5,0,1,0,0,0,0,0,1,1,1,1,0,5330000
Mumbai,Borivali West,400046,Apartment,1976,1668,4,4,4,3,12,28,1,0,Unfurnished,New,19.231942,72.863301,9,1,1,1,0,1,1,0,1,1,0,1,1,38400000
Mumbai,Goregaon West,400022,Apartment,837,687,2,2,2,3,3,14,2,2,Unfurnished,Good,19.16217,72.829933,5,1,0,1,0,0,0,0,1,1,0,1,0,15930000
Chennai,Porur,600019,Apartment,868,731,2,2,2,2,3,7,1,2,Semi-Furnished,New,13.045195,80.1586,8,1,1,1,1,0,1,1,0,1,0,1,0,7110000
Hyderabad,Banjara Hills,500004,Plot,3519,3519,0,0,0,0,0,0,1,0,Unfurnished,Average,17.422407,78.434601,1,0,0,0,0,0,0,0,0,0,0,1,0,46430000
Mumbai,Thane West,400042,Apartment,932,781,2,2,1,0,15,22,0,2,Fully Furnished,Good,19.220423,72.973438,6,1,0,0,0,1,1,0,1,1,0,1,0,14490000
Pune,Baner,411023,Apartment,3122,2549,5,5,6,1,6,28,1,1,Fully Furnished,Good,18.570382,73.79421,7,1,1,1,0,0,1,0,1,1,0,1,0,39410000
Bengaluru,Whitefield,560007,Villa,2567,2079,4,4,3,0,0,1,0,1,Semi-Furnished,New,12.970509,77.751579,9,1,1,1,0,0,1,0,1,1,1,1,1,35070000
Chennai,Anna Nagar,600023,Independent House,1980,1704,4,4,3,1,0,1,0,0,Semi-Furnished,New,13.089926,80.219631,5,0,0,0,1,1,0,0,1,1,0,0,1,35790000
Delhi NCR,Cyber City (Gurugram),110005,Apartment,533,420,1,1,1,2,2,7,18,0,Semi-Furnished,Good,28.495004,77.09431,8,1,1,1,0,0,1,0,1,1,1,1,0,6960000
Pune,Kalyani Nagar,411002,Apartment,557,466,2,2,2,2,9,10,0,0,Semi-Furnished,New,18.541896,73.893534,8,0,1,1,0,0,1,0,1,1,1,1,1,8510000
Hyderabad,Kondapur,500022,Apartment,924,804,2,2,1,1,23,35,0,2,Semi-Furnished,New,17.466274,78.36942,4,0,1,0,0,0,0,0,1,1,0,1,0,10050000
Pune,Aundh,411042,Apartment,1001,839,2,2,3,2,4,14,0,1,Semi-Furnished,New,18.567578,73.799589,7,0,1,0,0,0,1,1,0,1,1,1,1,14740000
Mumbai,Powai,400008,Apartment,1380,1089,3,3,3,2,4,10,2,0,Semi-Furnished,New,19.122964,72.897425,8,1,1,0,1,1,1,0,1,0,1,0,1,32270000
Nagpur,Besha,440006,Independent House,1606,1404,3,3,3,2,0,3,8,1,Unfurnished,Good,21.077011,79.083784,6,1,0,0,0,1,1,1,1,0,0,1,0,8060000
Nagpur,Besha,440003,Apartment,1142,995,2,2,2,2,21,22,18,2,Semi-Furnished,Average,21.064485,79.104141,8,1,1,1,0,0,0,1,1,1,0,1,1,4780000
Pune,Baner,411019,Apartment,1059,889,2,2,2,1,30,35,12,2,Semi-Furnished,Average,18.556371,73.791625,9,0,1,1,1,0,1,1,1,1,0,1,1,10470000
Kolkata,Alipore,700014,Plot,3277,3277,0,0,0,0,0,0,4,0,Unfurnished,Average,22.529698,88.330327,1,0,0,1,0,0,0,0,0,0,0,0,0,40830000
Kolkata,Rajarhat,700008,Apartment,1076,924,2,2,1,2,8,18,2,2,Unfurnished,New,22.615894,88.488171,8,1,1,1,0,1,1,0,1,1,0,1,0,7050000
Chennai,Besant Nagar,600038,Apartment,754,597,3,3,4,2,10,10,18,0,Fully Furnished,Average,12.998672,80.286001,8,1,1,1,0,0,0,1,1,1,1,1,0,11300000
Nagpur,Pratap Nagar,440015,Apartment,1395,1107,3,3,3,3,1,7,0,1,Semi-Furnished,New,21.118897,79.04918,11,1,1,1,1,1,1,1,1,1,0,1,1,11930000
Pune,Baner,411044,Independent House,1102,930,3,3,3,2,0,1,3,0,Fully Furnished,Good,18.567915,73.792523,6,1,1,1,1,0,0,0,0,0,1,0,1,15250000
Hyderabad,Kukatpally,500014,Apartment,625,518,1,1,1,2,10,14,1,0,Fully Furnished,New,17.494957,78.404983,8,0,1,1,1,0,0,1,1,1,0,1,1,6090000
Pune,Viman Nagar,411018,Apartment,1310,1122,3,3,4,1,33,35,1,0,Semi-Furnished,New,18.563311,73.915115,9,0,1,1,0,1,0,1,1,1,1,1,1,19520000
Mumbai,Bandra West,400019,Apartment,738,645,2,2,2,2,8,14,2,1,Fully Furnished,New,19.04786,72.830818,7,1,1,1,1,0,0,1,1,0,0,1,0,40420000
Chennai,Sholinganallur,600045,Apartment,1443,1156,3,3,3,1,3,4,0,1,Fully Furnished,New,12.902952,80.226114,7,1,1,1,0,1,1,0,0,1,1,0,0,13610000
Delhi NCR,Vasant Kunj (Delhi),110032,Apartment,412,322,1,1,1,3,9,18,3,0,Semi-Furnished,Good,28.513372,77.155174,6,1,1,1,0,0,1,1,0,1,0,0,0,8070000
Mumbai,Juhu,400036,Apartment,919,808,2,2,2,2,1,35,0,1,Fully Furnished,New,19.120792,72.826467,7,1,1,1,0,1,1,0,0,1,1,0,0,45740000
Mumbai,Powai,400042,Apartment,1082,859,3,3,3,3,10,22,5,2,Semi-Furnished,Good,19.112669,72.902998,7,0,1,1,1,0,0,1,1,1,0,1,0,24930000
Mumbai,Powai,400025,Apartment,1722,1485,3,3,3,0,4,10,2,2,Fully Furnished,Average,19.122062,72.897108,8,1,1,1,1,0,0,0,1,1,1,1,0,41770000
Bengaluru,Sarjapur Road,560015,Apartment,1525,1294,3,3,3,0,14,22,25,1,Semi-Furnished,Good,12.919421,77.697644,8,1,1,1,0,0,0,1,0,1,1,1,1,10330000
Bengaluru,Koramangala,560004,Villa,811,642,2,2,1,1,0,2,0,2,Unfurnished,New,12.925139,77.622628,3,0,0,1,0,0,1,0,1,0,0,0,0,16810000
Hyderabad,Gachibowli,500031,Apartment,1118,932,2,2,2,3,25,28,0,1,Semi-Furnished,New,17.439492,78.346341,6,0,1,1,1,0,0,0,1,1,0,1,0,13570000
Pune,Kharadi,411039,Apartment,2718,2331,5,5,4,2,18,18,8,1,Semi-Furnished,New,18.568316,73.922239,8,1,0,1,0,1,0,1,1,1,0,1,1,28340000
Nagpur,Pratap Nagar,440030,Apartment,2864,2406,4,4,4,2,3,4,2,1,Fully Furnished,New,21.121054,79.04748,9,1,1,1,0,0,1,1,1,1,0,1,1,24010000
Delhi NCR,Cyber City (Gurugram),110010,Apartment,919,789,2,2,1,3,24,35,2,1,Fully Furnished,New,28.505983,77.071805,9,1,1,1,0,0,1,1,0,1,1,1,1,21570000
Mumbai,Andheri East,400010,Apartment,706,569,2,2,2,3,18,22,0,2,Unfurnished,New,19.111467,72.866266,9,1,1,1,1,0,1,1,0,1,0,1,1,16760000
Pune,Wakad,411025,Villa,997,825,3,3,3,3,0,2,0,1,Semi-Furnished,New,18.602397,73.784994,4,0,1,1,0,0,1,0,0,0,1,0,0,11930000
Chennai,Sholinganallur,600040,Apartment,1447,1156,3,3,2,2,1,28,5,1,Semi-Furnished,Average,12.895704,80.231307,8,1,0,1,0,1,1,0,1,1,0,1,1,9990000
Nagpur,Dharampeth,440038,Apartment,1238,1014,3,3,3,1,9,22,2,2,Fully Furnished,New,21.148303,79.075135,8,1,1,1,0,1,1,0,1,1,0,1,0,13490000
Mumbai,Powai,400041,Apartment,1073,904,2,2,2,0,3,7,12,2,Semi-Furnished,Good,19.107254,72.898349,8,0,1,1,1,0,1,0,1,1,0,1,1,22980000
Delhi NCR,Sohna Road (Gurugram),110038,Independent House,1773,1479,3,3,3,2,0,3,1,2,Semi-Furnished,New,28.397845,77.039496,6,1,0,0,1,0,0,1,1,0,1,0,1,20740000
Pune,Kharadi,411022,Apartment,1084,905,3,3,3,1,27,28,2,0,Fully Furnished,New,18.556436,73.942159,9,1,0,1,0,1,1,1,0,1,1,1,1,13210000
Nagpur,Ramdaspeth,440037,Apartment,1281,1012,3,3,2,1,3,7,3,0,Unfurnished,Good,21.137327,79.071906,9,1,1,1,1,1,0,0,1,1,1,1,0,12170000
Pune,Wakad,411021,Apartment,1929,1543,3,3,3,2,7,10,3,2,Unfurnished,Good,18.596724,73.765933,10,0,1,1,1,0,1,1,1,1,1,1,1,16720000
Pune,Magarpatta,411015,Independent House,1077,884,2,2,2,1,0,1,2,1,Fully Furnished,Good,18.51435,73.922005,7,0,1,0,1,0,1,0,1,1,0,1,1,15310000
Pune,Baner,411029,Apartment,1757,1408,3,3,4,2,7,28,2,1,Semi-Furnished,Good,18.554197,73.771868,6,1,0,0,0,0,0,1,1,1,0,1,1,20270000
Hyderabad,Kukatpally,500030,Apartment,832,688,2,2,2,2,9,22,0,2,Semi-Furnished,New,17.501125,78.383839,6,0,1,0,0,0,1,0,1,1,1,1,0,7770000
Mumbai,Andheri East,400006,Independent House,742,601,2,2,2,2,0,2,3,1,Unfurnished,New,19.119446,72.869814,4,1,0,0,0,1,0,0,0,1,0,1,0,16350000
Hyderabad,Kondapur,500025,Independent House,880,753,2,2,1,3,0,3,5,1,Fully Furnished,Good,17.475391,78.358647,7,1,0,0,0,1,0,1,1,1,1,1,0,10240000
Bengaluru,Electronic City,560018,Apartment,1287,1100,2,2,1,2,10,10,0,1,Unfurnished,New,12.827386,77.689938,4,0,1,1,0,0,0,0,0,1,0,1,0,9180000
Bengaluru,Sarjapur Road,560021,Apartment,1173,985,3,3,3,1,2,14,2,1,Semi-Furnished,New,12.899657,77.683487,8,1,1,1,1,1,1,0,1,0,0,1,0,11880000
Pune,Hinjewadi,411034,Apartment,928,767,2,2,3,2,26,35,2,2,Semi-Furnished,New,18.603389,73.727291,8,1,0,0,0,1,1,0,1,1,1,1,1,8900000
Bengaluru,Indiranagar,560035,Villa,1084,881,3,3,4,1,0,2,1,1,Unfurnished,New,12.981309,77.647895,7,1,0,1,0,0,1,0,1,0,1,1,1,23230000
Bengaluru,Hebbal,560010,Independent House,504,430,2,2,1,0,0,3,3,3,Unfurnished,Average,13.037392,77.600494,8,1,0,0,0,1,0,1,1,1,1,1,1,5970000
Mumbai,Goregaon West,400018,Apartment,1711,1334,3,3,3,3,7,18,0,2,Semi-Furnished,New,19.156032,72.846142,6,1,1,0,0,1,1,1,0,1,0,0,0,41840000
Bengaluru,Yelahanka,560018,Villa,951,756,3,3,3,2,0,3,5,1,Semi-Furnished,Good,13.103257,77.592267,7,1,0,1,1,0,1,0,1,0,1,0,1,9610000
Nagpur,Ramdaspeth,440003,Apartment,1487,1297,3,3,3,2,10,35,5,1,Semi-Furnished,Good,21.131302,79.069994,7,1,1,1,0,0,0,0,0,1,1,1,1,14900000
Pune,Kharadi,411011,Apartment,764,628,2,2,3,3,7,14,1,1,Fully Furnished,New,18.542913,73.940535,7,1,1,0,1,1,0,1,1,0,0,1,0,8450000
Kolkata,Salt Lake (Sector V),700041,Apartment,649,543,1,1,1,2,22,22,0,2,Semi-Furnished,New,22.583701,88.416194,6,1,0,1,0,1,1,0,0,1,0,1,0,6860000
Mumbai,Andheri West,400017,Apartment,1700,1429,3,3,3,0,4,7,5,0,Fully Furnished,Good,19.128451,72.823985,9,1,1,1,1,1,0,1,0,1,0,1,1,49450000
Bengaluru,Whitefield,560027,Apartment,661,523,1,1,1,2,4,7,5,1,Semi-Furnished,Good,12.967788,77.74522,7,1,1,1,0,0,0,0,1,1,0,1,1,6570000
Mumbai,Andheri West,400023,Apartment,1838,1518,3,3,3,3,8,10,18,2,Fully Furnished,Average,19.144131,72.828383,6,0,1,1,0,0,0,0,1,0,1,1,1,38760000
Mumbai,Andheri East,400039,Apartment,1190,932,3,3,3,2,7,10,0,1,Semi-Furnished,New,19.11778,72.873047,8,1,1,1,0,1,1,0,0,1,1,1,0,29180000
Bengaluru,JP Nagar,560004,Apartment,1563,1374,3,3,2,3,18,18,2,1,Unfurnished,New,12.894275,77.594116,7,0,1,1,1,1,0,0,0,1,1,1,0,16620000
Delhi NCR,Indirapuram (Ghaziabad),110015,Apartment,884,729,2,2,2,1,14,14,2,1,Fully Furnished,Good,28.642002,77.390965,6,1,1,1,0,0,0,0,1,1,0,1,0,8510000
Bengaluru,Yelahanka,560020,Apartment,643,536,1,1,1,3,6,22,1,1,Unfurnished,New,13.099234,77.600576,7,0,1,1,0,1,0,0,1,0,1,1,1,5450000
Pune,Kalyani Nagar,411007,Independent House,1319,1141,3,3,2,2,0,1,0,1,Semi-Furnished,Good,18.560662,73.905141,6,0,0,1,0,1,0,0,1,1,0,1,1,22310000
Pune,Hadapsar,411027,Independent House,1567,1348,3,3,3,1,0,3,8,0,Unfurnished,Good,18.512273,73.932612,3,1,0,0,0,0,0,1,0,0,1,0,0,12530000
Mumbai,Borivali West,400037,Apartment,854,699,2,2,1,2,30,35,3,1,Unfurnished,Good,19.221899,72.860216,5,1,1,0,0,0,1,0,0,0,1,1,0,16660000
Hyderabad,Uppal,500021,Apartment,1028,827,2,2,2,1,3,4,3,1,Unfurnished,Good,17.415196,78.560155,4,0,1,0,0,0,0,1,0,0,0,1,1,5890000
Pune,Kothrud,411035,Plot,2142,2142,0,0,0,0,0,0,1,0,Unfurnished,Average,18.498666,73.804603,2,0,0,1,0,0,0,0,0,0,0,1,0,20180000
Bengaluru,Koramangala,560004,Apartment,668,533,1,1,1,2,4,22,1,2,Unfurnished,New,12.932848,77.623927,5,0,1,1,0,0,0,0,1,1,0,1,0,9700000
Pune,Hadapsar,411003,Apartment,888,776,2,2,1,2,1,7,3,0,Semi-Furnished,Good,18.516023,73.930502,6,1,1,1,0,0,0,1,1,1,0,0,0,7450000
Bengaluru,Whitefield,560028,Apartment,2118,1774,4,4,4,3,3,4,5,2,Semi-Furnished,Good,12.969857,77.744717,9,1,1,1,0,1,1,0,1,1,1,1,0,20370000
Mumbai,Goregaon West,400009,Apartment,3442,2771,5,5,6,0,12,14,0,1,Semi-Furnished,New,19.168536,72.836492,6,1,1,1,0,0,0,0,1,1,0,1,0,73200000
Delhi NCR,Golf Course Road (Gurugram),110029,Apartment,1137,985,2,2,3,2,2,10,1,1,Semi-Furnished,New,28.455669,77.087498,8,1,1,1,1,0,0,0,1,1,0,1,1,25500000
Bengaluru,Indiranagar,560032,Independent House,1301,1041,3,3,4,0,0,2,0,1,Semi-Furnished,New,12.986879,77.645736,5,0,0,0,1,0,1,1,1,0,0,0,1,26920000
Mumbai,Andheri East,400044,Apartment,716,594,2,2,3,3,9,14,12,0,Semi-Furnished,Average,19.123296,72.87179,7,1,1,1,0,0,1,0,0,1,1,1,0,12130000
Chennai,OMR (Thoraipakkam),600032,Apartment,3282,2812,5,5,4,2,3,4,5,1,Semi-Furnished,Good,12.92879,80.240269,10,1,1,1,1,0,1,1,1,1,0,1,1,24800000
Bengaluru,HSR Layout,560015,Apartment,1059,861,3,3,3,3,9,14,1,2,Unfurnished,New,12.899921,77.653502,8,1,1,1,1,1,0,0,1,0,0,1,1,13640000
Mumbai,Andheri West,400015,Apartment,740,643,1,1,2,1,15,18,0,2,Semi-Furnished,New,19.132014,72.814041,9,1,1,1,0,1,1,1,1,1,0,0,1,22050000
Delhi NCR,Greater Noida West,110031,Apartment,1161,955,2,2,2,0,1,18,1,1,Semi-Furnished,New,28.588753,77.430614,12,1,1,1,1,1,1,1,1,1,1,1,1,8310000
Nagpur,Sadar,440029,Apartment,1035,885,2,2,1,2,21,22,5,2,Semi-Furnished,Good,21.171939,79.093588,10,0,1,1,1,1,1,0,1,1,1,1,1,9670000
Mumbai,Andheri East,400009,Apartment,1065,887,3,3,3,3,10,10,3,2,Semi-Furnished,Good,19.110292,72.871782,6,0,1,1,1,0,0,1,1,1,0,0,0,21300000
Delhi NCR,Sohna Road (Gurugram),110018,Villa,786,644,2,2,1,0,0,2,3,1,Fully Furnished,New,28.39775,77.041611,6,1,0,0,1,1,0,0,1,0,1,0,1,11080000
Pune,Hinjewadi,411046,Independent House,500,430,1,1,2,2,0,1,1,1,Semi-Furnished,New,18.589457,73.731506,4,1,0,0,0,0,1,1,0,1,0,0,0,5160000
Nagpur,Manish Nagar,440036,Apartment,1127,986,2,2,1,1,8,14,0,2,Semi-Furnished,New,21.07633,79.075964,7,0,1,1,0,0,1,0,0,1,1,1,1,7740000
Delhi NCR,Indirapuram (Ghaziabad),110011,Apartment,1236,985,3,3,3,3,2,7,5,1,Semi-Furnished,Good,28.639332,77.363403,10,1,1,1,1,1,0,0,1,1,1,1,1,8880000
Pune,Magarpatta,411042,Apartment,778,635,2,2,2,0,6,14,0,1,Unfurnished,New,18.517458,73.927755,7,1,1,1,0,0,1,0,1,1,1,0,0,8350000
Kolkata,Jadavpur,700014,Villa,980,842,2,2,1,1,0,2,12,2,Semi-Furnished,Average,22.493627,88.368827,4,0,0,0,1,0,0,0,1,0,0,1,1,8300000
Bengaluru,Koramangala,560031,Apartment,1179,999,2,2,1,2,20,28,5,1,Semi-Furnished,Good,12.924803,77.631138,7,1,1,1,0,0,1,0,0,1,1,0,1,19430000
Delhi NCR,Dwarka (Delhi),110038,Apartment,2538,2171,5,5,6,2,12,22,8,0,Semi-Furnished,Good,28.59865,77.058303,10,1,1,1,1,0,0,1,1,1,1,1,1,30590000
Kolkata,Rajarhat,700024,Apartment,1753,1464,4,4,4,1,8,22,3,1,Fully Furnished,Good,22.628141,88.492172,7,0,1,1,1,0,1,0,1,0,1,0,1,12730000
Mumbai,Kandivali East,400028,Apartment,1008,800,2,2,1,3,13,14,0,0,Semi-Furnished,New,19.209326,72.858088,9,1,1,1,0,1,0,0,1,1,1,1,1,21010000
Delhi NCR,Cyber City (Gurugram),110002,Villa,2542,2006,4,4,5,2,0,2,18,2,Semi-Furnished,Average,28.493165,77.089152,5,1,1,0,1,1,0,0,1,0,0,0,0,40110000
Mumbai,Thane West,400016,Apartment,1529,1339,3,3,4,2,4,18,12,2,Fully Furnished,Average,19.222876,72.977602,7,1,1,1,0,1,0,0,0,1,0,1,1,21620000
Pune,Aundh,411025,Apartment,545,469,1,1,1,3,3,14,0,1,Semi-Furnished,New,18.567117,73.800543,9,1,1,1,1,1,1,0,1,1,0,0,1,7850000
Bengaluru,Bellandur,560015,Apartment,2034,1610,4,4,5,3,1,4,0,2,Unfurnished,New,12.927802,77.673244,9,1,0,1,1,1,0,1,0,1,1,1,1,21610000
Nagpur,Ramdaspeth,440035,Independent House,1091,940,2,2,2,2,0,1,3,1,Semi-Furnished,Good,21.131706,79.062547,3,0,0,0,0,0,0,0,1,0,1,1,0,13120000
Kolkata,Jadavpur,700030,Apartment,1186,930,2,2,3,0,7,10,1,1,Semi-Furnished,New,22.487662,88.376518,10,1,1,1,0,1,1,0,1,1,1,1,1,9560000
Kolkata,Rajarhat,700011,Independent House,995,856,2,2,3,0,0,3,8,1,Fully Furnished,Good,22.622354,88.488125,2,0,0,0,0,0,1,0,1,0,0,0,0,6940000
Pune,Baner,411028,Apartment,1225,1064,3,3,3,0,3,14,0,2,Fully Furnished,New,18.55167,73.780145,8,0,1,1,0,0,1,0,1,1,1,1,1,16010000
Kolkata,Salt Lake (Sector V),700046,Apartment,827,695,2,2,2,2,9,14,1,1,Fully Furnished,New,22.585456,88.441898,8,0,1,1,0,1,0,1,1,1,1,1,0,8920000
Bengaluru,Sarjapur Road,560038,Apartment,1460,1237,3,3,3,3,18,22,2,1,Semi-Furnished,New,12.914297,77.688776,10,1,1,1,0,1,1,1,1,1,1,1,0,15440000
Pune,Baner,411026,Apartment,1076,902,2,2,2,3,4,10,8,2,Semi-Furnished,Average,18.562858,73.776899,6,0,1,1,0,1,0,0,1,0,1,0,1,10700000
Bengaluru,Koramangala,560016,Apartment,1101,900,2,2,2,1,1,4,0,1,Unfurnished,New,12.929094,77.624804,9,1,1,1,0,1,0,1,1,1,1,1,0,18110000
Bengaluru,Electronic City,560038,Apartment,914,727,2,2,3,0,13,18,5,1,Unfurnished,Good,12.848484,77.695911,5,0,1,1,0,0,1,0,1,1,0,0,0,5730000
Hyderabad,Uppal,500045,Apartment,1051,921,3,3,2,3,3,18,0,1,Unfurnished,New,17.404231,78.565973,6,0,1,0,1,0,1,1,0,1,1,0,0,6550000
Nagpur,Trimurti Nagar,440027,Apartment,1198,995,2,2,2,3,14,14,5,0,Semi-Furnished,Good,21.107291,79.044543,9,1,1,1,1,0,1,1,1,0,0,1,1,8130000
Mumbai,Bandra West,400017,Plot,1187,1187,0,0,0,0,0,0,3,0,Unfurnished,Average,19.073355,72.84544,1,0,0,1,0,0,0,0,0,0,0,0,0,38540000
Pune,Viman Nagar,411033,Independent House,856,731,2,2,1,2,0,2,2,1,Fully Furnished,New,18.574777,73.911203,3,0,0,0,0,0,0,1,1,0,0,1,0,12830000
Delhi NCR,Indirapuram (Ghaziabad),110027,Apartment,1406,1215,3,3,3,0,2,14,0,1,Semi-Furnished,New,28.624643,77.374889,6,1,1,0,1,0,0,0,1,1,0,1,0,10980000
Delhi NCR,Vasant Kunj (Delhi),110006,Apartment,865,707,2,2,2,1,1,22,0,1,Unfurnished,New,28.531549,77.145948,8,1,1,1,0,0,1,0,1,1,1,1,0,19560000
Bengaluru,Whitefield,560016,Apartment,1329,1136,3,3,3,0,15,28,18,1,Semi-Furnished,Average,12.967562,77.756323,4,1,1,1,0,0,0,1,0,0,0,0,0,9800000
Hyderabad,Manikonda,500036,Apartment,1543,1249,3,3,3,0,5,18,3,2,Semi-Furnished,Good,17.411945,78.38675,8,1,1,1,0,1,0,0,1,1,1,0,1,12680000
Pune,Hadapsar,411014,Apartment,1126,921,3,3,3,1,18,35,0,1,Semi-Furnished,New,18.502297,73.949493,8,1,1,1,1,0,0,1,1,1,0,1,0,11820000
Bengaluru,Indiranagar,560023,Independent House,1059,845,3,3,2,3,0,3,3,1,Unfurnished,Good,12.96782,77.644655,6,1,0,1,0,0,0,0,1,1,1,1,0,18910000
Delhi NCR,Sector 150 (Noida),110027,Apartment,2307,1831,4,4,5,3,7,28,8,1,Unfurnished,Good,28.45296,77.476996,6,0,1,1,0,0,0,1,0,1,0,1,1,20450000
Mumbai,Andheri West,400027,Independent House,2132,1816,4,4,4,0,0,2,12,1,Fully Furnished,Average,19.118546,72.825862,6,0,1,0,1,0,1,0,1,1,0,0,1,55800000
Pune,Kothrud,411014,Villa,979,795,2,2,2,3,0,3,3,2,Semi-Furnished,Good,18.531282,73.81064,5,1,1,1,0,0,0,0,1,0,0,0,1,15470000
Bengaluru,Bellandur,560003,Apartment,1107,907,2,2,1,1,7,22,0,1,Unfurnished,Good,12.929862,77.679561,8,1,1,1,0,1,1,0,0,1,0,1,1,11670000
Kolkata,Ballygunge,700024,Villa,1301,1019,2,2,1,2,0,1,2,1,Semi-Furnished,Good,22.518953,88.368789,5,1,0,0,1,0,1,0,1,1,0,0,0,23300000
Pune,Hinjewadi,411025,Villa,1539,1347,3,3,4,3,0,1,8,1,Semi-Furnished,Average,18.583951,73.735561,5,1,1,0,1,0,0,0,0,1,0,0,1,13820000
Delhi NCR,Greater Noida West,110010,Independent House,1645,1304,3,3,3,2,0,3,18,2,Fully Furnished,Average,28.597348,77.425034,7,1,1,1,0,0,1,0,1,1,0,1,0,9920000
Hyderabad,HITEC City,500016,Independent House,1221,991,3,3,2,2,0,1,2,1,Semi-Furnished,New,17.433432,78.375464,5,1,0,1,1,0,0,0,1,0,1,0,0,17120000
Pune,Aundh,411011,Independent House,1364,1064,2,2,3,2,0,3,2,1,Semi-Furnished,New,18.566064,73.797679,6,1,1,0,0,0,1,0,0,0,1,1,1,20910000
Delhi NCR,Golf Course Road (Gurugram),110037,Apartment,1657,1378,3,3,2,3,1,4,2,1,Unfurnished,New,28.476208,77.081712,9,1,1,1,1,0,0,1,1,1,1,1,0,30720000
Bengaluru,Hebbal,560015,Apartment,1269,1001,2,2,1,2,10,10,8,2,Semi-Furnished,Good,13.038917,77.590054,9,1,1,1,1,0,0,0,1,1,1,1,1,13770000
Chennai,OMR (Thoraipakkam),600017,Villa,1103,877,4,4,4,2,0,1,18,2,Unfurnished,Average,12.943027,80.239623,7,1,1,0,0,0,1,0,1,1,0,1,1,8910000
Delhi NCR,Rohini (Delhi),110039,Apartment,1144,948,3,3,3,2,4,28,3,1,Fully Furnished,Good,28.710685,77.102597,6,0,1,0,0,1,1,0,0,1,0,1,1,12660000
Pune,Hinjewadi,411025,Apartment,796,673,2,2,2,1,8,22,3,2,Fully Furnished,Good,18.588035,73.730933,7,1,1,1,1,0,0,0,1,1,0,0,1,7380000
Pune,Kothrud,411014,Apartment,1096,911,2,2,1,2,30,35,3,1,Semi-Furnished,Good,18.505523,73.808006,6,1,1,1,0,1,0,0,1,1,0,0,0,13440000
Nagpur,Wardha Road,440019,Apartment,898,741,2,2,1,0,4,22,1,2,Fully Furnished,Good,21.079598,79.090966,6,1,0,1,0,0,1,0,0,1,0,1,1,5580000
Hyderabad,Manikonda,500045,Apartment,1768,1393,3,3,3,1,16,28,5,1,Semi-Furnished,Good,17.412175,78.391645,8,1,1,1,1,1,0,0,0,1,0,1,1,16230000
Nagpur,Dharampeth,440044,Apartment,618,526,1,1,1,1,5,7,2,1,Semi-Furnished,Good,21.147513,79.060275,6,0,0,1,0,0,1,0,1,1,0,1,1,6060000
Delhi NCR,Rohini (Delhi),110026,Apartment,1676,1354,3,3,3,2,1,7,8,1,Semi-Furnished,Good,28.704995,77.099446,8,1,1,1,0,1,1,1,0,1,0,1,0,15930000
Delhi NCR,Cyber City (Gurugram),110003,Independent House,1198,1014,3,3,2,2,0,3,3,0,Semi-Furnished,Good,28.494492,77.0994,9,1,1,0,1,1,1,0,1,1,1,0,1,23850000
Mumbai,Andheri West,400043,Villa,1389,1212,3,3,2,2,0,2,2,1,Unfurnished,New,19.136764,72.834487,7,1,1,0,1,0,0,0,0,1,1,1,1,44480000
Chennai,Anna Nagar,600025,Apartment,846,719,2,2,2,1,12,14,1,1,Unfurnished,New,13.08669,80.219601,7,0,1,1,0,0,1,0,1,1,1,1,0,12820000
Mumbai,Andheri East,400004,Villa,629,519,2,2,1,2,0,2,0,0,Unfurnished,New,19.118558,72.864617,7,0,1,1,0,0,1,1,1,1,0,0,1,16710000
Bengaluru,Yelahanka,560033,Apartment,1242,1042,3,3,3,3,2,7,8,0,Semi-Furnished,New,13.099224,77.591462,8,1,1,1,1,1,0,1,0,1,1,0,0,8620000
Pune,Hadapsar,411018,Apartment,1626,1325,3,3,2,1,6,28,8,1,Semi-Furnished,Good,18.519099,73.931112,7,1,1,1,0,1,0,0,0,1,1,1,0,12350000
Delhi NCR,Dwarka (Delhi),110004,Apartment,915,735,2,2,2,0,5,7,0,2,Unfurnished,New,28.592048,77.05079,9,1,1,1,0,0,1,1,1,1,1,1,0,12950000
Nagpur,Wardha Road,440006,Apartment,1214,985,3,3,2,0,1,18,5,1,Semi-Furnished,Good,21.080656,79.073658,7,1,1,1,0,0,0,1,0,1,0,1,1,7290000
Mumbai,Goregaon West,400009,Apartment,1070,878,2,2,3,3,4,18,2,0,Unfurnished,New,19.170912,72.841371,9,1,1,1,1,1,1,1,1,0,0,1,0,24630000
Kolkata,Alipore,700036,Independent House,622,537,1,1,1,2,0,2,18,0,Unfurnished,Good,22.524111,88.341227,4,1,0,0,1,0,0,0,1,0,0,1,0,10050000
Chennai,Anna Nagar,600024,Apartment,1288,1130,3,3,4,2,1,7,18,1,Semi-Furnished,Average,13.081164,80.212373,5,0,0,1,0,0,0,0,0,1,1,1,1,14150000
Bengaluru,HSR Layout,560039,Apartment,983,772,2,2,2,3,2,4,0,1,Semi-Furnished,New,12.91459,77.6582,8,1,1,1,1,0,1,0,0,1,0,1,1,14060000
Mumbai,Andheri East,400020,Apartment,982,858,2,2,2,3,19,28,5,2,Semi-Furnished,New,19.12113,72.86144,8,1,1,1,1,0,0,0,1,1,0,1,1,22830000
Hyderabad,Manikonda,500030,Apartment,1259,1099,2,2,3,2,7,7,3,2,Semi-Furnished,Good,17.402456,78.382619,8,1,1,0,0,0,1,0,1,1,1,1,1,10450000
Bengaluru,Whitefield,560018,Apartment,466,370,1,1,1,1,5,28,12,1,Unfurnished,Average,12.963522,77.747036,9,1,1,1,0,0,0,1,1,1,1,1,1,3390000
Pune,Hinjewadi,411029,Plot,3883,3883,0,0,0,0,0,0,4,0,Unfurnished,Average,18.591425,73.746118,1,0,0,0,0,0,0,0,0,0,0,1,0,21210000
Nagpur,Dharampeth,440046,Apartment,738,624,1,1,1,0,6,14,25,1,Unfurnished,Needs Renovation,21.148486,79.068945,9,1,1,1,0,0,1,1,1,0,1,1,1,3980000
Nagpur,Ramdaspeth,440036,Apartment,2423,1920,4,4,4,3,5,10,0,1,Unfurnished,New,21.126465,79.082522,9,1,1,1,1,1,0,1,0,1,0,1,1,25870000
Bengaluru,Yelahanka,560027,Apartment,1539,1215,3,3,2,3,10,35,0,1,Semi-Furnished,Average,13.091295,77.589139,6,0,1,1,0,0,0,1,1,1,0,1,0,12070000
Hyderabad,Manikonda,500032,Apartment,1741,1414,4,4,5,0,3,18,3,3,Fully Furnished,New,17.407906,78.378463,7,1,1,1,1,0,0,0,1,0,0,1,1,17180000
Nagpur,Manish Nagar,440026,Apartment,1089,876,3,3,4,2,11,28,18,1,Unfurnished,Average,21.095518,79.088405,8,1,1,1,1,1,0,0,0,1,0,1,1,5120000
Kolkata,Garia,700034,Villa,1546,1269,3,3,4,3,0,2,1,1,Unfurnished,Good,22.466084,88.385689,4,0,1,0,0,0,0,1,1,0,0,0,1,10620000
Delhi NCR,Golf Course Road (Gurugram),110030,Apartment,614,527,2,2,2,2,13,28,8,1,Semi-Furnished,Good,28.462297,77.081882,10,1,1,1,0,1,1,0,1,1,1,1,1,12420000
Pune,Aundh,411032,Independent House,904,760,2,2,3,2,0,2,2,0,Unfurnished,Good,18.568033,73.806284,5,1,1,0,0,0,0,0,1,1,0,0,1,12240000
Bengaluru,Sarjapur Road,560018,Apartment,1075,900,2,2,2,2,2,7,12,1,Fully Furnished,Needs Renovation,12.91298,77.687529,7,0,1,1,0,0,0,0,1,1,1,1,1,7810000
Mumbai,Navi Mumbai - Vashi,400029,Apartment,687,573,2,2,3,0,4,4,18,1,Semi-Furnished,Good,19.083154,73.0035,6,1,1,1,0,0,0,0,1,1,0,1,0,8140000
Mumbai,Powai,400043,Apartment,908,720,2,2,2,2,1,7,0,2,Fully Furnished,New,19.117286,72.904924,6,1,1,1,0,0,0,0,1,0,1,1,0,24990000
Hyderabad,Jubilee Hills,500019,Apartment,729,594,1,1,2,2,4,7,0,1,Fully Furnished,New,17.440554,78.396802,5,0,0,1,1,0,1,0,0,0,1,1,0,15940000
Bengaluru,HSR Layout,560025,Apartment,1177,978,2,2,2,1,1,4,5,1,Semi-Furnished,Good,12.915194,77.653328,7,0,1,1,1,1,0,0,1,1,0,1,0,15370000
Hyderabad,Miyapur,500022,Apartment,1125,949,2,2,1,1,8,22,0,1,Fully Furnished,New,17.498794,78.369761,5,1,1,1,0,0,0,0,0,0,0,1,1,8950000
Bengaluru,Whitefield,560009,Independent House,582,475,1,1,2,2,0,2,0,0,Semi-Furnished,New,12.966989,77.762507,8,1,1,1,1,0,0,0,1,1,1,0,1,6790000
Kolkata,Garia,700034,Apartment,739,614,1,1,1,0,3,14,3,0,Semi-Furnished,Average,22.467999,88.378806,10,1,1,1,1,1,0,1,1,1,1,1,0,4140000
Delhi NCR,Indirapuram (Ghaziabad),110037,Apartment,870,726,3,3,4,3,1,7,8,1,Semi-Furnished,New,28.645004,77.382082,8,1,1,0,1,1,1,0,1,1,0,1,0,6330000
Hyderabad,Banjara Hills,500044,Apartment,971,776,2,2,2,1,1,4,8,0,Fully Furnished,Good,17.431233,78.431654,6,1,1,1,0,0,0,0,1,1,0,1,0,15890000
Pune,Viman Nagar,411014,Apartment,734,624,1,1,2,2,3,18,5,2,Fully Furnished,Needs Renovation,18.583601,73.91433,7,1,1,1,0,0,0,1,1,1,0,1,0,7930000
Pune,Kalyani Nagar,411031,Apartment,1738,1423,3,3,4,0,6,28,2,0,Unfurnished,New,18.54036,73.899418,9,1,0,1,1,0,0,1,1,1,1,1,1,26320000
Delhi NCR,Indirapuram (Ghaziabad),110006,Apartment,1238,982,2,2,2,2,1,4,12,2,Semi-Furnished,Needs Renovation,28.644503,77.367961,8,1,1,1,1,1,0,0,1,0,0,1,1,7530000
Delhi NCR,Greater Noida West,110040,Apartment,859,694,2,2,1,3,30,35,0,1,Semi-Furnished,New,28.587319,77.437739,10,1,1,1,0,0,1,1,1,1,1,1,1,7110000
Chennai,Porur,600005,Apartment,669,583,1,1,1,2,9,22,0,1,Semi-Furnished,New,13.041519,80.160206,7,0,1,1,0,1,0,1,0,1,1,1,0,5510000
Nagpur,Khamla,440046,Apartment,1540,1271,3,3,3,3,2,18,1,0,Fully Furnished,New,21.094764,79.055627,9,1,1,1,1,0,0,1,1,1,0,1,1,12650000
Mumbai,Navi Mumbai - Vashi,400007,Apartment,753,656,2,2,3,1,18,28,8,1,Semi-Furnished,New,19.080191,72.996964,7,1,1,1,0,1,0,0,1,1,0,1,0,13290000
Pune,Hadapsar,411016,Apartment,2694,2322,4,4,4,2,4,35,0,0,Semi-Furnished,Good,18.505174,73.924693,7,1,1,1,1,0,0,0,0,1,1,1,0,23380000
Delhi NCR,Sohna Road (Gurugram),110006,Independent House,1286,1076,3,3,4,0,0,3,8,1,Unfurnished,Good,28.39656,77.035934,2,0,0,0,0,0,0,0,1,0,0,0,1,11080000
Nagpur,Besha,440014,Apartment,1056,873,2,2,3,2,2,10,1,3,Semi-Furnished,Good,21.079036,79.084565,8,1,1,0,1,0,1,0,1,1,0,1,1,6110000
Bengaluru,HSR Layout,560037,Plot,1829,1829,0,0,0,0,0,0,2,0,Unfurnished,Average,12.907047,77.646625,1,0,0,0,0,0,0,0,0,0,0,1,0,17220000
Pune,Hinjewadi,411022,Apartment,944,740,2,2,2,3,9,10,1,1,Semi-Furnished,New,18.594938,73.734769,9,1,1,1,0,0,1,1,1,1,0,1,1,8540000
Nagpur,Sadar,440025,Apartment,914,722,2,2,1,0,2,7,0,0,Semi-Furnished,Good,21.157027,79.080586,7,1,0,1,0,1,0,0,1,1,1,1,0,7540000
Chennai,Porur,600024,Independent House,1914,1663,4,4,3,2,0,1,5,1,Fully Furnished,Average,13.035921,80.154451,5,0,1,0,1,0,0,0,1,1,1,0,0,15240000
Kolkata,Garia,700002,Independent House,1384,1083,3,3,4,0,0,2,1,2,Semi-Furnished,Good,22.467836,88.396996,5,1,0,0,0,0,0,0,1,1,1,0,1,9220000
Kolkata,Ballygunge,700041,Villa,1096,930,3,3,3,1,0,1,3,0,Semi-Furnished,Average,22.519664,88.361102,3,0,0,0,0,0,1,0,1,0,0,0,1,18040000
Bengaluru,Whitefield,560004,Villa,818,684,2,2,2,2,0,3,0,1,Unfurnished,New,12.959431,77.746351,3,0,0,0,0,0,1,0,0,1,0,0,1,10290000
Hyderabad,Banjara Hills,500015,Plot,2851,2851,0,0,0,0,0,0,2,0,Unfurnished,Average,17.42036,78.431241,1,0,0,0,0,0,0,0,0,0,0,1,0,35840000
Hyderabad,Uppal,500013,Independent House,791,617,2,2,2,2,0,1,2,1,Fully Furnished,New,17.401548,78.553413,7,1,1,0,0,1,1,0,1,0,1,1,0,6740000
Bengaluru,Whitefield,560009,Apartment,949,771,3,3,3,2,5,14,0,0,Semi-Furnished,New,12.966923,77.752409,8,1,0,1,1,1,0,0,1,1,1,1,0,10020000
Nagpur,Khamla,440013,Apartment,2078,1690,3,3,2,2,15,22,12,1,Semi-Furnished,Average,21.117798,79.049968,8,1,1,1,1,0,0,1,1,1,0,1,0,12480000
Delhi NCR,Sohna Road (Gurugram),110006,Apartment,646,567,2,2,2,1,15,18,12,1,Unfurnished,Needs Renovation,28.394355,77.035336,9,1,1,1,1,0,1,1,1,1,0,1,0,4710000
Pune,Kalyani Nagar,411005,Independent House,1261,1029,3,3,4,1,0,3,0,0,Unfurnished,New,18.545366,73.898216,4,1,1,0,0,0,0,0,0,1,0,1,0,21790000
Hyderabad,Madhapur,500015,Villa,895,785,2,2,2,1,0,3,3,1,Fully Furnished,Good,17.46296,78.398013,6,1,0,1,0,0,0,0,1,0,1,1,1,14150000
Bengaluru,Yelahanka,560002,Apartment,2239,1802,4,4,4,2,1,10,1,1,Semi-Furnished,New,13.10385,77.580879,10,1,1,1,1,1,0,1,1,1,1,1,0,19060000
Mumbai,Borivali West,400010,Plot,1934,1934,0,0,0,0,0,0,5,0,Unfurnished,Average,19.237461,72.856309,1,0,0,0,0,0,0,0,0,0,0,1,0,24050000
Mumbai,Navi Mumbai - Vashi,400039,Apartment,1386,1180,3,3,3,1,6,14,0,2,Unfurnished,New,19.090733,73.008575,8,1,1,1,1,0,0,1,0,1,0,1,1,22750000
Nagpur,Pratap Nagar,440041,Apartment,1639,1390,3,3,2,2,4,7,8,3,Unfurnished,Good,21.118068,79.035369,6,0,1,0,0,0,1,0,1,1,0,1,1,10340000
Pune,Hinjewadi,411005,Apartment,743,580,1,1,1,1,16,28,0,1,Fully Furnished,Average,18.589108,73.736953,8,1,0,1,0,0,1,1,1,1,0,1,1,6550000
Pune,Viman Nagar,411011,Independent House,1879,1647,3,3,3,1,0,2,2,1,Semi-Furnished,Good,18.580908,73.93205,7,1,0,1,0,0,1,1,0,1,1,0,1,25560000
Mumbai,Thane West,400044,Apartment,2211,1873,4,4,4,0,9,22,0,1,Semi-Furnished,Good,19.206167,72.989915,5,1,1,0,0,0,1,0,1,1,0,0,0,32420000
Bengaluru,Sarjapur Road,560025,Apartment,987,863,2,2,2,2,5,10,18,1,Semi-Furnished,Good,12.901522,77.680289,9,1,1,1,1,0,0,1,1,1,0,1,1,7210000
Kolkata,Ballygunge,700040,Apartment,846,687,2,2,3,0,16,18,2,1,Fully Furnished,Good,22.523687,88.360614,7,1,1,0,0,0,1,1,1,1,0,1,0,14310000
Hyderabad,Kukatpally,500007,Plot,1060,1060,0,0,0,0,0,0,3,0,Unfurnished,Average,17.485961,78.401364,0,0,0,0,0,0,0,0,0,0,0,0,0,6280000
Mumbai,Juhu,400025,Apartment,1270,1107,3,3,2,0,20,22,1,0,Semi-Furnished,Good,19.101757,72.824456,7,1,1,0,0,1,0,1,0,1,1,0,1,61160000
Hyderabad,Uppal,500020,Plot,1888,1888,0,0,0,0,0,0,1,0,Unfurnished,Average,17.403353,78.55595,1,0,0,1,0,0,0,0,0,0,0,0,0,8710000
Nagpur,Wardha Road,440024,Apartment,1122,888,3,3,3,2,27,28,8,2,Unfurnished,Average,21.085451,79.073269,8,1,1,1,1,1,0,0,1,1,0,1,0,5960000
Chennai,OMR (Thoraipakkam),600043,Villa,492,397,1,1,2,1,0,3,0,1,Fully Furnished,New,12.935907,80.241279,5,0,0,0,0,1,0,0,1,1,1,0,1,6480000
Chennai,Adyar,600003,Independent House,841,732,2,2,2,2,0,1,2,0,Semi-Furnished,New,13.004867,80.239804,8,1,1,1,1,1,0,0,1,1,1,0,0,15940000
Chennai,Porur,600046,Apartment,944,781,2,2,1,1,2,4,5,1,Unfurnished,Good,13.030923,80.149008,7,1,1,1,0,0,1,0,0,1,1,1,0,6050000
Nagpur,Ramdaspeth,440017,Villa,999,813,2,2,2,3,0,3,5,1,Semi-Furnished,Average,21.133701,79.057494,4,1,0,0,0,0,1,1,1,0,0,0,0,10590000
Mumbai,Andheri East,400031,Apartment,1247,1047,3,3,4,2,9,14,0,1,Fully Furnished,New,19.117261,72.84772,9,0,1,1,1,1,1,1,1,1,1,0,0,30870000
Nagpur,Ramdaspeth,440029,Apartment,860,703,2,2,1,0,4,10,0,1,Unfurnished,New,21.146307,79.07232,5,1,0,0,1,0,0,0,1,1,0,1,0,8910000
Chennai,Sholinganallur,600038,Apartment,974,802,2,2,3,3,6,14,1,0,Fully Furnished,Average,12.883955,80.234046,8,0,0,1,1,0,1,1,1,1,1,1,0,7750000
Mumbai,Andheri East,400008,Apartment,2292,1975,4,4,5,1,6,28,3,3,Unfurnished,Good,19.14501,72.853027,8,0,1,0,0,1,0,1,1,1,1,1,1,48790000
Delhi NCR,Golf Course Road (Gurugram),110038,Apartment,900,703,2,2,2,1,5,22,5,1,Semi-Furnished,Good,28.461799,77.094036,9,1,1,1,1,0,1,0,1,1,0,1,1,17680000
Nagpur,Ramdaspeth,440002,Villa,1256,1102,3,3,3,1,0,2,1,0,Semi-Furnished,New,21.137836,79.063263,6,1,1,0,0,0,1,0,1,0,1,0,1,18410000
Delhi NCR,Golf Course Road (Gurugram),110006,Apartment,878,760,2,2,2,1,5,7,2,0,Semi-Furnished,New,28.450459,77.0908,7,1,1,1,0,0,0,0,1,1,1,0,1,19850000
Mumbai,Navi Mumbai - Vashi,400009,Villa,858,725,2,2,2,2,0,2,5,0,Fully Furnished,Good,19.079968,72.992752,1,0,0,0,0,0,0,0,0,0,0,0,1,17900000
Bengaluru,Sarjapur Road,560021,Apartment,1067,847,2,2,2,2,2,14,0,1,Semi-Furnished,New,12.925089,77.683595,9,1,1,1,1,0,0,1,1,1,1,0,1,11080000
Pune,Hadapsar,411041,Apartment,966,838,2,2,3,0,20,35,0,2,Semi-Furnished,New,18.519267,73.920149,6,1,1,0,1,0,1,0,1,1,0,0,0,9930000
Mumbai,Navi Mumbai - Vashi,400038,Apartment,559,453,1,1,1,2,8,28,0,1,Semi-Furnished,New,19.076586,72.999334,9,1,1,1,0,0,1,1,1,1,1,1,0,10090000
Hyderabad,Uppal,500018,Apartment,2056,1803,4,4,5,3,5,14,5,2,Fully Furnished,Good,17.403518,78.572825,8,1,1,1,0,1,1,0,1,1,0,1,0,14170000
Mumbai,Navi Mumbai - Vashi,400019,Apartment,1619,1347,3,3,3,3,1,18,5,1,Semi-Furnished,Good,19.073456,72.991486,7,1,1,1,0,1,0,0,1,1,0,1,0,25290000
Nagpur,Ramdaspeth,440029,Apartment,671,531,1,1,2,2,2,4,2,0,Semi-Furnished,Good,21.146981,79.070568,8,1,1,1,0,0,1,0,0,1,1,1,1,6650000
Delhi NCR,Dwarka (Delhi),110037,Villa,669,576,2,2,2,0,0,1,0,1,Semi-Furnished,New,28.58896,77.053973,2,1,0,0,0,0,0,0,1,0,0,0,0,11590000
Chennai,Anna Nagar,600014,Villa,1561,1273,3,3,2,2,0,3,1,1,Semi-Furnished,New,13.083476,80.212592,6,1,1,0,0,0,1,1,0,1,0,1,0,30890000
Pune,Viman Nagar,411039,Apartment,964,815,2,2,1,1,8,18,5,1,Semi-Furnished,Good,18.543971,73.912805,8,1,1,1,1,0,0,0,1,1,1,0,1,10490000
Kolkata,New Town (Action Area 1),700012,Villa,1703,1339,3,3,4,3,0,2,1,3,Semi-Furnished,Good,22.601219,88.475733,7,1,1,0,0,0,1,0,1,1,1,1,0,19270000
Mumbai,Andheri East,400011,Apartment,787,624,2,2,2,1,1,10,2,3,Unfurnished,Good,19.127579,72.877158,7,1,1,1,0,1,0,0,1,1,0,1,0,15340000
Hyderabad,Uppal,500039,Apartment,1686,1361,3,3,3,2,2,4,2,0,Fully Furnished,New,17.39295,78.553604,10,1,1,1,0,1,1,1,0,1,1,1,1,11710000
Delhi NCR,Golf Course Road (Gurugram),110040,Apartment,1266,1099,3,3,3,2,2,18,0,2,Semi-Furnished,Good,28.451048,77.104185,7,1,0,1,0,1,0,0,1,1,1,1,0,25840000
Chennai,OMR (Thoraipakkam),600034,Villa,616,513,1,1,1,0,0,1,12,1,Semi-Furnished,Average,12.938437,80.222435,7,1,0,1,1,0,0,0,1,1,0,1,1,5570000
Hyderabad,Jubilee Hills,500006,Villa,623,533,2,2,2,3,0,3,0,1,Unfurnished,New,17.431351,78.396353,3,1,0,0,1,0,0,0,0,0,1,0,0,16370000
Pune,Kothrud,411012,Villa,1105,878,2,2,1,2,0,3,0,3,Semi-Furnished,New,18.508246,73.81781,9,1,1,0,0,0,1,1,1,1,1,1,1,19610000
Nagpur,Wardha Road,440040,Apartment,636,547,1,1,1,3,22,22,3,1,Fully Furnished,Good,21.081598,79.072112,9,1,1,1,0,1,1,0,0,1,1,1,1,4690000
Bengaluru,Bellandur,560019,Apartment,1075,911,2,2,2,1,20,22,5,1,Unfurnished,Average,12.92831,77.662961,9,1,1,1,1,0,1,0,1,1,0,1,1,9820000
Mumbai,Navi Mumbai - Vashi,400022,Apartment,1369,1125,3,3,3,2,1,10,12,1,Unfurnished,Average,19.077847,72.989558,8,1,1,1,0,1,1,1,0,0,0,1,1,18380000
Pune,Magarpatta,411019,Apartment,1209,1042,2,2,3,2,6,28,5,1,Fully Furnished,New,18.520617,73.927776,8,1,1,1,0,0,0,1,1,1,0,1,1,14380000
Bengaluru,HSR Layout,560022,Independent House,787,621,2,2,1,2,0,1,8,2,Semi-Furnished,Good,12.91272,77.646662,4,1,0,0,0,0,0,0,0,1,1,0,1,9910000
Mumbai,Kandivali East,400029,Apartment,1007,865,2,2,2,2,1,4,0,2,Fully Furnished,New,19.204958,72.853438,6,1,1,1,0,0,0,0,1,0,0,1,1,19340000
Hyderabad,Banjara Hills,500030,Apartment,879,692,2,2,2,3,3,10,0,1,Unfurnished,New,17.430702,78.440152,6,1,1,1,1,0,0,0,1,0,0,1,0,14800000
Mumbai,Thane West,400008,Apartment,1522,1211,3,3,3,0,6,7,5,0,Semi-Furnished,New,19.205922,72.986762,8,0,1,1,0,1,1,1,0,1,0,1,1,23370000
Nagpur,Manish Nagar,440013,Apartment,933,793,2,2,2,0,9,14,12,1,Unfurnished,Average,21.101706,79.073103,6,0,1,1,0,1,1,0,1,1,0,0,0,4510000
Delhi NCR,Sector 62 (Noida),110014,Villa,850,732,2,2,3,2,0,1,2,1,Semi-Furnished,New,28.635307,77.349845,3,0,0,0,0,0,1,0,1,0,0,1,0,8800000
Mumbai,Kandivali East,400043,Independent House,872,688,2,2,2,0,0,1,3,1,Fully Furnished,Good,19.210614,72.878302,4,1,0,0,1,0,0,0,0,1,0,0,1,17820000
Nagpur,Besha,440011,Independent House,879,753,2,2,1,2,0,1,3,1,Semi-Furnished,Good,21.083231,79.076042,5,1,0,1,0,0,0,0,1,1,0,1,0,5100000
Hyderabad,Kukatpally,500010,Apartment,2171,1730,4,4,5,0,25,28,8,1,Unfurnished,Good,17.498394,78.395522,10,1,1,1,0,1,1,0,1,1,1,1,1,16960000
Bengaluru,JP Nagar,560034,Apartment,524,439,2,2,3,2,14,28,25,0,Semi-Furnished,Average,12.901034,77.589328,8,1,1,1,0,0,0,1,1,1,0,1,1,3800000
Mumbai,Goregaon West,400027,Independent House,1414,1137,3,3,2,3,0,2,8,1,Semi-Furnished,Good,19.168175,72.83796,5,1,0,0,0,1,0,1,1,1,0,0,0,31970000
Delhi NCR,Greater Noida West,110031,Plot,1284,1284,0,0,0,0,0,0,0,0,Unfurnished,Average,28.582298,77.433347,0,0,0,0,0,0,0,0,0,0,0,0,0,6060000
Nagpur,Khamla,440008,Apartment,1439,1199,3,3,2,1,5,10,1,1,Semi-Furnished,New,21.110308,79.059794,7,0,1,1,0,1,1,0,1,1,0,1,0,11210000
Bengaluru,Sarjapur Road,560025,Plot,1768,1768,0,0,0,0,0,0,0,0,Unfurnished,Average,12.8939,77.694273,1,0,0,1,0,0,0,0,0,0,0,0,0,11720000
Chennai,Adyar,600034,Apartment,624,523,1,1,1,3,4,28,8,1,Semi-Furnished,New,13.010778,80.245527,6,0,1,1,0,0,1,0,1,1,0,1,0,9290000
Hyderabad,Gachibowli,500025,Apartment,1327,1050,3,3,3,3,1,4,5,1,Fully Furnished,Good,17.43383,78.362779,7,1,0,1,0,1,0,1,1,1,0,1,0,13530000
Mumbai,Bandra West,400026,Apartment,1260,1059,3,3,3,1,12,22,2,1,Semi-Furnished,New,19.061235,72.819883,9,1,0,1,0,1,1,0,1,1,1,1,1,65010000
Pune,Viman Nagar,411044,Independent House,1004,815,2,2,2,0,0,2,0,2,Unfurnished,New,18.565237,73.913553,6,1,0,0,1,0,1,1,0,0,1,0,1,13730000
Mumbai,Andheri West,400022,Villa,421,334,1,1,2,2,0,3,18,1,Semi-Furnished,Good,19.138873,72.841739,5,1,0,0,0,0,1,0,1,0,1,0,1,11920000
Nagpur,Dharampeth,440006,Plot,2142,2142,0,0,0,0,0,0,3,0,Unfurnished,Average,21.146202,79.066242,0,0,0,0,0,0,0,0,0,0,0,0,0,13100000
Nagpur,Manish Nagar,440038,Apartment,1829,1508,3,3,3,2,3,7,1,1,Semi-Furnished,New,21.092719,79.096455,8,1,1,1,1,0,0,1,0,1,1,1,0,12500000
Pune,Viman Nagar,411037,Apartment,2787,2309,4,4,4,1,8,22,3,1,Unfurnished,Good,18.574101,73.918724,9,1,1,1,1,0,0,0,1,1,1,1,1,32040000
Nagpur,Ramdaspeth,440020,Apartment,907,736,2,2,1,2,6,28,0,1,Semi-Furnished,New,21.144804,79.076523,7,1,1,0,0,0,0,0,1,1,1,1,1,9210000
Mumbai,Thane West,400009,Apartment,1118,962,3,3,4,3,10,10,3,0,Semi-Furnished,Good,19.216813,72.98058,7,1,1,1,0,0,1,0,1,1,0,1,0,17020000
Nagpur,Trimurti Nagar,440031,Apartment,1158,1011,2,2,1,0,14,14,5,1,Semi-Furnished,Good,21.102391,79.040149,6,1,1,0,1,1,1,0,0,1,0,0,0,7290000
Bengaluru,Hebbal,560036,Apartment,2387,2031,4,4,4,3,21,22,1,1,Fully Furnished,Good,13.035044,77.600357,6,0,1,1,1,0,0,0,0,1,0,1,1,28490000
Mumbai,Goregaon West,400003,Villa,1168,1019,2,2,1,3,0,1,5,1,Fully Furnished,Good,19.172934,72.845368,7,1,1,1,0,0,0,1,0,0,1,1,1,34170000
Mumbai,Kandivali East,400025,Apartment,1049,921,2,2,1,1,10,14,2,1,Semi-Furnished,Good,19.200545,72.875544,5,1,0,1,0,0,0,0,1,1,0,1,0,19680000
Pune,Kalyani Nagar,411002,Villa,2504,1975,4,4,4,2,0,2,8,1,Semi-Furnished,Average,18.540463,73.906191,4,0,0,0,0,0,1,0,1,0,1,1,0,36650000
Mumbai,Kandivali East,400046,Apartment,1544,1258,3,3,4,2,6,10,1,1,Semi-Furnished,New,19.209805,72.853741,11,1,1,1,1,1,1,1,1,1,1,1,0,28730000
Delhi NCR,Rohini (Delhi),110044,Apartment,901,722,2,2,3,2,6,35,1,1,Semi-Furnished,New,28.707593,77.100324,8,1,1,1,1,0,1,0,0,0,1,1,1,10420000
Mumbai,Powai,400043,Villa,1463,1224,3,3,3,0,0,2,2,2,Unfurnished,New,19.116046,72.899954,4,1,0,0,0,0,0,0,1,1,1,0,0,46310000
Pune,Kothrud,411025,Apartment,1233,1061,2,2,2,0,4,7,1,2,Semi-Furnished,New,18.503532,73.802803,6,0,1,1,0,0,0,0,0,1,1,1,1,16680000
Kolkata,Salt Lake (Sector V),700004,Apartment,1309,1022,3,3,2,2,14,35,0,1,Semi-Furnished,Good,22.578885,88.435917,7,1,1,1,0,1,0,0,1,1,0,1,0,11790000
Pune,Hadapsar,411014,Apartment,1732,1438,3,3,2,0,3,10,5,1,Semi-Furnished,Good,18.509481,73.922608,7,1,1,0,1,0,0,0,1,0,1,1,1,14180000
Nagpur,Khamla,440027,Independent House,2085,1801,4,4,3,1,0,2,8,2,Semi-Furnished,New,21.10115,79.06996,7,1,1,0,0,1,1,0,1,0,0,1,1,16740000
Mumbai,Navi Mumbai - Vashi,400007,Apartment,1511,1272,3,3,2,2,1,4,0,2,Unfurnished,Good,19.084712,72.990431,8,0,0,1,1,1,1,1,1,1,0,1,0,23430000
Bengaluru,Bellandur,560019,Apartment,904,710,2,2,2,2,1,7,5,1,Fully Furnished,Good,12.932774,77.659182,9,1,1,1,0,0,0,1,1,1,1,1,1,9830000
Bengaluru,Hebbal,560014,Apartment,1248,1081,3,3,4,2,9,28,3,1,Unfurnished,New,13.039258,77.60076,10,1,1,1,1,1,0,0,1,1,1,1,1,13570000
Pune,Kalyani Nagar,411002,Apartment,1220,969,3,3,3,1,1,35,2,1,Unfurnished,Good,18.545415,73.896127,8,1,1,1,0,1,0,1,1,1,1,0,0,16770000
Pune,Aundh,411043,Apartment,541,440,1,1,1,3,3,14,8,2,Unfurnished,Good,18.539344,73.805701,10,1,1,1,1,0,1,1,1,1,1,1,0,6180000
Pune,Hinjewadi,411013,Apartment,409,351,1,1,1,2,14,18,25,0,Unfurnished,Average,18.581401,73.739775,8,0,1,1,1,1,1,0,0,1,1,1,0,2370000
Pune,Baner,411016,Apartment,612,493,1,1,1,2,10,14,0,2,Fully Furnished,New,18.554148,73.790447,8,1,1,1,0,0,0,0,1,1,1,1,1,8190000
Chennai,Besant Nagar,600046,Apartment,1224,987,3,3,3,0,2,4,1,1,Semi-Furnished,New,12.990965,80.252685,6,1,1,1,0,1,0,0,0,1,1,0,0,21860000
Mumbai,Goregaon West,400009,Independent House,2159,1776,4,4,4,3,0,3,12,3,Semi-Furnished,Good,19.163827,72.837372,5,1,0,0,0,1,1,1,1,0,0,0,0,44090000
Bengaluru,Hebbal,560004,Apartment,1553,1218,3,3,3,1,10,28,2,1,Semi-Furnished,Good,13.025263,77.603208,7,0,0,1,0,0,1,1,1,1,0,1,1,16410000
Bengaluru,Koramangala,560017,Apartment,1815,1449,4,4,5,2,14,18,5,0,Unfurnished,Good,12.923466,77.620489,9,1,1,0,1,1,0,1,1,1,1,1,0,28160000
Delhi NCR,Dwarka (Delhi),110031,Apartment,1529,1231,3,3,2,1,1,7,2,0,Semi-Furnished,Good,28.599927,77.050177,8,1,1,1,1,1,0,1,1,1,0,0,0,18670000
Hyderabad,Uppal,500008,Apartment,545,472,1,1,1,2,7,7,3,1,Semi-Furnished,Good,17.395558,78.570845,6,1,0,1,0,0,0,1,1,1,0,0,1,3250000
Bengaluru,Koramangala,560020,Apartment,1625,1290,3,3,3,2,17,22,3,2,Unfurnished,New,12.942344,77.639137,10,1,1,1,1,1,0,1,1,1,1,1,0,26550000
Bengaluru,Electronic City,560011,Villa,1071,841,2,2,2,1,0,1,0,2,Semi-Furnished,Good,12.858153,77.672059,4,1,0,1,0,0,0,0,1,0,0,1,0,9320000
Nagpur,Besha,440045,Apartment,383,307,1,1,1,2,8,10,12,1,Unfurnished,Good,21.079702,79.075935,6,0,1,0,1,1,1,1,0,0,0,1,0,1720000
Pune,Baner,411010,Apartment,1510,1278,3,3,3,2,3,4,12,0,Unfurnished,Average,18.560481,73.790204,10,1,1,1,1,1,0,1,1,1,0,1,1,13070000
Bengaluru,Sarjapur Road,560021,Apartment,713,591,1,1,1,2,1,22,2,2,Unfurnished,Good,12.902681,77.679584,4,0,0,1,0,0,0,0,1,1,1,0,0,5840000
Pune,Kothrud,411044,Apartment,666,567,1,1,1,1,16,22,8,3,Fully Furnished,Good,18.514603,73.81131,7,0,1,1,0,1,0,0,1,1,1,1,0,9410000
Kolkata,Alipore,700012,Apartment,457,399,1,1,2,3,12,28,8,2,Fully Furnished,Good,22.544338,88.342186,5,1,0,0,0,0,0,0,0,1,1,1,1,9030000
Bengaluru,HSR Layout,560040,Apartment,766,640,1,1,1,0,17,18,25,3,Unfurnished,Good,12.898847,77.640404,6,1,1,1,0,0,0,0,0,1,1,1,0,7040000
Hyderabad,Madhapur,500020,Apartment,1073,911,2,2,2,1,22,28,8,1,Unfurnished,Good,17.439899,78.39756,9,1,1,1,0,1,1,1,0,1,1,1,0,12040000
Bengaluru,Yelahanka,560009,Independent House,1575,1313,3,3,3,0,0,2,25,1,Fully Furnished,New,13.10297,77.588397,5,0,0,0,1,1,0,0,1,1,0,1,0,11460000
Hyderabad,Gachibowli,500002,Apartment,1714,1361,3,3,4,1,8,14,5,1,Semi-Furnished,New,17.446335,78.348588,7,1,1,0,1,0,0,0,1,0,1,1,1,18040000
Mumbai,Navi Mumbai - Vashi,400020,Independent House,603,519,2,2,3,1,0,3,5,1,Unfurnished,Good,19.068533,73.013891,3,0,0,0,1,0,1,0,0,0,0,1,0,9060000
Delhi NCR,Vasant Kunj (Delhi),110031,Independent House,982,777,2,2,2,1,0,3,1,1,Unfurnished,New,28.52806,77.145961,5,1,1,0,0,0,0,0,1,1,1,0,0,24230000
Nagpur,Khamla,440020,Apartment,677,536,1,1,1,0,10,35,1,1,Semi-Furnished,New,21.1151,79.080947,7,1,1,1,0,0,0,1,0,1,1,0,1,4870000
Bengaluru,Yelahanka,560003,Apartment,1131,957,2,2,1,1,5,10,1,2,Unfurnished,Good,13.099318,77.602475,5,0,1,1,0,1,0,0,0,1,0,1,0,8690000
Pune,Aundh,411004,Independent House,824,652,2,2,3,0,0,3,3,3,Fully Furnished,Good,18.564432,73.793837,10,0,0,1,1,1,1,1,1,1,1,1,1,14280000
Kolkata,Jadavpur,700008,Apartment,1475,1260,3,3,3,2,12,14,0,1,Unfurnished,New,22.503109,88.379465,10,1,1,1,1,1,1,1,0,1,1,0,1,11980000
Pune,Baner,411029,Apartment,1437,1234,3,3,4,2,23,28,1,2,Semi-Furnished,New,18.551951,73.781102,9,1,1,1,1,1,0,0,1,1,1,1,0,19790000
Delhi NCR,Cyber City (Gurugram),110016,Apartment,1195,997,2,2,2,2,2,7,0,1,Semi-Furnished,Good,28.493095,77.089868,9,1,1,1,0,1,1,1,0,1,0,1,1,20760000
Hyderabad,Gachibowli,500008,Apartment,1695,1453,3,3,4,2,14,18,2,0,Unfurnished,New,17.445423,78.36443,11,1,1,1,1,1,1,0,1,1,1,1,1,18120000
Bengaluru,Electronic City,560020,Plot,2971,2971,0,0,0,0,0,0,0,0,Unfurnished,Average,12.836876,77.678852,2,0,0,1,0,0,0,0,0,0,0,1,0,15930000
Delhi NCR,Sector 150 (Noida),110011,Apartment,913,726,2,2,3,2,2,28,0,1,Semi-Furnished,New,28.448016,77.485051,6,1,1,1,0,0,0,0,1,1,1,0,0,10110000
Bengaluru,Koramangala,560039,Independent House,1169,975,3,3,3,2,0,3,12,1,Semi-Furnished,Good,12.946044,77.633862,3,1,0,0,0,0,1,0,1,0,0,0,0,17790000
Hyderabad,Jubilee Hills,500030,Apartment,963,784,2,2,2,2,1,18,0,1,Fully Furnished,Good,17.436332,78.400406,8,1,1,1,0,0,0,0,1,1,1,1,1,19760000
Nagpur,Sadar,440032,Apartment,1286,1023,4,4,5,2,9,22,8,1,Fully Furnished,Good,21.170012,79.069508,7,0,1,1,1,0,0,1,1,1,0,1,0,12330000
Nagpur,Dharampeth,440039,Independent House,1316,1042,3,3,4,3,0,3,2,1,Unfurnished,New,21.142707,79.055678,6,1,0,1,1,0,0,1,1,0,0,0,1,13750000
Delhi NCR,Sohna Road (Gurugram),110004,Apartment,2636,2318,4,4,5,0,1,4,12,1,Semi-Furnished,Average,28.375098,77.052216,9,1,1,1,1,1,0,1,1,0,1,1,0,20780000
Delhi NCR,Golf Course Road (Gurugram),110022,Villa,743,610,2,2,2,2,0,1,2,1,Semi-Furnished,New,28.450898,77.107811,5,0,0,0,0,0,1,1,1,0,0,1,1,19820000
Mumbai,Andheri East,400029,Villa,1109,931,3,3,3,1,0,3,5,1,Semi-Furnished,Good,19.122699,72.872408,6,0,1,0,1,0,0,1,1,1,0,0,1,27930000
Hyderabad,Miyapur,500012,Apartment,987,833,2,2,2,3,9,10,2,1,Semi-Furnished,New,17.488594,78.370207,9,1,1,1,1,0,1,0,1,1,1,1,0,7780000
Nagpur,Manish Nagar,440017,Apartment,2301,1837,4,4,4,0,2,4,0,1,Fully Furnished,New,21.093993,79.09749,7,0,1,1,1,0,0,1,1,0,1,1,0,17310000
Pune,Kothrud,411020,Apartment,747,628,2,2,2,2,1,4,5,3,Semi-Furnished,Average,18.510996,73.824388,5,1,1,0,0,0,0,1,0,1,0,1,0,7910000
Delhi NCR,Dwarka (Delhi),110010,Villa,1308,1023,3,3,3,1,0,3,3,1,Fully Furnished,Good,28.595432,77.045569,6,1,0,1,1,1,0,0,1,0,1,0,0,22620000
Kolkata,Salt Lake (Sector V),700008,Apartment,2524,2084,4,4,5,2,4,7,3,1,Unfurnished,New,22.59856,88.431569,9,1,1,1,1,1,1,0,0,1,1,1,0,22450000
Bengaluru,HSR Layout,560019,Independent House,685,556,2,2,3,2,0,2,5,1,Fully Furnished,Good,12.914164,77.653431,4,1,0,0,0,0,1,0,1,0,1,0,0,10340000
Pune,Hinjewadi,411025,Apartment,949,821,2,2,1,1,8,22,2,1,Semi-Furnished,Good,18.586586,73.730163,7,1,1,1,1,0,0,0,0,1,1,1,0,8180000
Hyderabad,Kondapur,500017,Independent House,1106,888,2,2,1,0,0,3,8,1,Semi-Furnished,Good,17.457534,78.370519,6,1,1,1,0,1,0,0,1,0,1,0,0,11330000
Hyderabad,Uppal,500032,Apartment,1752,1531,3,3,3,1,20,22,0,1,Semi-Furnished,New,17.391063,78.549273,9,1,1,1,0,0,1,1,1,1,1,1,0,12740000
Mumbai,Andheri East,400042,Apartment,1035,887,2,2,3,3,10,10,2,2,Fully Furnished,New,19.127971,72.875349,8,1,1,1,0,0,1,0,1,1,1,1,0,25270000
Pune,Viman Nagar,411018,Apartment,1141,963,3,3,3,0,6,18,0,2,Semi-Furnished,New,18.57774,73.906582,8,1,1,1,0,0,0,0,1,1,1,1,1,16150000
Chennai,Porur,600016,Independent House,550,439,1,1,1,3,0,1,2,1,Unfurnished,Good,13.050925,80.161931,6,1,1,0,0,1,0,0,1,1,0,1,0,4410000
Pune,Kothrud,411031,Independent House,861,711,2,2,1,0,0,1,5,1,Semi-Furnished,Good,18.504673,73.811127,7,1,0,0,0,0,1,1,1,0,1,1,1,12010000
Mumbai,Juhu,400014,Apartment,848,670,2,2,3,2,11,14,25,2,Semi-Furnished,Good,19.106175,72.826929,9,1,1,1,0,0,1,0,1,1,1,1,1,25460000
Pune,Aundh,411041,Apartment,2273,1780,4,4,4,3,25,28,8,1,Semi-Furnished,Good,18.554762,73.799473,11,1,1,1,1,1,1,1,1,1,0,1,1,28400000
Bengaluru,Whitefield,560016,Apartment,643,521,2,2,2,2,8,14,8,0,Semi-Furnished,Good,12.958956,77.744328,7,1,1,1,0,0,1,0,0,1,0,1,1,6260000
Pune,Hinjewadi,411003,Apartment,1267,1053,3,3,3,3,4,10,5,1,Semi-Furnished,Needs Renovation,18.592722,73.742104,9,1,1,1,1,0,1,0,1,1,1,1,0,8440000
Delhi NCR,Golf Course Road (Gurugram),110018,Apartment,936,758,2,2,1,2,2,28,8,1,Semi-Furnished,Good,28.449938,77.106007,6,1,0,1,1,0,1,0,1,1,0,0,0,18640000
Delhi NCR,Vasant Kunj (Delhi),110037,Apartment,1463,1237,4,4,4,3,3,7,12,0,Semi-Furnished,Average,28.511808,77.153762,9,1,1,1,1,0,1,0,1,1,1,1,0,24730000
Pune,Viman Nagar,411023,Plot,2288,2288,0,0,0,0,0,0,3,0,Unfurnished,Average,18.571948,73.908474,1,0,0,0,0,0,0,0,0,0,0,1,0,21110000
Delhi NCR,Sector 62 (Noida),110007,Independent House,1153,927,2,2,3,0,0,3,0,1,Semi-Furnished,New,28.628701,77.370216,4,0,0,0,0,0,1,0,1,0,1,0,1,12990000
Bengaluru,Yelahanka,560042,Apartment,1257,1075,3,3,4,2,9,14,5,2,Unfurnished,Good,13.09417,77.596925,8,1,1,1,0,0,0,0,1,1,1,1,1,9800000
Pune,Kothrud,411002,Independent House,1435,1218,3,3,3,2,0,1,0,1,Semi-Furnished,Good,18.494784,73.801277,5,0,0,0,0,1,1,1,1,1,0,0,0,20590000
Bengaluru,JP Nagar,560046,Apartment,1380,1092,3,3,2,0,8,10,0,1,Fully Furnished,Good,12.92208,77.574612,7,0,1,1,0,0,0,0,1,1,1,1,1,16780000
Bengaluru,HSR Layout,560021,Plot,1156,1156,0,0,0,0,0,0,5,0,Unfurnished,Average,12.924013,77.662772,2,0,0,1,0,0,0,0,0,0,0,1,0,10040000
Hyderabad,Uppal,500017,Independent House,631,553,1,1,1,0,0,3,2,3,Semi-Furnished,New,17.406358,78.561764,3,1,0,1,0,0,0,0,1,0,0,0,0,4900000
Delhi NCR,Sohna Road (Gurugram),110039,Independent House,1509,1258,3,3,2,3,0,3,2,1,Fully Furnished,New,28.374742,77.047457,3,1,0,0,0,0,0,0,0,0,1,1,0,18190000
Chennai,OMR (Thoraipakkam),600027,Villa,1343,1074,3,3,2,2,0,1,2,0,Semi-Furnished,Good,12.959375,80.231601,5,0,0,1,0,1,1,0,1,0,0,0,1,13800000
Mumbai,Andheri East,400040,Apartment,1290,1048,2,2,2,2,17,18,18,1,Unfurnished,Good,19.106944,72.865299,10,1,1,1,0,0,1,1,1,1,1,1,1,21890000
Delhi NCR,Dwarka (Delhi),110013,Independent House,1093,867,2,2,3,3,0,2,3,1,Fully Furnished,Good,28.593762,77.035659,7,1,1,0,1,0,1,0,1,1,1,0,0,17090000
Hyderabad,Madhapur,500002,Plot,3587,3587,0,0,0,0,0,0,3,0,Unfurnished,Average,17.443441,78.390882,1,0,0,0,0,0,0,0,0,0,0,1,0,28690000
Hyderabad,Kondapur,500030,Independent House,2258,1909,4,4,4,2,0,1,2,1,Unfurnished,New,17.455692,78.366312,5,0,0,0,1,1,0,0,1,0,0,1,1,24110000
Nagpur,Wardha Road,440038,Apartment,1186,951,2,2,2,1,12,22,5,1,Semi-Furnished,Good,21.083554,79.078811,9,0,1,1,1,1,1,0,1,1,0,1,1,7270000
Pune,Aundh,411005,Apartment,1180,1033,2,2,3,3,4,10,1,0,Semi-Furnished,New,18.566778,73.807917,4,0,0,1,0,1,0,0,1,0,0,0,1,17330000
Kolkata,New Town (Action Area 1),700017,Apartment,1102,901,2,2,2,3,1,10,2,2,Fully Furnished,New,22.59959,88.46179,5,1,1,1,0,0,0,0,0,1,0,1,0,9070000
Mumbai,Kandivali East,400040,Independent House,1473,1217,3,3,4,0,0,3,2,1,Semi-Furnished,Good,19.207364,72.863787,8,1,1,1,1,0,0,1,1,1,1,0,0,30290000
Nagpur,Ramdaspeth,440035,Apartment,745,629,1,1,1,2,2,18,5,1,Semi-Furnished,Average,21.140763,79.066272,7,1,0,0,0,0,1,1,1,0,1,1,1,6760000
Delhi NCR,Vasant Kunj (Delhi),110029,Apartment,1795,1515,4,4,5,2,4,4,8,1,Unfurnished,Average,28.516898,77.152691,8,0,1,0,1,0,0,1,1,1,1,1,1,30270000
Pune,Baner,411020,Apartment,735,602,2,2,3,2,3,4,0,0,Semi-Furnished,New,18.557979,73.782315,7,1,1,1,0,0,1,0,1,1,0,1,0,7470000
Delhi NCR,Golf Course Road (Gurugram),110044,Apartment,1917,1631,3,3,3,3,4,18,1,2,Semi-Furnished,New,28.46821,77.09139,9,1,0,1,1,1,1,1,1,0,1,1,0,42550000
Mumbai,Bandra West,400016,Apartment,749,620,2,2,1,0,9,14,1,0,Semi-Furnished,New,19.073166,72.844678,8,1,0,1,0,0,1,1,1,1,0,1,1,39150000
Pune,Baner,411018,Villa,2486,1958,4,4,5,3,0,2,5,0,Semi-Furnished,New,18.560402,73.776106,4,0,0,0,0,0,1,0,0,0,1,1,1,35030000
Nagpur,Dharampeth,440017,Apartment,972,830,2,2,1,2,18,22,5,2,Semi-Furnished,Average,21.140764,79.058951,9,1,1,1,0,1,0,0,1,1,1,1,1,8830000
Delhi NCR,Golf Course Road (Gurugram),110036,Independent House,936,755,2,2,2,1,0,3,0,2,Semi-Furnished,Good,28.459918,77.085915,6,1,1,0,1,1,1,0,0,0,1,0,0,21690000
Bengaluru,Electronic City,560003,Apartment,1076,881,3,3,2,3,2,4,0,1,Unfurnished,Good,12.847723,77.660155,8,1,1,1,0,0,1,1,1,0,0,1,1,7660000
Bengaluru,Yelahanka,560045,Villa,1749,1452,3,3,4,3,0,1,18,1,Fully Furnished,Good,13.098283,77.575475,5,1,0,0,0,0,0,0,1,0,1,1,1,15280000
Delhi NCR,Sohna Road (Gurugram),110002,Independent House,939,758,2,2,1,2,0,3,1,0,Unfurnished,New,28.386915,77.037878,7,1,1,0,0,1,1,0,0,1,1,0,1,11050000
Bengaluru,Electronic City,560002,Apartment,1063,837,2,2,3,1,4,10,5,1,Semi-Furnished,Average,12.832503,77.664219,7,1,1,1,0,0,0,0,1,1,1,1,0,6630000
Pune,Kothrud,411042,Apartment,913,756,2,2,2,1,6,10,3,1,Unfurnished,Good,18.51137,73.803417,8,1,1,1,0,1,1,0,1,1,0,0,1,11010000
Pune,Kothrud,411013,Apartment,1887,1658,3,3,2,2,1,4,0,1,Semi-Furnished,New,18.513924,73.807315,9,1,1,1,0,0,1,1,1,1,1,1,0,25250000
Kolkata,Salt Lake (Sector V),700003,Apartment,1310,1067,3,3,4,1,8,10,8,1,Semi-Furnished,Good,22.589445,88.424981,8,0,0,1,1,1,0,0,1,1,1,1,1,11570000
Bengaluru,Koramangala,560028,Independent House,1412,1131,3,3,3,2,0,3,12,2,Semi-Furnished,Average,12.931186,77.61352,6,1,0,0,0,1,1,0,1,0,1,0,1,20990000
Delhi NCR,Sector 150 (Noida),110022,Apartment,573,490,1,1,1,2,10,35,12,1,Unfurnished,Good,28.459002,77.473731,7,0,1,1,1,0,0,1,1,1,0,1,0,5210000
Pune,Kharadi,411038,Apartment,1179,955,3,3,3,2,5,10,1,1,Semi-Furnished,New,18.565296,73.921119,7,1,1,1,0,1,0,1,0,0,0,1,1,12850000
Chennai,Anna Nagar,600013,Independent House,2279,1991,4,4,5,3,0,3,8,1,Unfurnished,Good,13.078636,80.213395,5,0,0,1,0,0,1,0,1,0,1,0,1,35350000
Kolkata,Garia,700020,Independent House,841,676,3,3,2,0,0,2,0,1,Semi-Furnished,New,22.468022,88.370054,5,1,0,1,1,0,0,0,1,0,1,0,0,5880000
Mumbai,Andheri East,400013,Villa,2715,2339,4,4,4,2,0,1,12,2,Semi-Furnished,Average,19.108946,72.860309,8,1,1,1,0,1,0,1,1,0,0,1,1,61330000
Nagpur,Dharampeth,440026,Apartment,4391,3759,5,5,4,3,4,14,0,1,Unfurnished,Average,21.129747,79.05229,8,1,1,1,1,0,0,1,0,0,1,1,1,39160000
Nagpur,Sadar,440034,Apartment,1868,1462,3,3,2,2,2,14,5,1,Semi-Furnished,Good,21.162173,79.072088,9,1,1,1,0,0,1,1,1,1,1,1,0,17550000
Hyderabad,Gachibowli,500010,Villa,1222,1066,2,2,2,3,0,1,2,1,Semi-Furnished,New,17.445532,78.342401,7,0,1,1,0,0,1,1,1,1,1,0,0,17770000
Delhi NCR,Sector 150 (Noida),110018,Apartment,1359,1082,3,3,4,3,17,22,2,0,Semi-Furnished,New,28.457647,77.489608,6,0,1,1,1,0,1,1,0,1,0,0,0,15480000
Chennai,Anna Nagar,600022,Apartment,765,604,2,2,2,0,14,35,12,3,Semi-Furnished,Average,13.096012,80.212505,8,1,1,1,1,0,0,1,0,1,1,1,0,10360000
Nagpur,Wardha Road,440037,Apartment,1769,1534,3,3,3,2,25,28,1,0,Semi-Furnished,Average,21.071107,79.069713,7,1,1,1,1,1,0,0,0,1,0,1,0,10250000
Chennai,Velachery,600034,Apartment,416,355,1,1,1,2,28,35,25,2,Unfurnished,Good,12.984274,80.238092,7,1,1,0,0,0,0,0,1,1,1,1,1,2950000
Hyderabad,Manikonda,500027,Apartment,2087,1696,4,4,4,3,4,35,3,2,Unfurnished,Good,17.409324,78.390385,6,1,1,1,0,1,0,1,1,0,0,0,0,16040000
Nagpur,Besha,440022,Apartment,1072,930,3,3,3,0,7,28,3,3,Fully Furnished,Average,21.075862,79.084946,11,1,1,1,1,1,0,1,1,1,1,1,1,5540000
Hyderabad,Manikonda,500006,Apartment,1154,937,2,2,3,0,11,28,5,2,Semi-Furnished,Needs Renovation,17.411867,78.389813,8,1,1,1,1,0,1,0,0,1,0,1,1,8190000
Pune,Kharadi,411003,Apartment,692,544,1,1,1,2,9,18,3,1,Fully Furnished,New,18.553395,73.942332,8,0,1,1,0,0,1,0,1,1,1,1,1,7930000
Kolkata,Alipore,700040,Apartment,2595,2157,4,4,4,2,4,10,2,1,Semi-Furnished,New,22.533566,88.331552,8,1,1,1,1,0,0,0,1,1,1,1,0,48450000
Bengaluru,Hebbal,560033,Villa,2208,1796,4,4,5,2,0,2,0,1,Unfurnished,New,13.029144,77.591894,7,1,1,1,1,1,0,0,1,1,0,0,0,31100000
Hyderabad,Banjara Hills,500014,Apartment,1131,956,3,3,3,0,2,4,2,1,Semi-Furnished,New,17.432598,78.446351,9,1,1,1,1,1,0,0,0,1,1,1,1,23260000
Delhi NCR,Sohna Road (Gurugram),110043,Apartment,452,376,1,1,2,3,19,35,2,1,Fully Furnished,New,28.39557,77.031652,9,1,1,1,1,0,0,1,1,1,0,1,1,5200000
Bengaluru,Sarjapur Road,560014,Independent House,1168,960,3,3,3,1,0,3,1,2,Unfurnished,Good,12.920217,77.68183,4,1,0,0,0,0,1,0,0,1,0,1,0,12110000
Hyderabad,Kukatpally,500010,Apartment,1552,1362,3,3,3,1,3,22,3,2,Semi-Furnished,Good,17.513229,78.387764,12,1,1,1,1,1,1,1,1,1,1,1,1,13770000
Bengaluru,Whitefield,560039,Apartment,1146,995,2,2,3,0,2,4,1,1,Semi-Furnished,New,12.962013,77.758057,5,0,1,1,0,0,0,0,1,1,0,1,0,11530000
Pune,Viman Nagar,411042,Apartment,1342,1073,3,3,4,3,11,22,3,3,Fully Furnished,Good,18.561309,73.908547,10,1,1,1,1,1,1,1,1,1,0,1,0,19860000
Pune,Hadapsar,411036,Independent House,950,783,2,2,2,0,0,3,1,0,Unfurnished,New,18.515157,73.919573,7,1,1,1,0,1,1,0,1,1,0,0,0,9130000
Nagpur,Trimurti Nagar,440034,Apartment,1672,1412,3,3,4,1,1,10,2,2,Semi-Furnished,Good,21.107203,79.035678,10,0,1,1,1,1,1,1,1,1,0,1,1,11900000
Hyderabad,Kukatpally,500015,Apartment,1428,1158,3,3,4,1,12,14,2,1,Semi-Furnished,New,17.493367,78.402767,9,1,1,1,0,1,0,1,1,1,1,1,0,13180000
Nagpur,Besha,440043,Apartment,656,520,1,1,1,3,3,4,0,1,Semi-Furnished,Good,21.066114,79.088727,7,1,1,1,1,0,0,0,1,1,1,0,0,3710000
Chennai,Anna Nagar,600042,Independent House,2438,1999,4,4,4,1,0,1,25,0,Semi-Furnished,Average,13.074017,80.212812,5,0,0,1,1,0,0,0,1,1,0,1,0,25580000
Mumbai,Thane West,400025,Apartment,958,834,2,2,3,0,1,18,25,2,Semi-Furnished,Needs Renovation,19.233482,72.970517,9,0,1,1,1,1,1,1,1,1,0,1,0,8770000
Pune,Hinjewadi,411006,Apartment,1592,1322,3,3,3,3,2,14,18,2,Unfurnished,Good,18.578958,73.733838,6,1,1,1,0,0,0,0,1,1,1,0,0,10010000
Bengaluru,Electronic City,560002,Apartment,1240,1004,3,3,4,1,14,35,8,2,Semi-Furnished,Good,12.838012,77.682953,9,1,1,1,1,1,1,0,1,0,0,1,1,8870000
Pune,Hinjewadi,411010,Villa,607,506,1,1,1,3,0,3,3,2,Fully Furnished,New,18.588587,73.74186,6,0,1,1,0,0,1,0,0,1,1,0,1,7440000
Bengaluru,Whitefield,560006,Apartment,1028,845,2,2,2,2,2,4,8,1,Fully Furnished,New,12.965825,77.748539,10,1,1,1,1,0,1,0,1,1,1,1,1,10160000
Nagpur,Besha,440030,Independent House,2086,1655,4,4,4,2,0,1,8,0,Semi-Furnished,Needs Renovation,21.067512,79.082088,7,1,0,1,0,1,1,0,1,0,1,0,1,9620000
Bengaluru,Bellandur,560038,Apartment,986,771,2,2,3,1,10,18,0,1,Fully Furnished,New,12.932263,77.672751,9,1,1,1,0,1,0,0,1,1,1,1,1,12770000
Bengaluru,Bellandur,560015,Independent House,1538,1316,3,3,3,2,0,3,3,1,Semi-Furnished,Average,12.929558,77.669595,7,1,1,0,1,0,0,0,1,1,1,0,1,17140000
Delhi NCR,Sector 150 (Noida),110007,Independent House,2237,1852,4,4,4,0,0,2,0,2,Unfurnished,New,28.455057,77.461308,8,1,1,1,1,0,1,0,1,0,1,0,1,27130000
Nagpur,Trimurti Nagar,440015,Apartment,1328,1152,2,2,2,2,2,7,0,0,Semi-Furnished,New,21.11512,79.033175,7,1,1,1,1,0,0,0,1,1,0,0,1,9910000
Bengaluru,Bellandur,560002,Apartment,612,502,1,1,1,3,35,35,3,2,Unfurnished,Average,12.935542,77.666137,8,1,1,1,0,0,1,0,1,1,1,1,0,6410000
Mumbai,Thane West,400008,Independent House,1548,1353,3,3,3,1,0,2,0,1,Unfurnished,New,19.217163,72.980809,5,1,1,0,0,0,0,0,0,1,1,0,1,28480000
Nagpur,Ramdaspeth,440044,Apartment,1099,885,2,2,1,1,3,22,5,1,Unfurnished,Needs Renovation,21.126056,79.081961,8,1,0,1,0,1,1,1,1,0,1,0,1,8410000
Mumbai,Powai,400023,Apartment,1418,1122,3,3,2,0,1,4,1,1,Unfurnished,New,19.118186,72.904798,9,1,1,1,1,0,1,1,1,1,1,0,0,35740000
Mumbai,Juhu,400042,Apartment,935,803,2,2,2,0,28,35,0,1,Semi-Furnished,New,19.098544,72.823152,6,1,1,1,0,1,0,0,1,0,0,1,0,46650000
Bengaluru,Whitefield,560032,Apartment,1709,1450,3,3,3,3,3,7,25,3,Semi-Furnished,Average,12.974625,77.743196,9,1,1,1,0,0,1,1,1,1,0,1,1,13040000
Delhi NCR,Greater Noida West,110014,Apartment,995,853,2,2,2,2,15,18,18,2,Semi-Furnished,Average,28.600203,77.433786,7,1,1,1,0,0,1,0,0,1,0,1,1,5230000
Delhi NCR,Dwarka (Delhi),110008,Apartment,1611,1269,3,3,3,1,16,22,3,2,Semi-Furnished,Good,28.601846,77.054459,10,1,1,0,1,1,0,1,1,1,1,1,1,23260000
Pune,Kalyani Nagar,411002,Apartment,1320,1042,3,3,3,0,4,7,8,1,Semi-Furnished,Good,18.541726,73.905961,9,0,1,1,1,1,1,0,1,1,1,1,0,18330000
Chennai,Sholinganallur,600046,Apartment,911,745,2,2,3,0,2,4,1,1,Unfurnished,New,12.909521,80.239521,9,1,1,1,1,0,1,0,1,1,0,1,1,6860000
Mumbai,Thane West,400045,Apartment,1189,1029,3,3,2,3,10,10,3,2,Unfurnished,Good,19.217177,72.980561,9,1,1,1,0,1,0,0,1,1,1,1,1,17280000
Nagpur,Pratap Nagar,440044,Apartment,1181,933,2,2,1,1,4,7,1,2,Unfurnished,New,21.124393,79.049316,9,1,1,1,0,0,1,1,1,1,1,1,0,8630000
Delhi NCR,Sector 150 (Noida),110012,Apartment,442,376,1,1,1,0,3,18,18,2,Semi-Furnished,Good,28.457248,77.460939,10,1,1,1,1,1,1,0,1,1,0,1,1,4050000
Delhi NCR,Golf Course Road (Gurugram),110014,Apartment,1360,1185,3,3,4,3,4,7,25,1,Unfurnished,Average,28.485445,77.112863,7,1,1,1,0,1,0,0,1,1,0,0,1,17680000
Nagpur,Manish Nagar,440031,Independent House,1373,1084,3,3,2,3,0,3,12,1,Unfurnished,Average,21.099065,79.097025,8,1,0,1,0,1,1,0,1,1,0,1,1,7560000
Hyderabad,Gachibowli,500007,Apartment,1424,1129,4,4,3,2,1,7,3,2,Semi-Furnished,Good,17.435124,78.353562,10,1,1,1,0,0,1,1,1,1,1,1,1,15350000
Nagpur,Sadar,440022,Apartment,3816,3071,5,5,6,1,6,18,0,1,Fully Furnished,New,21.153402,79.063471,9,1,0,1,1,0,1,0,1,1,1,1,1,41790000
Mumbai,Navi Mumbai - Vashi,400008,Independent House,1786,1457,4,4,3,2,0,3,2,2,Fully Furnished,New,19.060952,72.999761,5,1,0,1,0,0,1,0,1,0,0,0,1,37810000
Bengaluru,Bellandur,560043,Apartment,929,796,2,2,3,2,12,22,1,0,Fully Furnished,New,12.922337,77.674925,11,1,1,1,1,0,1,1,1,1,1,1,1,11700000
Chennai,Anna Nagar,600010,Independent House,439,384,1,1,2,0,0,3,2,1,Unfurnished,Good,13.079283,80.21417,4,1,0,0,1,0,0,0,1,0,0,0,1,7070000
Bengaluru,Indiranagar,560019,Apartment,978,778,2,2,1,1,22,22,1,1,Unfurnished,New,12.970439,77.639348,8,1,1,1,0,0,1,0,1,1,1,1,0,15730000
Pune,Baner,411033,Apartment,2167,1834,4,4,3,1,6,14,8,2,Semi-Furnished,Good,18.570431,73.775007,7,0,1,1,0,1,1,0,0,1,1,1,0,21820000
Bengaluru,Indiranagar,560028,Apartment,1006,786,2,2,2,1,9,10,0,2,Unfurnished,New,12.988423,77.637214,5,0,0,1,1,0,0,0,1,0,0,1,1,16320000
Delhi NCR,Sector 150 (Noida),110041,Independent House,903,762,3,3,2,2,0,1,5,2,Unfurnished,Good,28.455828,77.494337,3,0,0,0,0,0,0,1,1,0,0,1,0,9400000
Hyderabad,Miyapur,500024,Apartment,2091,1801,4,4,4,3,3,4,3,2,Fully Furnished,Average,17.499377,78.361311,8,1,1,1,1,1,0,0,0,1,1,1,0,13580000
Delhi NCR,Rohini (Delhi),110016,Apartment,1607,1261,3,3,2,3,6,7,1,1,Unfurnished,Good,28.711806,77.110141,10,1,0,1,1,1,1,1,1,1,0,1,1,15800000
Bengaluru,Yelahanka,560007,Apartment,1172,1013,2,2,3,0,10,10,1,1,Semi-Furnished,New,13.106018,77.591877,8,0,1,0,1,1,1,0,0,1,1,1,1,10760000
Pune,Hinjewadi,411023,Apartment,1274,1007,3,3,3,2,20,28,3,1,Semi-Furnished,Needs Renovation,18.585044,73.732822,9,0,1,1,0,1,1,1,1,1,0,1,1,8450000
Hyderabad,Kondapur,500036,Apartment,2278,1864,4,4,3,2,9,10,0,0,Fully Furnished,New,17.455251,78.347972,10,1,0,1,0,1,1,1,1,1,1,1,1,23630000
Chennai,OMR (Thoraipakkam),600013,Villa,935,813,2,2,2,0,0,1,2,1,Fully Furnished,Good,12.941797,80.234386,6,1,0,0,0,0,1,1,1,1,0,0,1,10280000
Mumbai,Thane West,400006,Apartment,1104,888,3,3,2,0,11,14,2,1,Semi-Furnished,New,19.222015,72.973696,8,1,1,1,0,0,1,1,1,1,0,1,0,18720000
Bengaluru,Bellandur,560002,Apartment,1176,917,3,3,2,3,4,10,8,1,Fully Furnished,Good,12.927449,77.686626,9,1,1,1,0,1,0,0,1,1,1,1,1,12800000
Delhi NCR,Cyber City (Gurugram),110028,Apartment,1944,1646,4,4,4,2,1,7,18,1,Semi-Furnished,Average,28.497058,77.087575,8,1,1,1,0,1,1,0,1,1,0,1,0,25320000
Hyderabad,Uppal,500043,Apartment,894,753,2,2,1,1,16,28,5,1,Semi-Furnished,Average,17.400485,78.561897,8,1,1,1,1,0,1,0,1,0,1,1,0,5100000
Bengaluru,Sarjapur Road,560034,Apartment,776,629,2,2,1,2,10,10,0,0,Semi-Furnished,New,12.899192,77.672198,8,1,0,1,0,0,1,1,1,1,1,1,0,7460000
Delhi NCR,Dwarka (Delhi),110027,Apartment,977,810,2,2,3,0,4,18,3,2,Semi-Furnished,Good,28.584958,77.050109,7,1,0,0,0,1,1,0,1,1,1,1,0,12670000
Mumbai,Thane West,400012,Apartment,903,717,3,3,3,2,7,7,0,1,Fully Furnished,New,19.22354,72.984586,7,0,1,0,1,1,0,1,1,1,0,1,0,15530000
Mumbai,Goregaon West,400016,Apartment,1021,860,2,2,1,1,14,18,1,2,Semi-Furnished,Average,19.157748,72.841481,6,1,1,0,0,1,0,0,0,1,0,1,1,20050000
Hyderabad,Gachibowli,500033,Apartment,948,746,3,3,3,2,5,18,3,1,Fully Furnished,Good,17.437037,78.34791,6,0,1,1,1,1,0,0,0,1,0,1,0,10250000
Hyderabad,Miyapur,500046,Independent House,747,634,2,2,1,0,0,2,0,0,Unfurnished,New,17.493601,78.363554,3,1,1,0,0,0,0,0,1,0,0,0,0,5670000
Hyderabad,Madhapur,500020,Apartment,2168,1776,4,4,5,3,1,35,2,1,Unfurnished,Good,17.442939,78.400874,5,0,1,1,1,0,0,0,1,0,1,0,0,20580000
Bengaluru,Electronic City,560029,Apartment,1522,1316,3,3,3,2,7,14,5,1,Fully Furnished,Good,12.849355,77.680847,9,0,1,1,1,0,1,1,1,1,0,1,1,11350000
Delhi NCR,Indirapuram (Ghaziabad),110046,Apartment,1266,1001,3,3,3,3,2,18,0,1,Semi-Furnished,Good,28.648289,77.363616,5,0,0,1,0,0,0,1,0,1,1,1,0,9130000
Delhi NCR,Golf Course Road (Gurugram),110004,Apartment,538,422,1,1,1,2,3,18,0,1,Semi-Furnished,New,28.469401,77.097438,9,1,1,1,0,0,0,1,1,1,1,1,1,11560000
Bengaluru,Indiranagar,560008,Apartment,896,708,2,2,2,3,15,18,8,1,Semi-Furnished,New,12.973485,77.635122,7,0,1,0,0,0,1,0,1,1,1,1,1,15650000
Pune,Hadapsar,411036,Apartment,1054,882,3,3,4,1,5,7,8,1,Semi-Furnished,Good,18.52177,73.932526,8,1,1,1,1,0,0,0,1,0,1,1,1,8960000
Nagpur,Besha,440029,Apartment,870,710,2,2,2,0,8,22,1,1,Semi-Furnished,Good,21.0728,79.079535,8,1,1,1,0,1,0,0,1,1,0,1,1,4660000
Pune,Aundh,411008,Apartment,1034,841,2,2,2,1,9,10,0,2,Unfurnished,Good,18.572969,73.799843,10,1,1,1,1,1,1,0,1,1,0,1,1,13520000
Kolkata,Salt Lake (Sector V),700020,Independent House,924,805,2,2,2,1,0,3,12,0,Semi-Furnished,New,22.568834,88.434731,5,1,0,0,0,1,1,0,1,0,0,1,0,8650000
Mumbai,Andheri East,400030,Independent House,916,785,2,2,3,2,0,1,0,1,Unfurnished,New,19.109984,72.863385,4,0,0,1,1,0,1,0,0,1,0,0,0,21840000
Kolkata,Salt Lake (Sector V),700025,Independent House,1345,1127,3,3,4,1,0,3,3,0,Semi-Furnished,Good,22.577025,88.424172,8,1,1,0,0,1,0,0,1,1,1,1,1,14510000
Mumbai,Juhu,400042,Villa,4152,3562,5,5,6,2,0,1,3,2,Unfurnished,Average,19.108619,72.834269,9,1,0,1,0,1,1,0,1,1,1,1,1,194730000
Bengaluru,Koramangala,560034,Villa,976,800,2,2,1,1,0,1,8,1,Unfurnished,Good,12.926421,77.612685,8,1,1,0,1,1,1,0,1,0,0,1,1,17170000
Hyderabad,Madhapur,500044,Apartment,704,582,1,1,1,1,13,18,0,1,Unfurnished,Good,17.4559,78.393444,8,1,1,1,0,0,1,1,0,1,0,1,1,7360000
Pune,Kharadi,411007,Apartment,916,793,2,2,2,3,9,22,3,1,Semi-Furnished,Good,18.554014,73.936504,8,1,1,1,0,0,1,0,1,1,0,1,1,8530000
Bengaluru,Yelahanka,560004,Independent House,797,653,2,2,2,3,0,1,5,1,Fully Furnished,Good,13.100187,77.60059,6,1,1,0,0,0,1,0,0,1,1,0,1,6820000
Bengaluru,Yelahanka,560016,Independent House,1359,1130,3,3,2,0,0,2,5,2,Semi-Furnished,Average,13.101844,77.603097,4,0,1,0,0,0,0,1,1,0,0,0,1,11300000
Nagpur,Wardha Road,440031,Independent House,1546,1243,3,3,4,3,0,1,2,1,Fully Furnished,New,21.0736,79.054736,2,0,1,0,0,0,1,0,0,0,0,0,0,11180000
Delhi NCR,Greater Noida West,110032,Villa,1121,950,2,2,1,1,0,2,18,1,Semi-Furnished,New,28.601148,77.440684,6,1,0,1,0,0,0,1,1,1,1,0,0,8120000
Kolkata,Garia,700042,Villa,1495,1229,3,3,2,3,0,2,5,0,Semi-Furnished,Good,22.459551,88.38896,3,0,0,0,0,0,1,0,0,0,1,0,1,11430000
Mumbai,Thane West,400039,Apartment,788,655,2,2,3,3,15,28,5,0,Semi-Furnished,Good,19.231218,72.975524,8,1,1,1,0,1,0,0,1,1,0,1,1,12810000
Mumbai,Powai,400026,Apartment,433,357,1,1,1,2,31,35,2,3,Fully Furnished,New,19.122287,72.900106,8,1,1,0,0,0,1,1,1,1,0,1,1,12240000
Pune,Kalyani Nagar,411037,Apartment,1455,1185,3,3,3,0,13,22,0,1,Unfurnished,New,18.554376,73.89654,7,0,1,1,0,1,1,0,1,1,0,1,0,20170000
Delhi NCR,Vasant Kunj (Delhi),110016,Apartment,934,783,2,2,1,2,2,4,0,0,Fully Furnished,New,28.519301,77.160387,8,1,1,1,0,0,1,0,1,1,0,1,1,24090000
Delhi NCR,Dwarka (Delhi),110046,Apartment,1385,1082,3,3,2,3,1,10,18,1,Unfurnished,Good,28.606944,77.047794,7,1,1,1,0,1,0,0,1,1,0,1,0,13220000
Delhi NCR,Vasant Kunj (Delhi),110029,Villa,993,868,3,3,3,2,0,2,18,1,Semi-Furnished,Average,28.517899,77.153309,8,1,1,1,0,0,1,0,0,1,1,1,1,22250000
Delhi NCR,Rohini (Delhi),110032,Apartment,1029,833,2,2,2,2,13,14,5,1,Fully Furnished,Good,28.700565,77.111378,7,1,1,1,0,0,1,0,1,1,1,0,0,11850000
Pune,Aundh,411004,Apartment,1211,1038,2,2,2,2,7,10,3,1,Fully Furnished,Good,18.5697,73.814787,5,1,0,1,0,0,0,0,0,1,1,1,0,16580000
Bengaluru,Yelahanka,560037,Apartment,1016,820,2,2,1,1,13,35,12,2,Semi-Furnished,Average,13.110696,77.585638,5,1,1,0,0,1,0,0,1,0,0,0,1,6710000
Chennai,Anna Nagar,600033,Apartment,817,692,2,2,2,1,2,22,5,1,Semi-Furnished,Good,13.088033,80.219842,8,1,0,1,1,1,1,0,1,1,0,1,0,11460000
Bengaluru,Bellandur,560014,Apartment,797,674,3,3,2,1,4,10,3,1,Fully Furnished,Good,12.922702,77.683508,10,1,1,1,0,0,1,1,1,1,1,1,1,9370000
Bengaluru,Bellandur,560008,Apartment,1023,879,2,2,1,2,2,28,8,1,Semi-Furnished,Good,12.92376,77.665968,7,1,1,0,0,0,0,1,1,1,0,1,1,10020000
Pune,Wakad,411041,Apartment,807,655,2,2,1,2,6,7,2,2,Semi-Furnished,Good,18.616173,73.773364,9,1,1,1,1,0,1,1,1,0,0,1,1,7570000
Chennai,T Nagar,600008,Apartment,516,450,1,1,2,2,2,4,3,2,Semi-Furnished,Good,13.041056,80.232184,6,1,1,1,0,0,0,0,1,1,0,1,0,8990000
Chennai,Velachery,600040,Apartment,981,829,2,2,1,2,3,22,5,0,Semi-Furnished,Average,12.975647,80.233124,9,1,1,0,1,1,0,1,1,1,0,1,1,8540000
Bengaluru,Koramangala,560022,Independent House,1081,871,2,2,1,2,0,3,12,1,Semi-Furnished,Average,12.930334,77.627405,7,1,0,1,0,1,1,0,1,0,1,1,0,16170000
Nagpur,Ramdaspeth,440027,Independent House,382,312,1,1,2,0,0,1,8,1,Unfurnished,Good,21.151322,79.085725,4,0,0,0,1,0,0,0,1,0,1,1,0,3810000
Bengaluru,Koramangala,560002,Independent House,761,602,2,2,3,3,0,2,0,0,Semi-Furnished,New,12.93798,77.625194,6,1,0,1,0,0,0,0,1,1,1,1,0,14870000
Mumbai,Thane West,400031,Independent House,1448,1134,3,3,4,0,0,3,1,2,Semi-Furnished,Good,19.22235,72.989678,7,1,1,1,0,1,0,1,1,0,0,1,0,26610000
Hyderabad,Kondapur,500012,Apartment,1135,942,3,3,3,2,18,28,0,2,Fully Furnished,New,17.480801,78.370925,10,1,1,0,1,1,1,1,1,1,1,1,0,15620000
Pune,Wakad,411029,Apartment,1116,884,3,3,3,1,17,28,8,1,Semi-Furnished,New,18.600643,73.752143,6,1,1,1,0,0,0,0,1,1,0,1,0,10690000
Bengaluru,Indiranagar,560039,Apartment,856,671,2,2,1,2,7,7,2,0,Unfurnished,New,12.993788,77.634603,7,1,0,1,0,0,0,1,1,1,1,1,0,12930000
Hyderabad,Uppal,500039,Apartment,1281,1076,3,3,3,2,14,22,0,1,Semi-Furnished,Good,17.385996,78.566209,10,1,1,1,1,1,0,1,0,1,1,1,1,7970000
Pune,Baner,411027,Apartment,954,779,2,2,3,3,1,14,2,1,Unfurnished,Good,18.542378,73.784238,7,1,1,1,1,0,1,0,1,0,0,0,1,10570000
Delhi NCR,Sohna Road (Gurugram),110022,Apartment,1011,795,2,2,2,1,4,18,2,2,Semi-Furnished,New,28.388092,77.04175,8,1,1,1,1,0,0,0,1,0,1,1,1,10420000
Pune,Magarpatta,411040,Apartment,1030,860,2,2,3,1,7,14,8,1,Unfurnished,Good,18.504865,73.931941,7,1,1,1,0,1,0,0,1,1,0,1,0,8580000
Nagpur,Ramdaspeth,440027,Apartment,514,404,1,1,1,0,5,14,12,0,Semi-Furnished,Average,21.131294,79.080467,10,1,1,1,1,1,1,0,1,1,1,1,0,4390000
Hyderabad,Miyapur,500002,Apartment,709,594,2,2,2,0,19,35,2,1,Semi-Furnished,Good,17.48892,78.362989,7,1,1,1,0,0,1,0,1,1,0,1,0,5140000
Pune,Aundh,411015,Apartment,1254,1102,3,3,3,3,2,14,1,0,Semi-Furnished,Average,18.558753,73.814269,8,1,1,1,0,0,1,0,1,1,0,1,1,14900000
Bengaluru,JP Nagar,560035,Apartment,2066,1634,4,4,3,3,1,10,1,2,Semi-Furnished,New,12.923659,77.574311,8,1,1,1,1,1,0,0,1,1,0,1,0,21540000
Pune,Magarpatta,411015,Apartment,1597,1321,3,3,3,0,2,4,0,1,Semi-Furnished,New,18.510371,73.924654,9,1,1,1,0,0,1,0,1,1,1,1,1,17980000
Bengaluru,Whitefield,560027,Apartment,905,712,2,2,2,1,18,35,3,1,Semi-Furnished,Average,12.982588,77.756417,5,1,1,0,0,1,1,0,1,0,0,0,0,8610000
Delhi NCR,Cyber City (Gurugram),110029,Independent House,707,558,2,2,2,2,0,2,1,2,Semi-Furnished,New,28.485791,77.066787,5,1,1,1,1,0,0,0,1,0,0,0,0,14610000
Hyderabad,Kondapur,500029,Apartment,1641,1372,3,3,4,2,2,18,5,1,Unfurnished,Good,17.474036,78.356028,9,1,1,1,0,0,1,1,1,0,1,1,1,14110000
Pune,Aundh,411021,Independent House,832,707,2,2,2,2,0,1,0,0,Unfurnished,New,18.564238,73.814827,4,0,1,0,0,0,0,0,1,0,1,0,1,11380000
Chennai,Anna Nagar,600034,Villa,611,486,1,1,1,2,0,2,5,1,Fully Furnished,Good,13.092459,80.206679,5,0,1,0,1,0,1,0,1,0,0,0,1,12680000
Pune,Baner,411020,Plot,2506,2506,0,0,0,0,0,0,2,0,Unfurnished,Average,18.581517,73.785965,1,0,0,1,0,0,0,0,0,0,0,0,0,20260000
Nagpur,Sadar,440013,Apartment,1214,985,3,3,2,2,3,35,8,0,Fully Furnished,Needs Renovation,21.16445,79.085682,8,1,1,1,0,1,1,0,0,1,1,1,0,8850000
Hyderabad,Uppal,500026,Plot,944,944,0,0,0,0,0,0,5,0,Unfurnished,Average,17.393642,78.561851,1,0,0,0,0,0,0,0,0,0,0,1,0,4320000
Hyderabad,Kukatpally,500020,Apartment,2269,1899,4,4,5,0,3,10,1,1,Unfurnished,New,17.502496,78.397704,7,0,1,1,0,0,1,0,1,1,1,1,0,18840000
Nagpur,Khamla,440020,Apartment,997,797,2,2,2,2,7,28,1,1,Semi-Furnished,Average,21.107393,79.060548,8,1,1,1,0,0,1,0,1,1,0,1,1,6480000
Mumbai,Kandivali East,400017,Apartment,1860,1454,4,4,4,0,11,22,1,1,Fully Furnished,New,19.207715,72.871078,3,1,0,0,0,0,0,0,1,0,0,1,0,34750000
Bengaluru,JP Nagar,560041,Villa,1130,949,2,2,2,2,0,2,8,1,Semi-Furnished,Good,12.910876,77.580062,8,1,0,1,1,0,0,1,1,0,1,1,1,13870000
Hyderabad,Kukatpally,500030,Apartment,925,723,2,2,3,0,15,18,5,1,Fully Furnished,Good,17.491232,78.400505,5,0,0,1,1,0,0,0,1,0,1,1,0,7770000
Nagpur,Khamla,440003,Apartment,606,477,2,2,3,2,3,4,5,1,Unfurnished,New,21.111893,79.055555,8,1,1,1,0,1,1,1,0,1,0,1,0,4250000
Delhi NCR,Sector 150 (Noida),110004,Apartment,1836,1561,4,4,4,3,28,28,8,1,Semi-Furnished,New,28.468429,77.462707,9,0,1,1,1,0,1,0,1,1,1,1,1,21130000
Delhi NCR,Greater Noida West,110024,Apartment,1343,1104,3,3,3,0,16,22,0,1,Fully Furnished,New,28.596877,77.435638,8,0,1,1,1,0,0,0,1,1,1,1,1,11080000
Mumbai,Andheri West,400005,Apartment,539,438,1,1,1,3,20,28,18,1,Unfurnished,Average,19.127511,72.839064,8,1,1,1,0,0,1,0,1,1,0,1,1,11010000
Chennai,T Nagar,600030,Apartment,987,820,2,2,2,2,13,18,3,1,Semi-Furnished,Good,13.051678,80.225844,8,1,1,1,1,0,1,0,0,0,1,1,1,17700000
Pune,Kharadi,411034,Apartment,1877,1510,4,4,4,3,7,10,2,1,Semi-Furnished,New,18.550543,73.935678,5,0,1,0,1,1,0,0,0,1,0,1,0,18160000
Hyderabad,Jubilee Hills,500015,Apartment,1203,1054,3,3,4,3,1,18,8,1,Semi-Furnished,Good,17.442709,78.41439,10,1,1,1,0,1,1,1,1,1,1,1,0,21050000
Hyderabad,Banjara Hills,500028,Apartment,1461,1255,3,3,2,1,2,18,2,1,Semi-Furnished,New,17.413246,78.446553,6,1,1,1,0,0,0,1,1,0,0,0,1,26700000
Pune,Kothrud,411007,Apartment,2187,1712,4,4,3,1,15,18,25,1,Unfurnished,Average,18.516568,73.801481,8,0,1,1,1,1,1,0,1,1,0,1,0,19770000
Bengaluru,Bellandur,560041,Apartment,1014,798,3,3,4,2,14,28,5,1,Semi-Furnished,New,12.939037,77.673219,8,1,1,1,0,1,1,0,1,1,0,1,0,11180000
Nagpur,Besha,440013,Independent House,626,511,2,2,2,0,0,3,3,1,Semi-Furnished,Good,21.070362,79.082682,9,1,1,0,0,1,1,1,1,1,1,1,0,3790000
Chennai,Anna Nagar,600045,Apartment,926,725,2,2,2,1,13,28,2,1,Unfurnished,New,13.092662,80.211661,8,0,1,1,0,1,1,0,0,1,1,1,1,14580000
Mumbai,Borivali West,400028,Independent House,762,635,2,2,2,2,0,1,5,1,Fully Furnished,Good,19.223654,72.87109,7,0,0,0,1,1,1,0,1,1,1,0,1,17010000
Hyderabad,Manikonda,500009,Independent House,1233,976,2,2,2,2,0,3,3,1,Fully Furnished,Average,17.402256,78.389418,5,1,0,1,0,0,1,1,0,0,1,0,0,12180000
Pune,Kharadi,411008,Independent House,1167,935,2,2,2,1,0,3,3,2,Unfurnished,Average,18.550713,73.931994,4,0,0,0,0,1,1,0,1,0,0,1,0,11380000
Hyderabad,Madhapur,500021,Apartment,1485,1167,3,3,3,1,2,7,1,1,Unfurnished,New,17.45543,78.391534,9,1,1,1,1,1,0,1,0,0,1,1,1,17240000
Mumbai,Navi Mumbai - Vashi,400040,Apartment,751,631,1,1,1,1,12,28,1,2,Semi-Furnished,New,19.08015,73.001093,6,0,1,1,0,0,1,0,1,1,0,1,0,12200000
Mumbai,Andheri East,400011,Apartment,500,410,2,2,1,0,1,7,0,1,Semi-Furnished,New,19.116707,72.868941,8,1,1,1,0,0,0,0,1,1,1,1,1,11070000
Pune,Kalyani Nagar,411042,Villa,991,864,2,2,1,3,0,2,2,1,Semi-Furnished,New,18.545817,73.912322,7,0,0,1,1,1,0,0,1,1,1,1,0,19690000
Bengaluru,Bellandur,560023,Apartment,1211,962,3,3,4,1,3,14,0,1,Semi-Furnished,Good,12.933921,77.674463,10,1,1,1,1,1,1,1,1,1,1,0,0,13570000
Hyderabad,Manikonda,500004,Villa,1279,1118,3,3,2,2,0,3,2,2,Unfurnished,New,17.399001,78.390073,5,1,0,1,1,0,0,0,1,0,1,0,0,13950000
Hyderabad,Gachibowli,500017,Apartment,630,507,1,1,1,3,23,28,0,2,Semi-Furnished,Good,17.437951,78.334209,5,1,1,1,0,0,0,0,1,1,0,0,0,7080000
Nagpur,Khamla,440018,Apartment,662,582,1,1,1,2,1,4,8,2,Semi-Furnished,New,21.112621,79.056029,8,1,1,1,0,0,1,0,1,1,1,1,0,4930000
Delhi NCR,Rohini (Delhi),110023,Apartment,2789,2256,5,5,5,2,10,10,0,1,Unfurnished,New,28.697658,77.108715,11,1,1,1,1,1,1,1,1,1,1,1,0,30750000
Hyderabad,Jubilee Hills,500036,Apartment,784,671,2,2,1,0,17,18,2,1,Semi-Furnished,New,17.430497,78.411232,7,0,1,1,0,1,0,0,1,1,0,1,1,16220000
Chennai,Anna Nagar,600038,Apartment,1002,871,2,2,2,2,4,4,3,1,Semi-Furnished,Good,13.099507,80.207257,6,0,1,1,0,1,0,1,0,1,0,1,0,14520000
Bengaluru,Whitefield,560012,Apartment,862,749,2,2,2,1,21,35,5,1,Semi-Furnished,Good,12.963029,77.745321,7,1,1,1,0,0,1,0,1,1,0,1,0,8360000
Pune,Kharadi,411015,Independent House,1490,1235,3,3,2,0,0,3,1,1,Semi-Furnished,New,18.570393,73.929372,4,1,0,0,0,0,0,0,1,1,0,0,1,17430000
Pune,Kalyani Nagar,411042,Independent House,573,494,1,1,1,3,0,1,0,1,Semi-Furnished,New,18.549466,73.905408,5,1,0,1,0,0,0,1,0,0,1,0,1,10570000
Bengaluru,Electronic City,560003,Apartment,788,615,3,3,2,0,3,4,1,2,Semi-Furnished,New,12.820805,77.673033,8,0,0,1,1,0,0,1,1,1,1,1,1,6370000
Pune,Magarpatta,411011,Apartment,682,575,2,2,3,3,13,18,0,0,Semi-Furnished,Good,18.491739,73.931769,8,1,1,1,0,1,0,1,1,0,1,1,0,7860000
Delhi NCR,Greater Noida West,110034,Independent House,763,650,2,2,1,2,0,2,8,1,Semi-Furnished,Good,28.582116,77.427242,6,0,0,0,0,0,1,1,1,1,0,1,1,5230000
Mumbai,Thane West,400019,Apartment,1242,1051,3,3,2,3,3,22,12,1,Fully Furnished,Average,19.222253,72.955263,11,1,1,1,1,0,1,1,1,1,1,1,1,16630000
Bengaluru,Whitefield,560044,Apartment,1116,934,3,3,3,0,22,22,1,1,Semi-Furnished,Good,12.967749,77.745696,9,1,1,1,1,0,1,0,1,1,1,1,0,12300000
Bengaluru,Bellandur,560018,Independent House,931,726,3,3,3,2,0,3,3,2,Fully Furnished,New,12.926364,77.680667,8,1,0,1,0,0,1,0,1,1,1,1,1,14010000
Bengaluru,HSR Layout,560043,Independent House,1278,1006,3,3,3,2,0,3,12,1,Semi-Furnished,Good,12.914696,77.630169,8,1,1,0,0,1,1,1,0,0,1,1,1,14820000
Pune,Wakad,411042,Apartment,1094,891,2,2,2,2,12,22,0,2,Semi-Furnished,Good,18.598656,73.778228,5,0,1,1,0,0,0,0,1,1,0,1,0,9830000
Hyderabad,Banjara Hills,500023,Apartment,1038,811,2,2,2,3,3,4,0,1,Semi-Furnished,Average,17.430551,78.439058,7,1,1,1,0,0,0,0,1,0,1,1,1,17560000
Kolkata,Rajarhat,700004,Independent House,951,814,2,2,2,2,0,3,0,1,Unfurnished,Good,22.607433,88.500845,8,1,1,1,0,0,1,1,1,0,1,0,1,6910000
Bengaluru,Sarjapur Road,560045,Independent House,1036,818,2,2,2,2,0,3,12,1,Semi-Furnished,Good,12.897796,77.675564,6,0,1,0,0,0,1,0,1,1,1,0,1,10190000
Delhi NCR,Rohini (Delhi),110027,Apartment,543,452,1,1,1,3,3,10,1,2,Fully Furnished,New,28.721626,77.109374,8,1,1,1,1,1,1,0,0,1,0,0,1,6180000
Delhi NCR,Sector 62 (Noida),110023,Apartment,1624,1310,3,3,4,3,6,7,18,1,Semi-Furnished,Needs Renovation,28.622281,77.36759,7,1,1,0,0,1,1,0,0,1,1,1,0,9580000
Mumbai,Thane West,400043,Apartment,1011,875,3,3,3,1,9,10,3,1,Semi-Furnished,New,19.219614,72.99567,9,1,1,1,0,1,0,1,0,1,1,1,1,17130000
Bengaluru,Whitefield,560015,Independent House,1385,1142,3,3,3,3,0,2,1,1,Semi-Furnished,New,12.978403,77.751685,6,1,1,0,1,0,1,1,0,0,0,0,1,16480000
Pune,Aundh,411018,Apartment,1687,1409,4,4,4,2,2,4,3,1,Semi-Furnished,Good,18.564471,73.816984,5,0,1,1,0,1,0,0,0,1,0,1,0,19960000
Hyderabad,Banjara Hills,500031,Apartment,1193,983,2,2,1,1,2,7,3,2,Unfurnished,New,17.414866,78.428598,7,1,1,0,0,0,0,1,1,1,1,0,1,21760000
Pune,Magarpatta,411018,Apartment,900,788,2,2,3,1,6,28,2,0,Semi-Furnished,Good,18.521876,73.924866,7,1,1,1,0,0,1,1,0,1,0,1,0,9610000
Bengaluru,Hebbal,560040,Apartment,1524,1298,3,3,2,3,3,4,5,1,Semi-Furnished,Good,13.038127,77.581036,4,0,1,1,0,0,0,0,1,1,0,0,0,14350000
Pune,Kothrud,411013,Apartment,677,554,1,1,1,0,2,7,3,1,Semi-Furnished,New,18.506343,73.80351,7,1,1,1,1,0,0,0,1,0,0,1,1,8230000
Nagpur,Trimurti Nagar,440032,Independent House,1127,937,3,3,4,2,0,2,0,2,Semi-Furnished,New,21.101826,79.03819,4,0,0,0,0,1,0,0,1,1,1,0,0,9350000
Pune,Viman Nagar,411008,Apartment,784,669,2,2,2,1,2,4,1,2,Semi-Furnished,New,18.567355,73.917212,6,1,1,1,0,0,0,0,1,0,1,1,0,10770000
Bengaluru,Hebbal,560037,Apartment,691,567,2,2,1,2,3,4,2,0,Semi-Furnished,New,13.045075,77.604785,6,1,0,1,0,0,1,0,0,1,0,1,1,7380000
Mumbai,Kandivali East,400039,Apartment,1451,1140,3,3,4,3,28,28,2,1,Semi-Furnished,Average,19.202539,72.870186,7,0,0,1,1,0,0,0,1,1,1,1,1,27210000
Delhi NCR,Vasant Kunj (Delhi),110040,Apartment,1552,1331,3,3,4,2,4,22,1,1,Semi-Furnished,New,28.524069,77.152558,5,1,0,1,0,0,0,0,1,0,0,1,1,32370000
Hyderabad,Uppal,500034,Villa,914,788,2,2,2,3,0,2,0,0,Fully Furnished,New,17.411453,78.547983,7,1,0,1,0,0,1,1,1,0,1,0,1,8320000
Pune,Kothrud,411030,Independent House,1431,1238,3,3,3,3,0,3,5,0,Semi-Furnished,Good,18.499523,73.80136,4,1,1,0,0,0,1,0,0,0,1,0,0,18670000
Delhi NCR,Vasant Kunj (Delhi),110036,Apartment,716,585,2,2,2,0,5,28,2,1,Fully Furnished,Good,28.512207,77.161627,9,0,1,1,1,0,1,0,1,1,1,1,1,15960000
Kolkata,Garia,700002,Villa,676,573,2,2,2,2,0,1,8,0,Unfurnished,Good,22.45896,88.395856,5,0,1,1,0,0,0,0,0,1,0,1,1,4410000
Pune,Kharadi,411039,Apartment,870,746,2,2,3,0,11,28,3,0,Semi-Furnished,Good,18.551955,73.921134,8,1,1,1,0,1,0,0,1,1,0,1,1,8980000
Bengaluru,Yelahanka,560013,Independent House,1015,883,2,2,2,2,0,2,3,0,Unfurnished,Good,13.097426,77.604347,5,0,1,1,0,1,0,0,1,0,0,0,1,7960000
Nagpur,Trimurti Nagar,440046,Villa,1142,894,2,2,2,1,0,2,12,1,Semi-Furnished,Good,21.119236,79.036308,6,1,0,1,0,0,1,0,1,0,1,0,1,9090000
Nagpur,Ramdaspeth,440011,Independent House,1372,1182,3,3,4,2,0,3,2,1,Semi-Furnished,New,21.144962,79.066787,7,1,1,0,0,0,1,1,1,1,0,1,0,16510000
Chennai,OMR (Thoraipakkam),600012,Independent House,1661,1442,3,3,2,1,0,3,2,1,Semi-Furnished,New,12.938236,80.244204,5,1,0,0,0,1,0,0,1,0,0,1,1,17440000
Pune,Magarpatta,411007,Apartment,881,729,2,2,1,2,2,28,12,1,Semi-Furnished,Needs Renovation,18.521251,73.91797,8,0,1,1,0,0,1,1,1,1,0,1,1,7140000
Delhi NCR,Greater Noida West,110010,Apartment,1450,1141,3,3,3,2,16,28,5,1,Semi-Furnished,New,28.593784,77.429835,8,1,1,1,0,0,1,0,0,1,1,1,1,9180000
Nagpur,Pratap Nagar,440029,Apartment,1526,1297,3,3,3,2,4,14,18,1,Unfurnished,Good,21.104493,79.046461,10,1,1,1,1,1,0,1,0,1,1,1,1,9300000
Delhi NCR,Indirapuram (Ghaziabad),110021,Apartment,600,517,1,1,1,1,22,35,2,1,Unfurnished,Good,28.655587,77.383201,9,1,1,1,0,1,1,0,1,1,0,1,1,4610000
Hyderabad,Miyapur,500016,Independent House,954,760,2,2,3,3,0,2,5,1,Semi-Furnished,Good,17.496421,78.348743,2,0,0,0,0,0,0,0,1,1,0,0,0,6590000
Delhi NCR,Golf Course Road (Gurugram),110027,Independent House,1258,1097,3,3,2,2,0,2,3,1,Unfurnished,Good,28.44321,77.09478,5,0,0,0,0,0,1,1,1,0,1,1,0,26550000
Pune,Hinjewadi,411006,Apartment,663,568,2,2,2,1,7,14,1,1,Unfurnished,Average,18.594534,73.744627,10,0,1,1,1,0,1,1,1,1,1,1,1,5120000
Mumbai,Powai,400046,Apartment,1977,1594,4,4,3,1,5,7,12,2,Unfurnished,Good,19.122332,72.911442,8,1,1,1,1,1,0,1,0,1,0,1,0,39680000
Bengaluru,Hebbal,560028,Independent House,493,385,1,1,1,2,0,3,0,1,Fully Furnished,Good,13.038013,77.606564,4,1,0,0,1,0,1,0,1,0,0,0,0,6510000
Nagpur,Wardha Road,440016,Apartment,1308,1054,2,2,3,2,11,22,12,1,Semi-Furnished,Average,21.075795,79.070259,6,1,1,1,0,0,0,0,1,0,0,1,1,6240000
Hyderabad,Kukatpally,500029,Apartment,988,787,2,2,2,0,6,10,2,1,Semi-Furnished,New,17.480862,78.395232,8,0,1,1,1,1,1,1,1,0,0,1,0,8160000
Pune,Hinjewadi,411039,Apartment,1434,1220,3,3,3,1,7,22,2,0,Unfurnished,New,18.599256,73.744068,7,0,1,1,0,1,0,1,1,0,1,0,1,10400000
Kolkata,Ballygunge,700024,Apartment,1914,1674,3,3,3,2,5,10,2,0,Semi-Furnished,New,22.530362,88.358788,7,0,0,1,1,0,1,1,1,1,0,1,0,29330000
Chennai,Porur,600017,Independent House,980,855,2,2,2,0,0,2,18,1,Fully Furnished,Good,13.032865,80.158083,6,1,0,1,0,1,0,0,1,0,0,1,1,7010000
Nagpur,Khamla,440045,Apartment,880,707,2,2,1,0,14,22,0,2,Unfurnished,New,21.10951,79.046539,8,1,1,1,0,0,1,0,1,1,1,0,1,6830000
Mumbai,Thane West,400017,Apartment,2321,1820,4,4,3,0,1,4,12,2,Semi-Furnished,Good,19.222419,72.984659,9,1,1,1,0,1,0,1,1,1,0,1,1,31610000
Bengaluru,Koramangala,560037,Apartment,858,749,2,2,2,1,14,22,0,1,Unfurnished,New,12.941917,77.61364,9,1,1,1,0,0,1,1,1,1,1,1,0,13900000
Nagpur,Wardha Road,440040,Apartment,1157,935,3,3,4,2,14,22,2,1,Semi-Furnished,Good,21.08864,79.077542,6,0,1,1,0,0,0,0,1,1,1,1,0,7190000
Bengaluru,Sarjapur Road,560007,Apartment,691,604,1,1,2,3,2,18,2,1,Semi-Furnished,New,12.903266,77.687789,9,0,1,1,1,0,1,1,1,1,0,1,1,6800000
Bengaluru,Hebbal,560020,Apartment,2420,2015,4,4,3,1,6,10,18,1,Semi-Furnished,Good,13.034878,77.59392,9,0,1,1,1,0,1,1,1,1,0,1,1,22150000
Bengaluru,Whitefield,560034,Apartment,671,587,1,1,1,1,6,10,1,1,Semi-Furnished,Average,12.964453,77.749511,7,1,0,1,0,1,0,0,0,1,1,1,1,5890000
Bengaluru,Electronic City,560019,Apartment,522,434,2,2,1,2,8,18,8,0,Unfurnished,New,12.841504,77.681871,7,1,1,1,0,0,1,0,1,1,0,0,1,3430000
Pune,Hadapsar,411013,Apartment,908,763,3,3,3,2,5,7,2,0,Unfurnished,Good,18.506093,73.908153,10,1,1,1,1,1,0,1,1,1,1,1,0,8000000
Pune,Kharadi,411007,Apartment,1126,977,3,3,3,1,9,10,0,0,Semi-Furnished,New,18.561643,73.942667,8,1,1,1,0,1,0,0,1,1,0,1,1,11890000
Pune,Aundh,411036,Apartment,756,590,2,2,2,2,5,18,0,3,Semi-Furnished,New,18.565403,73.801945,11,1,1,1,1,0,1,1,1,1,1,1,1,11470000
Nagpur,Ramdaspeth,440044,Apartment,867,742,2,2,1,2,5,7,5,1,Semi-Furnished,New,21.120951,79.057556,9,1,1,1,0,0,1,1,1,1,1,1,0,9350000
Hyderabad,Jubilee Hills,500016,Villa,1258,1065,3,3,4,0,0,3,1,0,Unfurnished,New,17.427475,78.412867,6,1,1,1,1,0,0,0,1,1,0,0,0,32400000
Mumbai,Andheri West,400019,Apartment,1331,1043,3,3,2,2,15,18,2,0,Semi-Furnished,Good,19.133575,72.831701,7,0,0,1,1,0,1,1,1,1,0,1,0,35000000
Pune,Hinjewadi,411041,Villa,988,797,2,2,2,3,0,3,0,1,Unfurnished,New,18.595715,73.744342,4,0,0,1,0,0,0,0,1,1,0,0,1,9630000
Mumbai,Andheri East,400023,Independent House,819,707,2,2,2,1,0,1,0,1,Semi-Furnished,New,19.106574,72.870499,8,1,1,0,1,0,0,1,1,1,1,0,1,22180000
Mumbai,Andheri West,400005,Apartment,1205,947,2,2,1,3,1,18,2,2,Semi-Furnished,New,19.13234,72.823719,8,0,1,1,0,0,1,1,1,1,0,1,1,36240000
Chennai,Besant Nagar,600004,Independent House,610,533,1,1,1,3,0,2,5,1,Semi-Furnished,Good,13.010341,80.26901,5,1,1,1,0,1,0,1,0,0,0,0,0,11080000
Mumbai,Bandra West,400015,Apartment,440,358,1,1,1,2,7,7,8,1,Semi-Furnished,Good,19.047188,72.834796,8,1,1,1,0,0,0,0,1,1,1,1,1,20760000
Hyderabad,Madhapur,500011,Apartment,773,651,1,1,1,2,7,10,18,1,Semi-Furnished,Good,17.455045,78.400803,9,1,1,1,1,0,1,0,1,1,0,1,1,6970000
Chennai,Velachery,600026,Independent House,1108,959,3,3,3,0,0,2,18,1,Semi-Furnished,Needs Renovation,12.988301,80.221341,6,1,1,0,1,0,0,0,1,1,1,0,0,8160000
Pune,Kothrud,411002,Apartment,1016,824,2,2,1,3,14,14,3,0,Semi-Furnished,Good,18.509985,73.817971,7,1,1,1,0,1,0,0,1,1,0,1,0,13580000
Nagpur,Wardha Road,440041,Apartment,1537,1329,3,3,3,2,1,35,1,1,Semi-Furnished,New,21.086766,79.074113,7,1,0,1,0,1,0,0,1,1,0,1,1,9390000
Chennai,T Nagar,600009,Plot,829,829,0,0,0,0,0,0,0,0,Unfurnished,Average,13.047853,80.222944,2,0,0,1,0,0,0,0,0,0,0,1,0,10950000
Hyderabad,Gachibowli,500026,Apartment,745,624,2,2,1,3,7,7,0,1,Semi-Furnished,Good,17.442386,78.342139,9,1,1,1,1,1,1,0,1,1,1,0,0,8450000
Delhi NCR,Indirapuram (Ghaziabad),110006,Apartment,1391,1178,3,3,4,3,4,10,1,0,Semi-Furnished,New,28.627242,77.378366,4,1,0,0,0,1,0,0,0,0,0,1,1,10520000
Hyderabad,Manikonda,500042,Apartment,2433,1917,4,4,3,3,13,14,5,1,Semi-Furnished,Good,17.404211,78.392563,10,1,1,0,1,1,1,1,1,1,0,1,1,19970000
Bengaluru,Koramangala,560018,Apartment,849,681,2,2,2,1,3,14,3,0,Semi-Furnished,Good,12.931531,77.631354,8,1,1,1,0,0,0,0,1,1,1,1,1,14020000
Bengaluru,JP Nagar,560016,Apartment,1197,1042,3,3,3,2,6,22,2,1,Semi-Furnished,New,12.914915,77.568343,5,0,1,0,0,0,0,1,1,0,1,1,0,12540000
Nagpur,Wardha Road,440019,Apartment,1158,913,3,3,2,2,31,35,1,1,Semi-Furnished,New,21.06918,79.057331,10,1,1,0,0,1,1,1,1,1,1,1,1,8350000
Kolkata,New Town (Action Area 1),700033,Apartment,557,435,1,1,1,3,24,28,0,1,Semi-Furnished,New,22.598035,88.477524,6,1,1,1,0,0,1,0,1,0,0,1,0,5160000
Delhi NCR,Greater Noida West,110020,Independent House,648,534,1,1,1,2,0,3,5,0,Semi-Furnished,Good,28.589444,77.425504,5,1,0,1,0,0,0,0,1,0,1,1,0,4650000
Hyderabad,Jubilee Hills,500035,Apartment,518,424,1,1,1,0,3,4,1,1,Semi-Furnished,New,17.424415,78.405877,5,0,1,0,0,0,1,0,0,1,1,1,0,9570000
Mumbai,Andheri East,400022,Apartment,878,715,2,2,3,2,18,18,0,1,Unfurnished,New,19.116352,72.872487,6,0,1,1,0,0,1,0,1,1,1,0,0,18690000
Nagpur,Trimurti Nagar,440022,Independent House,866,736,2,2,2,1,0,3,0,1,Unfurnished,New,21.126595,79.042971,7,1,0,0,0,1,0,1,1,1,1,0,1,7790000
Nagpur,Pratap Nagar,440037,Apartment,1697,1357,3,3,3,2,5,10,2,2,Semi-Furnished,Average,21.130154,79.037897,6,0,1,0,1,0,0,0,1,1,0,1,1,12230000
Bengaluru,Electronic City,560028,Apartment,940,818,2,2,1,2,9,22,0,0,Unfurnished,New,12.835492,77.678344,10,1,1,1,1,0,1,1,1,1,1,1,0,7310000
Delhi NCR,Sohna Road (Gurugram),110037,Apartment,1526,1191,3,3,3,1,3,7,8,1,Fully Furnished,Good,28.387972,77.04794,10,1,1,1,0,1,1,1,1,1,1,1,0,14430000
Chennai,Porur,600034,Apartment,1454,1184,3,3,4,3,8,18,1,0,Semi-Furnished,Good,13.035773,80.154749,8,1,1,0,0,0,0,1,1,1,1,1,1,11370000
Hyderabad,Jubilee Hills,500021,Apartment,1137,896,3,3,3,3,2,4,2,1,Unfurnished,New,17.447462,78.392731,8,1,0,1,1,0,1,0,1,1,1,1,0,20360000
Delhi NCR,Sohna Road (Gurugram),110021,Apartment,3413,2887,5,5,5,2,10,22,2,2,Unfurnished,Good,28.399675,77.041196,9,1,1,1,1,0,0,1,1,1,0,1,1,31730000
Hyderabad,Miyapur,500026,Apartment,1020,897,2,2,2,2,1,7,0,1,Fully Furnished,New,17.494951,78.372545,8,1,1,0,0,1,1,0,1,1,1,1,0,8430000
Nagpur,Pratap Nagar,440005,Apartment,1099,932,2,2,1,2,1,14,12,1,Fully Furnished,Average,21.113271,79.048365,7,1,1,1,0,0,0,0,1,1,0,1,1,7080000
Chennai,Velachery,600020,Apartment,1146,1004,3,3,3,2,21,22,3,1,Semi-Furnished,Good,12.984381,80.213699,8,1,1,1,0,1,0,1,0,1,0,1,1,12070000
Bengaluru,JP Nagar,560024,Independent House,1695,1400,4,4,4,2,0,2,12,1,Fully Furnished,Good,12.920052,77.578529,5,1,0,0,0,0,0,1,1,0,1,1,0,19450000
Kolkata,Salt Lake (Sector V),700045,Independent House,662,554,1,1,1,2,0,2,12,1,Semi-Furnished,Good,22.575435,88.43682,5,1,0,0,1,0,0,0,1,0,1,0,1,5830000
Bengaluru,Sarjapur Road,560044,Apartment,1765,1431,3,3,2,3,34,35,8,3,Semi-Furnished,Good,12.910413,77.680229,6,0,1,0,0,1,0,1,0,1,0,1,1,16000000
Nagpur,Manish Nagar,440027,Apartment,1603,1280,3,3,4,0,3,10,5,1,Semi-Furnished,Good,21.086424,79.077405,8,1,1,1,1,0,0,1,1,1,0,1,0,10100000
Pune,Hinjewadi,411011,Apartment,748,595,2,2,2,1,15,18,3,0,Unfurnished,Good,18.605864,73.734369,8,1,1,1,0,0,1,1,1,1,0,0,1,6130000
Nagpur,Khamla,440030,Apartment,985,860,2,2,2,3,9,18,8,1,Semi-Furnished,Average,21.107124,79.057952,9,1,1,1,1,0,1,0,1,1,0,1,1,6480000
Hyderabad,HITEC City,500002,Villa,917,736,2,2,2,0,0,3,5,0,Semi-Furnished,Good,17.453045,78.385372,7,1,1,0,0,0,1,0,1,1,0,1,1,14350000
Bengaluru,Hebbal,560029,Independent House,1284,1084,3,3,3,2,0,1,2,2,Unfurnished,Good,13.027161,77.592091,5,1,0,0,1,1,0,1,1,0,0,0,0,15110000
Delhi NCR,Indirapuram (Ghaziabad),110004,Apartment,2306,1885,4,4,4,2,4,4,1,0,Unfurnished,Good,28.622627,77.374935,7,1,1,0,1,0,0,0,1,1,0,1,1,16320000
Pune,Magarpatta,411013,Apartment,902,753,2,2,1,3,2,10,0,1,Semi-Furnished,New,18.52613,73.930574,8,1,0,1,0,0,1,0,1,1,1,1,1,11170000
Chennai,Adyar,600035,Villa,2018,1621,4,4,4,2,0,3,2,1,Unfurnished,Good,13.0087,80.269581,8,1,0,1,0,0,1,1,1,1,1,1,0,42430000
Delhi NCR,Golf Course Road (Gurugram),110046,Villa,2570,2146,5,5,5,3,0,3,12,1,Semi-Furnished,Good,28.457471,77.091639,4,1,1,0,0,1,0,0,0,0,0,0,1,59690000
Bengaluru,Bellandur,560011,Apartment,1067,882,2,2,3,0,17,35,3,1,Unfurnished,New,12.919289,77.676743,5,1,1,1,0,0,0,0,1,0,0,1,0,10210000
Bengaluru,Whitefield,560043,Apartment,730,619,1,1,1,0,7,10,0,1,Semi-Furnished,New,12.965701,77.750447,8,1,1,0,1,0,1,0,1,1,0,1,1,7710000
Pune,Viman Nagar,411039,Plot,3164,3164,0,0,0,0,0,0,2,0,Unfurnished,Average,18.577068,73.8916,1,0,0,0,0,0,0,0,0,0,0,1,0,26910000
Bengaluru,Koramangala,560045,Villa,1373,1164,3,3,3,2,0,3,1,1,Semi-Furnished,New,12.931571,77.63831,5,1,1,0,1,0,0,0,1,1,0,0,0,28450000
Pune,Baner,411002,Apartment,660,569,1,1,2,1,4,4,0,1,Semi-Furnished,New,18.56185,73.796892,7,1,1,1,0,0,1,1,1,0,1,0,0,7610000
Nagpur,Sadar,440019,Apartment,503,411,1,1,1,1,1,10,0,1,Semi-Furnished,New,21.171769,79.085403,7,0,1,1,0,1,1,0,1,0,1,1,0,4490000
Hyderabad,Madhapur,500025,Apartment,1264,1018,3,3,4,2,20,35,5,1,Semi-Furnished,Good,17.451391,78.398202,9,1,1,1,1,1,1,1,0,1,1,0,0,14170000
Nagpur,Civil Lines,440025,Apartment,998,853,4,4,4,3,26,28,5,2,Semi-Furnished,Good,21.159186,79.059237,8,1,1,0,0,1,0,1,0,1,1,1,1,9420000
Bengaluru,JP Nagar,560022,Independent House,465,390,2,2,1,2,0,2,0,0,Fully Furnished,Good,12.912812,77.586729,7,1,1,0,0,0,1,1,1,0,1,1,0,6210000
Mumbai,Navi Mumbai - Vashi,400009,Independent House,725,635,1,1,1,1,0,3,12,1,Fully Furnished,Needs Renovation,19.082199,73.01153,4,0,1,0,0,0,0,0,1,0,1,1,0,9420000
Bengaluru,HSR Layout,560008,Apartment,1391,1208,3,3,3,2,1,4,0,2,Semi-Furnished,New,12.899166,77.642765,5,0,1,0,1,0,1,0,0,1,0,1,0,18230000
Hyderabad,Jubilee Hills,500040,Plot,3907,3907,0,0,0,0,0,0,2,0,Unfurnished,Average,17.436913,78.407665,2,0,0,1,0,0,0,0,0,0,0,1,0,54370000
Hyderabad,Kondapur,500029,Apartment,1070,937,2,2,2,2,8,14,2,1,Semi-Furnished,New,17.487139,78.355278,9,0,1,1,1,1,1,1,1,1,0,0,1,10570000
Bengaluru,Yelahanka,560040,Apartment,1462,1181,3,3,4,3,10,22,3,2,Semi-Furnished,Needs Renovation,13.094282,77.608156,6,1,1,0,0,1,0,0,0,1,0,1,1,9540000
Pune,Aundh,411010,Apartment,2874,2389,5,5,5,2,8,28,0,1,Semi-Furnished,Average,18.558829,73.814447,9,1,1,1,1,0,1,1,0,0,1,1,1,36480000
Hyderabad,Banjara Hills,500033,Villa,513,421,1,1,2,1,0,3,3,1,Fully Furnished,Needs Renovation,17.428923,78.428851,5,1,1,0,0,0,1,1,0,0,1,0,0,10470000
Nagpur,Khamla,440034,Apartment,1061,847,2,2,2,3,14,22,0,2,Unfurnished,New,21.101949,79.061842,7,1,1,1,1,0,0,0,0,1,1,0,1,7670000
Pune,Hadapsar,411040,Apartment,1090,951,2,2,2,2,5,7,0,2,Semi-Furnished,New,18.501199,73.931442,5,1,0,0,0,0,1,1,0,1,0,1,0,10610000
Bengaluru,Electronic City,560026,Apartment,1097,952,2,2,2,0,15,18,1,0,Unfurnished,New,12.841911,77.67515,7,1,1,1,0,0,0,0,1,1,0,1,1,7800000
Bengaluru,Electronic City,560002,Apartment,1201,988,2,2,3,0,5,28,3,1,Semi-Furnished,Good,12.834304,77.668703,6,1,1,0,0,1,0,0,1,1,1,0,0,8530000
Pune,Kalyani Nagar,411016,Apartment,813,661,2,2,2,2,16,35,2,1,Semi-Furnished,Good,18.538699,73.891751,7,0,1,1,0,1,1,0,1,1,1,0,0,11760000
Hyderabad,Jubilee Hills,500032,Apartment,935,803,2,2,3,1,6,18,0,1,Unfurnished,New,17.433845,78.41491,5,1,1,1,0,0,0,0,0,0,0,1,1,17900000
Kolkata,Rajarhat,700006,Independent House,560,485,1,1,2,2,0,2,2,1,Fully Furnished,Average,22.618414,88.494081,7,1,0,1,0,0,0,1,1,0,1,1,1,4610000
Kolkata,New Town (Action Area 1),700010,Apartment,1431,1120,3,3,3,0,29,35,5,1,Unfurnished,Good,22.591247,88.464057,10,1,1,1,0,1,1,1,1,1,0,1,1,10580000
Chennai,Adyar,600019,Apartment,2351,2056,4,4,3,1,12,14,2,2,Semi-Furnished,New,13.005824,80.261119,10,1,1,1,1,0,0,1,1,1,1,1,1,41530000
Delhi NCR,Sector 62 (Noida),110023,Apartment,1190,989,2,2,2,3,11,35,2,3,Fully Furnished,New,28.623127,77.369642,7,1,1,1,0,0,1,0,1,1,0,0,1,12520000
Pune,Wakad,411043,Independent House,845,684,2,2,1,3,0,1,2,2,Fully Furnished,Good,18.60344,73.772077,3,1,0,0,0,1,0,0,1,0,0,0,0,9550000
Kolkata,New Town (Action Area 1),700037,Independent House,588,494,1,1,1,1,0,1,5,0,Fully Furnished,Good,22.594697,88.491107,7,1,1,1,0,1,0,1,1,0,0,0,1,5770000
Mumbai,Bandra West,400025,Apartment,1582,1260,3,3,3,2,7,7,25,2,Semi-Furnished,Average,19.060494,72.837557,8,1,1,1,1,0,0,1,1,1,0,1,0,53690000
Hyderabad,Jubilee Hills,500034,Apartment,1406,1182,3,3,2,1,16,18,1,0,Fully Furnished,New,17.429471,78.406653,6,1,1,1,0,0,0,0,1,1,0,0,1,26630000
Hyderabad,Miyapur,500012,Apartment,986,823,2,2,3,2,28,35,0,1,Semi-Furnished,New,17.492892,78.374141,4,0,1,1,0,0,0,0,0,1,1,0,0,7640000
Bengaluru,JP Nagar,560029,Apartment,1100,903,3,3,2,0,22,28,8,1,Unfurnished,Good,12.905901,77.577331,10,1,0,1,1,0,1,1,1,1,1,1,1,11510000
Delhi NCR,Dwarka (Delhi),110018,Apartment,3367,2915,5,5,4,3,1,7,1,1,Semi-Furnished,New,28.599763,77.039673,8,0,1,1,1,0,1,1,1,1,0,0,1,46560000
Bengaluru,Sarjapur Road,560006,Apartment,716,583,2,2,2,0,26,35,8,1,Semi-Furnished,Good,12.915912,77.689151,6,1,0,1,1,0,0,1,1,1,0,0,0,6700000
Nagpur,Manish Nagar,440017,Apartment,2100,1817,4,4,5,1,13,14,3,2,Unfurnished,Good,21.094418,79.096235,7,0,1,1,0,1,0,0,1,1,1,1,0,13180000
Mumbai,Navi Mumbai - Vashi,400014,Apartment,973,815,2,2,2,0,1,4,8,0,Semi-Furnished,Good,19.068411,72.991654,6,1,1,1,0,0,1,0,0,1,0,1,0,13790000
Bengaluru,Whitefield,560021,Apartment,1138,903,2,2,1,0,12,35,8,1,Semi-Furnished,Good,12.96775,77.748113,6,1,1,1,1,0,0,1,0,0,0,1,0,10150000
Bengaluru,Whitefield,560032,Independent House,858,747,2,2,3,0,0,3,3,1,Semi-Furnished,Good,12.97216,77.738022,10,1,1,1,1,1,1,1,1,1,1,0,0,10350000
Chennai,Sholinganallur,600015,Apartment,836,671,2,2,1,2,4,4,2,1,Unfurnished,New,12.906775,80.21774,8,1,1,1,0,0,1,0,1,1,1,1,0,6620000
Hyderabad,HITEC City,500034,Apartment,1569,1367,3,3,2,1,13,18,8,2,Unfurnished,Good,17.446574,78.369245,10,1,1,1,1,1,0,1,1,1,0,1,1,17620000
Hyderabad,Banjara Hills,500011,Apartment,456,395,1,1,1,1,5,14,5,1,Semi-Furnished,Needs Renovation,17.413578,78.443935,6,0,1,1,0,1,0,0,1,0,0,1,1,6700000
Kolkata,Rajarhat,700040,Apartment,1403,1214,3,3,3,2,6,7,18,1,Fully Furnished,Good,22.612202,88.495165,7,0,1,1,0,1,0,0,1,1,0,1,1,8070000
Bengaluru,Sarjapur Road,560033,Independent House,1222,961,4,4,3,0,0,1,2,1,Semi-Furnished,Good,12.916561,77.684806,6,0,1,1,0,1,1,0,0,0,1,0,1,13530000
Chennai,Porur,600002,Independent House,1123,942,3,3,2,2,0,1,2,1,Semi-Furnished,New,13.012786,80.158733,7,1,1,1,0,0,0,0,1,0,1,1,1,10290000
Nagpur,Dharampeth,440002,Apartment,660,560,2,2,2,2,19,35,1,1,Semi-Furnished,New,21.136572,79.082742,9,1,1,1,1,1,0,0,1,1,0,1,1,7040000
Bengaluru,Koramangala,560011,Apartment,1584,1386,3,3,3,2,26,35,5,1,Fully Furnished,Average,12.929995,77.607778,6,0,0,1,1,0,0,1,1,1,0,1,0,25250000
Delhi NCR,Rohini (Delhi),110006,Apartment,904,782,2,2,2,0,23,35,5,1,Semi-Furnished,Good,28.706801,77.109083,3,1,1,0,0,0,0,0,0,1,0,0,0,9430000
Delhi NCR,Vasant Kunj (Delhi),110013,Villa,1362,1189,3,3,3,1,0,3,2,1,Unfurnished,New,28.509888,77.159889,3,1,0,1,0,0,0,0,0,1,0,0,0,33520000
Hyderabad,Kondapur,500037,Villa,599,496,2,2,2,2,0,1,5,1,Semi-Furnished,Good,17.475813,78.361856,7,0,0,1,0,0,1,1,1,1,1,1,0,7220000
Delhi NCR,Rohini (Delhi),110039,Plot,3892,3892,0,0,0,0,0,0,1,0,Unfurnished,Average,28.698836,77.104337,1,0,0,0,0,0,0,0,0,0,0,1,0,29040000
Nagpur,Khamla,440002,Apartment,677,589,2,2,1,2,12,28,8,1,Unfurnished,Good,21.109088,79.063219,5,0,1,1,0,0,0,0,0,1,1,1,0,4520000
Delhi NCR,Indirapuram (Ghaziabad),110019,Independent House,536,445,1,1,1,2,0,2,0,1,Semi-Furnished,New,28.646052,77.359688,3,1,0,0,0,1,1,0,0,0,0,0,0,5100000
Bengaluru,JP Nagar,560034,Apartment,1197,986,3,3,4,3,18,18,2,1,Semi-Furnished,New,12.908759,77.583718,10,0,1,1,1,1,1,1,1,1,1,1,0,15510000
Nagpur,Trimurti Nagar,440017,Apartment,800,648,2,2,2,1,2,4,5,2,Unfurnished,Good,21.123021,79.036764,7,1,1,0,1,1,0,0,0,1,0,1,1,5070000
Nagpur,Manish Nagar,440026,Plot,2690,2690,0,0,0,0,0,0,2,0,Unfurnished,Average,21.089629,79.076635,1,0,0,0,0,0,0,0,0,0,0,1,0,12640000
Mumbai,Andheri West,400033,Apartment,939,802,2,2,2,2,26,35,2,0,Semi-Furnished,New,19.13823,72.828376,5,0,1,0,1,0,0,0,1,0,1,0,1,29270000
Pune,Wakad,411027,Plot,1330,1330,0,0,0,0,0,0,1,0,Unfurnished,Average,18.606088,73.760395,1,0,0,0,0,0,0,0,0,0,0,1,0,9190000
Mumbai,Kandivali East,400019,Apartment,747,607,2,2,2,3,3,10,3,0,Unfurnished,Good,19.210903,72.873658,8,1,1,1,0,1,0,0,1,1,0,1,1,11080000
Mumbai,Borivali West,400009,Villa,965,773,2,2,1,0,0,3,1,1,Semi-Furnished,New,19.226952,72.85063,5,1,0,0,0,1,1,1,1,0,0,0,0,27230000
Bengaluru,Sarjapur Road,560040,Apartment,838,724,2,2,1,3,12,18,2,1,Fully Furnished,New,12.903849,77.685606,9,1,1,1,1,0,1,1,1,1,0,1,0,9540000
Pune,Kalyani Nagar,411024,Apartment,925,795,2,2,2,0,11,14,0,1,Semi-Furnished,New,18.555631,73.907548,9,0,1,1,1,1,0,1,1,1,1,1,0,13400000
Delhi NCR,Cyber City (Gurugram),110039,Independent House,1266,1037,3,3,3,2,0,1,2,2,Semi-Furnished,New,28.490505,77.093335,8,1,1,0,1,1,1,1,1,0,0,0,1,24270000
Pune,Magarpatta,411037,Apartment,2042,1656,3,3,3,0,6,22,8,1,Unfurnished,Good,18.520048,73.928391,10,1,1,0,1,1,0,1,1,1,1,1,1,20870000
Bengaluru,Bellandur,560026,Independent House,1350,1141,2,2,2,3,0,3,0,1,Semi-Furnished,New,12.932966,77.683791,5,1,0,1,0,0,0,0,1,1,0,0,1,17330000
Hyderabad,Miyapur,500011,Apartment,1364,1189,3,3,3,2,5,14,2,1,Semi-Furnished,New,17.492994,78.354791,9,1,1,1,1,0,1,1,1,0,1,1,0,9750000
Pune,Viman Nagar,411008,Villa,719,586,2,2,2,3,0,3,2,2,Unfurnished,Average,18.567293,73.900823,4,0,0,0,1,1,1,0,0,0,0,1,0,9830000
Nagpur,Besha,440029,Independent House,1390,1217,3,3,3,3,0,2,8,1,Semi-Furnished,Good,21.075175,79.086823,6,0,1,0,0,1,0,0,1,1,0,1,1,8800000
Pune,Baner,411038,Apartment,1182,992,2,2,2,3,6,35,12,1,Unfurnished,Average,18.549044,73.788663,7,1,1,1,0,0,0,0,1,1,1,1,0,9880000
Hyderabad,Kukatpally,500020,Apartment,1144,980,3,3,3,2,5,14,1,1,Semi-Furnished,New,17.484079,78.403058,10,0,1,1,1,1,1,1,1,1,1,0,1,9910000
Pune,Kothrud,411037,Villa,1643,1347,3,3,2,2,0,2,2,1,Semi-Furnished,New,18.51535,73.818691,5,1,0,0,1,1,1,0,1,0,0,0,0,26860000
Delhi NCR,Rohini (Delhi),110014,Independent House,1519,1203,3,3,2,1,0,2,3,1,Unfurnished,Good,28.71506,77.106207,5,1,0,0,1,0,0,0,1,0,1,1,0,16040000
Delhi NCR,Golf Course Road (Gurugram),110024,Apartment,2708,2331,4,4,3,1,5,10,8,0,Semi-Furnished,Average,28.46132,77.099488,5,1,1,0,0,0,0,0,1,0,0,1,1,44460000
Pune,Magarpatta,411025,Apartment,1092,899,3,3,3,0,18,28,3,2,Semi-Furnished,Good,18.511244,73.926208,5,1,1,1,1,0,0,0,0,1,0,0,0,11490000
Nagpur,Dharampeth,440024,Apartment,578,494,1,1,1,2,2,10,1,1,Fully Furnished,New,21.130892,79.05174,6,0,0,1,1,1,0,1,0,1,0,1,0,6320000
Pune,Aundh,411029,Apartment,643,560,1,1,2,1,6,7,18,1,Semi-Furnished,Needs Renovation,18.559465,73.800558,8,1,1,1,1,0,0,0,1,1,0,1,1,5430000
Nagpur,Dharampeth,440008,Apartment,1958,1538,4,4,4,2,4,14,1,1,Semi-Furnished,Good,21.149556,79.068126,6,1,0,1,0,1,0,0,1,1,0,1,0,17690000
Delhi NCR,Indirapuram (Ghaziabad),110028,Independent House,1109,972,3,3,4,0,0,1,2,1,Unfurnished,New,28.642143,77.368412,7,1,1,0,0,0,1,1,1,0,1,1,0,9510000
Delhi NCR,Rohini (Delhi),110031,Independent House,1733,1358,3,3,4,1,0,2,8,2,Semi-Furnished,Good,28.716617,77.111264,5,1,0,1,0,1,0,0,1,0,0,0,1,17910000
Mumbai,Thane West,400026,Apartment,1453,1170,3,3,3,0,4,4,3,1,Semi-Furnished,Good,19.226801,72.975095,9,1,1,1,0,0,1,1,1,1,0,1,1,23250000
Bengaluru,JP Nagar,560026,Independent House,1171,971,2,2,1,3,0,2,3,1,Unfurnished,Needs Renovation,12.91961,77.588142,7,1,1,0,0,1,0,0,1,0,1,1,1,11360000
Pune,Kalyani Nagar,411033,Apartment,727,625,1,1,1,2,5,10,2,1,Fully Furnished,Average,18.549879,73.89929,5,1,1,1,0,0,0,0,0,1,1,0,0,9940000
Kolkata,New Town (Action Area 1),700042,Apartment,2190,1918,4,4,4,2,6,18,1,1,Semi-Furnished,Good,22.584676,88.470854,10,1,1,1,0,1,1,1,1,1,0,1,1,18820000
Pune,Wakad,411008,Apartment,847,738,3,3,3,1,12,18,0,1,Fully Furnished,New,18.610976,73.777779,6,1,1,1,0,1,0,0,0,1,0,0,1,9080000
Delhi NCR,Sector 150 (Noida),110029,Villa,1536,1322,3,3,2,2,0,1,3,2,Semi-Furnished,Good,28.455025,77.48784,4,0,0,0,0,0,1,0,1,0,1,1,0,20510000
Chennai,OMR (Thoraipakkam),600024,Apartment,710,554,2,2,1,0,6,7,0,1,Semi-Furnished,Good,12.947698,80.235355,5,1,1,0,0,0,0,0,1,1,1,0,0,5910000
Delhi NCR,Dwarka (Delhi),110034,Apartment,1216,986,3,3,3,2,10,35,1,1,Semi-Furnished,New,28.606085,77.05432,5,1,0,0,0,0,0,1,0,1,1,1,0,16340000
Kolkata,New Town (Action Area 1),700037,Apartment,721,628,2,2,3,3,13,28,5,1,Semi-Furnished,Needs Renovation,22.591915,88.475476,7,1,1,1,0,0,1,0,1,1,0,1,0,4740000
Pune,Wakad,411021,Apartment,1715,1450,3,3,3,3,2,10,0,2,Semi-Furnished,Good,18.605019,73.776557,6,1,0,1,0,1,0,1,0,1,0,0,1,16090000
Pune,Aundh,411040,Apartment,1574,1355,4,4,4,1,7,35,5,1,Unfurnished,Good,18.561034,73.817181,8,1,1,1,0,0,1,1,0,1,0,1,1,18850000
Bengaluru,Bellandur,560016,Independent House,1526,1253,3,3,3,0,0,3,0,1,Semi-Furnished,Good,12.92345,77.667962,4,1,0,0,0,0,1,0,1,0,1,0,0,18080000
Bengaluru,Hebbal,560021,Villa,1477,1169,3,3,2,2,0,1,0,1,Semi-Furnished,New,13.030554,77.595114,2,1,0,1,0,0,0,0,0,0,0,0,0,20790000
Pune,Aundh,411015,Apartment,1141,988,2,2,2,3,14,28,25,1,Unfurnished,Average,18.560244,73.820322,6,1,0,1,0,0,1,0,1,1,0,1,0,10550000
Delhi NCR,Rohini (Delhi),110019,Apartment,2069,1641,4,4,4,3,15,18,1,2,Semi-Furnished,New,28.701932,77.093313,7,1,1,1,0,0,1,1,0,0,1,0,1,22450000
Bengaluru,HSR Layout,560003,Apartment,715,615,2,2,2,2,17,22,1,2,Semi-Furnished,New,12.923128,77.645527,9,1,1,0,0,1,0,1,1,1,1,1,1,10740000
Pune,Wakad,411046,Independent House,570,468,2,2,1,1,0,3,1,1,Semi-Furnished,Average,18.589116,73.775897,5,1,0,1,0,1,0,0,0,0,1,0,1,5720000
Pune,Magarpatta,411029,Apartment,924,765,2,2,3,3,31,35,3,1,Semi-Furnished,New,18.520319,73.940286,7,0,1,1,0,1,1,0,0,1,0,1,1,11120000
Delhi NCR,Sohna Road (Gurugram),110002,Apartment,1417,1156,3,3,2,3,4,28,0,0,Unfurnished,New,28.396541,77.061137,11,1,1,1,1,0,1,1,1,1,1,1,1,12850000
Delhi NCR,Rohini (Delhi),110004,Villa,651,553,1,1,2,2,0,2,0,2,Fully Furnished,New,28.709082,77.114534,6,1,1,0,0,0,0,0,1,0,1,1,1,10230000
Bengaluru,Sarjapur Road,560033,Apartment,1387,1124,3,3,3,3,7,10,5,0,Semi-Furnished,Good,12.915991,77.709903,5,1,0,0,0,0,1,0,0,1,0,1,1,12410000
Bengaluru,Koramangala,560014,Apartment,804,677,2,2,1,3,14,35,0,2,Semi-Furnished,Good,12.93181,77.620873,5,1,1,1,0,0,0,0,0,1,0,1,0,12100000
Chennai,T Nagar,600046,Plot,2761,2761,0,0,0,0,0,0,4,0,Unfurnished,Average,13.039159,80.239963,0,0,0,0,0,0,0,0,0,0,0,0,0,30510000
Chennai,T Nagar,600007,Apartment,2496,1984,4,4,3,2,7,28,2,1,Semi-Furnished,Good,13.045702,80.228226,5,0,1,1,0,0,0,0,1,1,0,1,0,41280000
Pune,Wakad,411019,Apartment,1223,984,2,2,2,2,2,4,8,1,Semi-Furnished,Good,18.604568,73.76887,9,1,1,1,0,0,1,1,1,1,1,1,0,10330000
Bengaluru,Indiranagar,560019,Independent House,963,802,2,2,1,2,0,1,0,1,Fully Furnished,New,12.974306,77.623962,6,1,0,1,0,0,0,1,0,0,1,1,1,23040000
Nagpur,Manish Nagar,440027,Independent House,976,791,2,2,2,2,0,1,0,1,Unfurnished,New,21.094285,79.082937,4,1,0,0,0,1,1,0,1,0,0,0,0,7130000
Delhi NCR,Golf Course Road (Gurugram),110040,Apartment,1353,1161,3,3,3,3,14,14,3,1,Semi-Furnished,Good,28.446705,77.112617,8,1,0,1,0,1,0,1,1,1,1,1,0,26810000
Pune,Hadapsar,411043,Apartment,773,643,2,2,3,3,13,35,25,2,Unfurnished,Good,18.505378,73.936205,5,1,0,1,0,1,0,0,1,1,0,0,0,4860000
Hyderabad,Kukatpally,500040,Apartment,1088,895,3,3,2,3,22,35,2,1,Semi-Furnished,Good,17.504835,78.405448,6,1,0,0,0,1,0,0,0,1,1,1,1,9490000
Hyderabad,Manikonda,500017,Plot,3553,3553,0,0,0,0,0,0,0,0,Unfurnished,Average,17.409926,78.408555,2,0,0,1,0,0,0,0,0,0,0,1,0,24270000
Bengaluru,Yelahanka,560002,Apartment,832,652,2,2,1,3,7,7,8,1,Semi-Furnished,Good,13.113691,77.599365,9,1,1,1,1,0,1,0,1,1,0,1,1,6500000
Mumbai,Kandivali East,400007,Independent House,660,558,2,2,2,3,0,2,5,0,Semi-Furnished,Good,19.204837,72.862197,8,1,1,1,1,1,1,0,1,0,0,0,1,13420000
Pune,Kalyani Nagar,411025,Apartment,1669,1393,3,3,3,2,2,18,5,2,Fully Furnished,Good,18.529704,73.903124,9,1,0,0,1,0,1,1,1,1,1,1,1,26070000
Mumbai,Bandra West,400045,Villa,1352,1084,3,3,4,3,0,1,18,2,Unfurnished,Good,19.065433,72.832309,7,0,1,1,1,1,1,0,1,1,0,0,0,65020000
Bengaluru,Whitefield,560017,Apartment,903,792,2,2,2,2,5,7,1,0,Unfurnished,New,12.960067,77.741028,6,0,1,1,0,0,0,1,0,1,0,1,1,8870000
Chennai,Adyar,600011,Villa,953,830,2,2,2,3,0,1,2,2,Semi-Furnished,New,13.000092,80.253109,7,1,0,0,1,0,1,0,1,0,1,1,1,20940000
Delhi NCR,Sector 62 (Noida),110041,Independent House,2495,2092,4,4,5,2,0,1,8,0,Semi-Furnished,Average,28.624318,77.351271,4,1,0,0,0,0,0,0,1,1,1,0,0,21790000
Pune,Viman Nagar,411040,Apartment,914,788,2,2,3,1,1,22,5,1,Semi-Furnished,Good,18.568151,73.927161,8,0,1,1,0,1,1,0,1,1,1,1,0,10440000
Chennai,Porur,600010,Independent House,1472,1222,3,3,3,2,0,2,0,0,Semi-Furnished,New,13.028769,80.154743,5,1,0,1,0,0,0,0,1,0,1,1,0,13550000
Mumbai,Navi Mumbai - Vashi,400028,Apartment,684,534,2,2,2,3,3,35,0,1,Semi-Furnished,New,19.078707,72.999406,5,0,1,1,0,0,0,0,0,1,1,1,0,11460000
Hyderabad,Miyapur,500042,Apartment,1127,966,2,2,2,2,2,4,2,1,Semi-Furnished,New,17.499476,78.373225,7,1,1,0,0,0,0,0,1,1,1,1,1,7640000
Mumbai,Andheri West,400032,Apartment,2151,1884,4,4,3,1,10,22,1,1,Semi-Furnished,New,19.136976,72.819146,7,0,0,1,1,1,1,0,0,1,1,1,0,66190000
Hyderabad,Kukatpally,500041,Apartment,822,643,1,1,1,1,3,18,2,1,Semi-Furnished,New,17.494664,78.40364,8,1,0,1,0,0,1,0,1,1,1,1,1,7110000
Hyderabad,Banjara Hills,500004,Villa,1220,1021,3,3,4,1,0,3,18,1,Semi-Furnished,Good,17.401034,78.430054,8,1,0,1,0,0,1,1,1,0,1,1,1,21920000
Bengaluru,HSR Layout,560028,Independent House,1829,1471,3,3,3,0,0,2,3,1,Unfurnished,Good,12.911179,77.641833,4,1,0,0,1,0,0,0,1,0,1,0,0,24990000
Hyderabad,Kukatpally,500029,Apartment,1117,904,3,3,3,2,2,4,5,1,Unfurnished,Average,17.488665,78.400145,9,1,1,1,0,1,0,1,1,1,0,1,1,8010000
Pune,Aundh,411027,Apartment,1526,1316,3,3,2,0,29,35,1,1,Unfurnished,New,18.564587,73.809325,8,1,1,0,1,0,1,0,1,1,1,1,0,22180000
Pune,Hinjewadi,411019,Apartment,984,793,2,2,2,3,4,4,18,1,Semi-Furnished,Needs Renovation,18.58306,73.739269,6,1,0,1,0,1,1,0,1,1,0,0,0,4970000
Pune,Aundh,411045,Apartment,2130,1764,4,4,4,3,4,14,3,1,Fully Furnished,Good,18.558755,73.829015,9,1,1,1,1,0,0,1,1,1,1,1,0,29890000
Delhi NCR,Greater Noida West,110028,Apartment,709,580,2,2,3,2,33,35,5,0,Semi-Furnished,New,28.588927,77.439155,5,1,0,1,0,0,0,0,1,0,0,1,1,5150000
Nagpur,Khamla,440042,Apartment,1877,1518,4,4,4,2,1,4,0,1,Semi-Furnished,New,21.102341,79.064535,8,1,0,1,1,1,0,0,1,1,0,1,1,13290000
Nagpur,Civil Lines,440002,Apartment,1290,1040,3,3,3,1,6,7,0,1,Unfurnished,New,21.152939,79.068443,7,0,1,1,0,1,0,0,1,1,1,1,0,13290000
Pune,Kalyani Nagar,411008,Apartment,508,403,1,1,2,1,3,4,3,1,Semi-Furnished,Average,18.54411,73.903186,6,1,1,1,0,0,0,1,0,1,0,1,0,6520000
Kolkata,Jadavpur,700020,Apartment,966,814,2,2,2,1,1,18,2,2,Semi-Furnished,New,22.501488,88.377751,9,1,1,1,1,0,1,0,1,1,0,1,1,7890000
Kolkata,New Town (Action Area 1),700010,Plot,1434,1434,0,0,0,0,0,0,0,0,Unfurnished,Average,22.598629,88.459342,0,0,0,0,0,0,0,0,0,0,0,0,0,8140000
Pune,Wakad,411032,Independent House,1031,845,2,2,3,3,0,2,0,1,Semi-Furnished,Good,18.604532,73.763261,6,0,1,1,0,1,1,0,1,0,0,0,1,10780000
Hyderabad,Jubilee Hills,500014,Apartment,851,742,2,2,1,1,22,22,3,0,Semi-Furnished,Good,17.436191,78.415571,6,0,1,0,1,0,0,0,1,1,1,1,0,16120000
Bengaluru,HSR Layout,560035,Independent House,2443,2034,4,4,3,2,0,2,5,1,Fully Furnished,Average,12.913088,77.643606,10,1,0,1,0,1,1,1,1,1,1,1,1,35300000
Delhi NCR,Greater Noida West,110025,Independent House,1588,1249,3,3,3,1,0,2,8,2,Semi-Furnished,Good,28.592605,77.453207,8,1,0,1,0,1,1,0,1,0,1,1,1,10630000
Hyderabad,Banjara Hills,500016,Apartment,2295,1883,4,4,3,0,4,18,25,1,Fully Furnished,Good,17.411366,78.428746,8,1,1,1,0,0,1,1,1,1,0,1,0,32720000
Delhi NCR,Indirapuram (Ghaziabad),110026,Independent House,594,469,1,1,1,3,0,3,2,1,Unfurnished,New,28.663345,77.373527,7,1,0,0,0,1,0,1,1,1,1,0,1,5000000
Bengaluru,Yelahanka,560003,Apartment,1468,1187,3,3,2,3,7,14,2,1,Semi-Furnished,New,13.084103,77.595564,8,1,1,1,0,1,0,1,1,1,0,0,1,12580000
Hyderabad,Kukatpally,500009,Villa,662,573,1,1,1,3,0,1,2,2,Semi-Furnished,New,17.502589,78.395571,6,0,1,1,0,1,1,1,0,0,1,0,0,7500000
Bengaluru,Yelahanka,560044,Villa,500,434,1,1,1,1,0,3,8,1,Unfurnished,Good,13.091675,77.598779,6,1,0,1,0,0,1,0,0,0,1,1,1,4340000
Hyderabad,Manikonda,500026,Apartment,1295,1096,3,3,4,1,3,7,2,1,Semi-Furnished,Good,17.396239,78.393797,8,1,1,1,0,0,0,1,1,1,1,1,0,11800000
Hyderabad,Uppal,500029,Independent House,2450,1997,5,5,5,2,0,1,8,2,Fully Furnished,Good,17.386976,78.559201,4,1,0,0,0,0,0,0,0,0,1,1,1,17150000
Bengaluru,Electronic City,560036,Villa,1455,1187,3,3,4,3,0,1,0,0,Unfurnished,Good,12.836329,77.675395,3,1,0,0,0,0,1,0,0,0,0,0,1,12560000
Mumbai,Thane West,400042,Apartment,1662,1424,3,3,2,2,5,22,8,1,Unfurnished,Good,19.20266,72.975148,9,1,1,1,1,1,0,0,0,1,1,1,1,22780000
Nagpur,Pratap Nagar,440044,Apartment,793,681,2,2,2,3,9,10,5,1,Unfurnished,Good,21.134849,79.043917,9,1,1,1,1,0,0,0,1,1,1,1,1,5640000
Bengaluru,Electronic City,560032,Independent House,1045,898,2,2,2,0,0,1,0,1,Semi-Furnished,New,12.83517,77.662227,6,1,0,1,1,0,0,0,1,0,0,1,1,8970000
Hyderabad,Miyapur,500004,Independent House,1659,1327,3,3,2,3,0,2,12,1,Unfurnished,Average,17.494105,78.354629,9,1,1,0,1,0,1,1,1,0,1,1,1,10710000
Hyderabad,Banjara Hills,500019,Apartment,1316,1051,3,3,3,3,14,22,3,1,Semi-Furnished,Good,17.411519,78.436896,10,1,1,1,1,1,1,1,1,1,0,1,0,25640000
Delhi NCR,Golf Course Road (Gurugram),110011,Independent House,828,710,1,1,1,2,0,2,3,1,Unfurnished,Good,28.466118,77.103679,6,1,1,0,1,0,1,0,1,0,0,0,1,17510000
Hyderabad,Uppal,500022,Apartment,774,672,2,2,2,2,17,18,0,0,Semi-Furnished,New,17.402299,78.561057,7,1,1,1,0,0,0,1,0,1,1,1,0,5170000
Mumbai,Andheri East,400018,Apartment,920,790,2,2,1,2,9,22,3,1,Unfurnished,Good,19.116795,72.872583,9,1,1,0,0,1,1,1,1,1,0,1,1,18980000
Bengaluru,Indiranagar,560026,Independent House,610,507,1,1,1,2,0,3,25,0,Semi-Furnished,Average,12.974344,77.636689,8,1,1,1,1,0,1,1,0,1,0,0,1,7550000
Bengaluru,JP Nagar,560025,Apartment,1255,994,2,2,1,0,9,22,1,1,Semi-Furnished,Good,12.906408,77.583901,7,1,1,0,0,0,1,0,0,1,1,1,1,13160000
Hyderabad,Manikonda,500038,Apartment,886,706,1,1,1,2,6,18,8,2,Semi-Furnished,Good,17.395613,78.385969,10,1,1,0,1,1,1,1,1,1,0,1,1,7450000
Bengaluru,JP Nagar,560006,Apartment,1551,1350,3,3,4,2,1,10,8,2,Unfurnished,Good,12.913963,77.600161,9,0,1,1,1,1,1,0,1,0,1,1,1,14930000
Hyderabad,Jubilee Hills,500022,Apartment,1700,1476,4,4,3,2,15,28,1,1,Unfurnished,New,17.429844,78.409763,8,0,1,1,0,0,1,1,1,1,0,1,1,36620000
Delhi NCR,Sector 62 (Noida),110018,Apartment,710,592,2,2,2,2,6,18,12,3,Semi-Furnished,Good,28.636621,77.363439,6,1,1,1,1,0,0,0,0,1,0,1,0,5990000
Mumbai,Kandivali East,400033,Apartment,1374,1114,3,3,4,3,1,28,0,2,Unfurnished,Average,19.199461,72.874707,5,0,1,1,1,0,0,0,0,1,0,1,0,21530000
Bengaluru,Whitefield,560024,Apartment,1116,872,2,2,2,2,2,18,8,1,Fully Furnished,Good,12.969694,77.745201,8,1,1,1,0,0,1,0,1,1,0,1,1,10000000
Mumbai,Andheri West,400012,Apartment,1606,1412,3,3,3,0,8,10,2,1,Semi-Furnished,Good,19.139691,72.819974,8,1,1,1,0,1,0,0,1,1,1,1,0,43310000
Hyderabad,Miyapur,500031,Apartment,870,694,2,2,1,3,3,4,12,1,Fully Furnished,Average,17.484936,78.354859,10,1,1,1,0,1,1,0,1,1,1,1,1,5080000
Hyderabad,Madhapur,500022,Apartment,879,686,2,2,1,3,24,35,3,2,Fully Furnished,Good,17.44239,78.378484,7,1,1,1,0,0,1,0,1,1,0,1,0,12340000
Chennai,Porur,600008,Apartment,1715,1385,3,3,3,0,12,18,0,2,Semi-Furnished,New,13.031968,80.158679,10,1,1,1,1,1,1,1,1,1,0,1,0,14930000
Nagpur,Khamla,440004,Apartment,1153,986,2,2,2,3,7,14,5,0,Fully Furnished,Good,21.108451,79.066737,8,1,1,1,0,1,1,1,0,1,0,1,0,8290000
Kolkata,New Town (Action Area 1),700009,Villa,1063,916,3,3,3,2,0,3,0,1,Semi-Furnished,Good,22.600793,88.482326,2,0,0,0,0,1,0,0,1,0,0,0,0,11910000
Nagpur,Ramdaspeth,440003,Apartment,744,585,2,2,3,2,14,35,1,2,Unfurnished,Average,21.140791,79.072122,6,1,1,1,0,0,1,0,0,1,0,1,0,7320000
Mumbai,Kandivali East,400042,Apartment,1029,900,3,3,3,3,18,18,5,1,Fully Furnished,Good,19.196098,72.862493,10,1,1,1,1,1,1,1,0,1,0,1,1,20390000
Mumbai,Andheri West,400014,Apartment,1238,981,3,3,4,1,11,14,0,1,Semi-Furnished,New,19.141572,72.835915,12,1,1,1,1,1,1,1,1,1,1,1,1,40270000
Mumbai,Powai,400037,Apartment,2711,2127,4,4,5,0,5,18,2,3,Unfurnished,New,19.120927,72.896265,8,1,1,1,0,0,1,0,1,1,1,1,0,68740000
Chennai,Besant Nagar,600004,Independent House,1871,1548,4,4,5,3,0,2,2,1,Unfurnished,New,13.007483,80.27929,8,1,1,0,0,1,0,1,1,0,1,1,1,38860000
Mumbai,Andheri West,400034,Apartment,694,592,2,2,3,0,6,7,2,1,Semi-Furnished,New,19.128954,72.838282,5,0,1,0,0,0,1,0,1,1,1,0,0,19410000
Pune,Wakad,411005,Villa,588,481,1,1,1,2,0,3,0,1,Semi-Furnished,New,18.604771,73.774371,9,1,1,1,1,0,1,0,1,1,1,0,1,8070000
Hyderabad,HITEC City,500035,Independent House,914,775,2,2,2,2,0,1,1,1,Semi-Furnished,New,17.440999,78.384063,6,1,1,1,0,1,0,0,1,0,1,0,0,13660000
Bengaluru,JP Nagar,560019,Villa,906,773,2,2,2,1,0,1,2,0,Semi-Furnished,Good,12.914957,77.584668,7,1,0,1,0,1,1,1,1,0,1,0,0,12170000
Nagpur,Manish Nagar,440002,Villa,2762,2176,5,5,6,3,0,2,2,2,Unfurnished,New,21.08327,79.081221,3,0,1,0,0,0,0,0,1,0,0,0,1,24180000
Mumbai,Andheri East,400034,Apartment,1197,1023,3,3,3,2,13,14,2,0,Fully Furnished,New,19.115108,72.864446,6,0,1,1,1,0,0,0,1,1,0,1,0,28620000
Kolkata,Jadavpur,700034,Apartment,1019,853,3,3,3,2,27,28,1,0,Fully Furnished,New,22.496236,88.36945,10,0,1,1,1,0,1,1,1,1,1,1,1,9810000
Delhi NCR,Sohna Road (Gurugram),110015,Apartment,1456,1175,3,3,4,1,2,4,12,1,Unfurnished,Needs Renovation,28.385413,77.050674,7,1,1,1,1,0,0,0,1,1,1,0,0,9360000
Mumbai,Powai,400025,Apartment,1449,1134,3,3,2,0,2,4,0,0,Semi-Furnished,New,19.117527,72.901858,9,1,1,1,1,1,0,1,1,1,0,1,0,37500000
Delhi NCR,Rohini (Delhi),110011,Apartment,1031,846,2,2,3,1,7,7,18,1,Semi-Furnished,Average,28.696025,77.10569,7,1,1,1,0,1,1,0,1,1,0,0,0,8060000
Pune,Hinjewadi,411012,Independent House,1464,1181,3,3,2,0,0,1,3,2,Semi-Furnished,Needs Renovation,18.600846,73.732726,4,1,1,1,0,0,0,0,1,0,0,0,0,10760000
Bengaluru,Indiranagar,560019,Apartment,1906,1623,4,4,5,2,4,4,3,1,Fully Furnished,Good,12.971988,77.638023,10,1,1,1,0,1,1,1,1,1,1,1,0,34760000
Bengaluru,Electronic City,560037,Independent House,769,661,2,2,2,3,0,2,0,0,Semi-Furnished,Good,12.843323,77.663385,3,0,1,0,1,0,1,0,0,0,0,0,0,5910000
Pune,Viman Nagar,411031,Apartment,893,775,2,2,1,2,1,7,1,1,Fully Furnished,New,18.581299,73.912102,7,0,1,1,1,0,1,0,1,0,1,1,0,10900000
Nagpur,Trimurti Nagar,440038,Apartment,1344,1075,4,4,4,1,19,35,5,2,Unfurnished,Good,21.118272,79.04391,7,1,1,1,0,0,1,0,1,1,0,0,1,9190000
Pune,Wakad,411011,Apartment,1442,1229,3,3,4,0,14,18,1,2,Semi-Furnished,Good,18.607998,73.764483,7,1,1,1,0,0,1,0,1,1,0,1,0,14550000
Pune,Baner,411037,Apartment,670,536,2,2,2,2,2,4,18,1,Semi-Furnished,Good,18.55176,73.772344,8,1,1,0,1,1,0,0,1,0,1,1,1,5920000
Pune,Kalyani Nagar,411019,Apartment,942,801,2,2,1,2,2,4,8,1,Semi-Furnished,New,18.547213,73.903795,6,0,1,1,0,1,0,0,1,1,0,0,1,12160000
Mumbai,Goregaon West,400018,Apartment,1352,1153,3,3,3,2,13,35,0,1,Fully Furnished,New,19.15262,72.851606,9,0,1,1,0,1,1,1,1,1,1,1,0,35200000
Kolkata,Garia,700030,Apartment,1915,1588,4,4,5,2,14,14,2,1,Unfurnished,Average,22.476712,88.380062,10,1,1,1,1,0,1,0,1,1,1,1,1,10070000
Delhi NCR,Sector 62 (Noida),110003,Apartment,762,650,2,2,3,2,3,18,3,0,Fully Furnished,Good,28.626457,77.365453,7,1,1,0,0,0,0,0,1,1,1,1,1,7290000
Bengaluru,Hebbal,560003,Apartment,1389,1108,2,2,1,0,12,18,3,1,Semi-Furnished,Good,13.017805,77.60187,6,1,1,1,0,0,0,0,1,0,1,1,0,14770000
Mumbai,Borivali West,400002,Apartment,1878,1641,4,4,3,3,3,4,2,0,Fully Furnished,Good,19.225742,72.84943,10,1,1,1,1,0,1,0,1,1,1,1,1,42120000
Bengaluru,JP Nagar,560037,Independent House,1094,943,2,2,1,2,0,3,2,2,Semi-Furnished,New,12.906486,77.596508,7,1,1,1,0,0,0,1,0,1,1,0,1,13400000
Mumbai,Powai,400037,Villa,1064,841,3,3,3,3,0,1,12,1,Unfurnished,Good,19.100176,72.900405,1,0,0,0,1,0,0,0,0,0,0,0,0,25890000
Hyderabad,Kukatpally,500005,Apartment,1425,1150,3,3,3,0,15,22,0,2,Unfurnished,New,17.495995,78.388312,7,0,1,1,1,0,0,0,1,1,0,1,1,12740000
Nagpur,Ramdaspeth,440039,Apartment,990,839,2,2,1,3,12,18,3,3,Fully Furnished,Good,21.141064,79.060258,9,1,0,1,1,1,1,0,1,1,0,1,1,11710000
Mumbai,Thane West,400038,Villa,1651,1398,4,4,4,1,0,1,18,1,Fully Furnished,Needs Renovation,19.215121,72.982375,5,0,1,1,0,0,0,1,1,1,0,0,0,23320000
Pune,Magarpatta,411042,Apartment,804,657,2,2,2,2,13,22,0,1,Semi-Furnished,New,18.51585,73.914948,6,0,0,1,1,0,1,0,1,0,1,1,0,10110000
Pune,Wakad,411044,Apartment,914,792,2,2,3,0,15,18,8,2,Unfurnished,Good,18.607648,73.764588,9,1,1,1,0,1,1,1,0,1,1,1,0,7750000
Bengaluru,Electronic City,560029,Villa,819,645,2,2,3,0,0,2,5,2,Fully Furnished,Good,12.846909,77.671325,6,0,0,1,1,0,1,0,1,1,1,0,0,8220000
Pune,Kalyani Nagar,411035,Apartment,1303,1038,3,3,4,2,3,7,3,2,Semi-Furnished,Good,18.530492,73.898737,10,1,1,1,1,1,1,0,1,1,1,1,0,17760000
Delhi NCR,Sohna Road (Gurugram),110026,Apartment,1408,1128,3,3,2,1,8,35,18,1,Unfurnished,Average,28.385477,77.049408,7,0,1,1,1,0,1,1,0,1,0,1,0,9540000
Nagpur,Besha,440024,Apartment,1355,1111,3,3,3,0,1,7,8,1,Semi-Furnished,Good,21.079247,79.098711,8,0,1,0,0,1,1,1,1,1,1,0,1,6560000
Mumbai,Kandivali East,400046,Apartment,1808,1469,4,4,4,0,10,28,1,1,Semi-Furnished,New,19.192008,72.863212,11,1,1,1,1,0,1,1,1,1,1,1,1,35030000
Bengaluru,Indiranagar,560017,Apartment,1426,1210,3,3,4,2,26,28,0,1,Semi-Furnished,New,12.975639,77.646303,9,0,1,1,1,0,1,1,1,1,1,1,0,27110000
Delhi NCR,Cyber City (Gurugram),110030,Apartment,574,462,1,1,1,1,12,28,3,1,Semi-Furnished,Good,28.504472,77.092235,9,1,1,1,1,1,1,0,0,1,0,1,1,10450000
Kolkata,Rajarhat,700045,Apartment,847,742,2,2,1,2,12,22,18,2,Semi-Furnished,Needs Renovation,22.614934,88.483195,8,1,1,1,0,0,0,0,1,1,1,1,1,3930000
Pune,Kothrud,411032,Independent House,1590,1282,3,3,2,3,0,1,2,1,Semi-Furnished,New,18.505625,73.796902,4,0,0,1,0,0,1,0,0,0,1,0,1,25230000
Bengaluru,JP Nagar,560025,Villa,613,538,1,1,1,2,0,3,8,1,Unfurnished,Average,12.895044,77.582165,7,1,0,1,0,0,1,1,1,0,1,0,1,7110000
Bengaluru,JP Nagar,560045,Apartment,1241,1069,2,2,2,3,5,10,5,1,Unfurnished,New,12.897435,77.593508,7,1,1,1,0,0,0,0,1,1,0,1,1,13490000
Bengaluru,Electronic City,560034,Apartment,514,439,1,1,2,2,20,22,8,0,Semi-Furnished,Good,12.83768,77.66871,6,1,1,1,0,0,1,0,0,1,1,0,0,3440000
Nagpur,Trimurti Nagar,440029,Apartment,2086,1683,4,4,5,1,5,10,1,2,Unfurnished,Good,21.123277,79.047721,9,1,1,1,1,0,0,1,0,1,1,1,1,13680000
Pune,Viman Nagar,411005,Apartment,374,327,1,1,1,3,16,22,1,1,Fully Furnished,New,18.56773,73.916648,5,0,1,1,0,0,0,0,0,1,0,1,1,5380000
Delhi NCR,Cyber City (Gurugram),110040,Apartment,1976,1667,4,4,3,2,8,18,3,1,Semi-Furnished,Average,28.495998,77.101624,6,1,1,0,1,0,0,1,1,0,0,1,0,32320000
Delhi NCR,Sector 62 (Noida),110022,Apartment,541,454,1,1,1,2,23,35,3,2,Semi-Furnished,Good,28.622998,77.360641,7,1,1,1,0,1,0,1,1,1,0,0,0,5640000
Bengaluru,Indiranagar,560030,Apartment,918,796,2,2,2,2,9,28,2,1,Unfurnished,New,12.978242,77.636941,8,0,1,1,1,1,0,0,1,1,1,1,0,16180000
Pune,Kalyani Nagar,411030,Apartment,1285,1043,2,2,1,0,35,35,2,0,Fully Furnished,New,18.549905,73.903962,5,0,1,1,0,0,0,1,0,1,0,1,0,21750000
Delhi NCR,Sector 150 (Noida),110023,Apartment,799,675,3,3,2,3,9,10,18,1,Unfurnished,Good,28.460961,77.479073,6,1,1,1,1,1,0,0,1,0,0,0,0,6300000
Mumbai,Thane West,400042,Independent House,828,662,2,2,3,2,0,2,18,2,Fully Furnished,Average,19.215224,72.974812,5,1,0,0,0,0,1,0,1,0,1,0,1,12230000
Chennai,Velachery,600016,Independent House,885,740,2,2,2,2,0,1,2,1,Semi-Furnished,New,12.998161,80.221447,6,1,1,0,1,1,1,0,0,0,0,1,0,9760000
Bengaluru,Sarjapur Road,560042,Apartment,566,444,1,1,1,3,7,18,3,1,Semi-Furnished,Good,12.905087,77.667445,8,1,1,1,1,0,1,0,1,0,0,1,1,5680000
Pune,Baner,411005,Independent House,1577,1371,3,3,3,0,0,2,3,0,Fully Furnished,Good,18.563266,73.788123,6,1,0,1,1,0,0,1,0,1,1,0,0,19830000
Kolkata,Alipore,700042,Apartment,867,728,2,2,3,3,13,28,5,1,Fully Furnished,Average,22.537734,88.32159,7,1,1,1,0,0,0,0,0,1,1,1,1,14310000
Pune,Magarpatta,411045,Apartment,911,784,2,2,3,0,4,10,8,1,Semi-Furnished,Good,18.514666,73.928285,5,1,0,1,0,0,0,0,1,0,0,1,1,9180000
Hyderabad,Kondapur,500012,Apartment,2341,1836,4,4,5,3,4,28,0,2,Semi-Furnished,Good,17.47197,78.367364,9,1,1,1,1,1,0,1,1,1,0,1,0,21420000
Mumbai,Juhu,400032,Apartment,3490,2903,5,5,4,2,3,22,2,1,Semi-Furnished,New,19.112512,72.816384,8,1,1,0,0,1,0,0,1,1,1,1,1,147570000
Pune,Baner,411025,Independent House,1212,1018,3,3,3,3,0,2,8,1,Semi-Furnished,Average,18.553708,73.792827,8,1,0,1,0,1,1,1,0,1,1,1,0,13200000
Mumbai,Andheri West,400031,Villa,803,631,2,2,3,2,0,3,5,1,Unfurnished,Good,19.131407,72.836649,6,1,1,0,0,0,1,1,1,0,0,0,1,25810000
Bengaluru,Bellandur,560009,Apartment,1354,1144,3,3,2,1,1,4,3,2,Unfurnished,Good,12.92512,77.686536,6,0,1,0,0,1,1,1,1,0,0,1,0,12410000
Pune,Baner,411014,Apartment,1731,1430,3,3,3,3,1,7,3,2,Semi-Furnished,Good,18.560684,73.785517,5,1,1,0,0,0,1,0,1,1,0,0,0,20410000
Mumbai,Goregaon West,400016,Apartment,769,651,2,2,2,2,4,7,0,1,Semi-Furnished,Good,19.161771,72.830841,9,1,1,1,1,0,1,0,1,1,0,1,1,17970000
Nagpur,Khamla,440034,Apartment,1238,1075,2,2,2,2,3,14,2,0,Semi-Furnished,New,21.128359,79.067792,7,1,1,1,0,0,0,0,1,0,1,1,1,8970000
Pune,Viman Nagar,411022,Independent House,887,707,2,2,2,1,0,1,3,1,Semi-Furnished,Average,18.554531,73.930587,8,0,1,0,1,0,1,1,1,1,1,0,1,11610000
Delhi NCR,Golf Course Road (Gurugram),110022,Apartment,865,755,2,2,2,0,14,18,2,1,Semi-Furnished,New,28.470124,77.086618,6,1,1,1,0,0,0,0,1,1,0,1,0,19420000
Pune,Kothrud,411041,Apartment,2034,1635,4,4,5,2,29,35,5,1,Semi-Furnished,Good,18.512509,73.807191,10,1,0,1,1,1,1,0,1,1,1,1,1,25310000
Bengaluru,Bellandur,560007,Apartment,962,815,2,2,3,2,1,7,3,2,Fully Furnished,Good,12.934391,77.675966,4,1,1,1,0,0,0,0,1,0,0,0,0,10670000
Mumbai,Juhu,400006,Independent House,771,624,2,2,1,2,0,3,5,2,Semi-Furnished,Good,19.10729,72.821304,6,1,1,1,0,0,1,0,1,0,0,0,1,37710000
Bengaluru,Bellandur,560012,Apartment,1407,1177,3,3,2,1,3,35,8,1,Semi-Furnished,New,12.931521,77.684902,9,0,0,1,0,1,1,1,1,1,1,1,1,15030000
Pune,Hinjewadi,411042,Apartment,996,835,2,2,2,1,21,22,5,1,Semi-Furnished,Good,18.583314,73.738878,6,0,1,1,1,0,1,0,0,1,0,1,0,8070000
Nagpur,Wardha Road,440037,Apartment,1313,1079,3,3,3,0,22,28,5,2,Semi-Furnished,Good,21.077004,79.062161,7,1,1,1,1,0,1,0,0,1,0,1,0,7400000
Pune,Aundh,411018,Apartment,1231,1079,3,3,3,3,6,14,8,2,Fully Furnished,Average,18.564147,73.797915,9,0,1,1,1,1,1,0,1,1,1,1,0,15420000
Delhi NCR,Greater Noida West,110018,Apartment,2818,2354,4,4,4,3,9,10,0,1,Semi-Furnished,New,28.598184,77.448148,10,1,1,1,1,0,0,1,1,1,1,1,1,20650000
Delhi NCR,Sector 150 (Noida),110020,Apartment,1694,1428,3,3,4,2,2,10,3,1,Fully Furnished,Average,28.449208,77.472845,6,1,1,0,1,0,1,0,1,1,0,0,0,14490000
Mumbai,Goregaon West,400016,Villa,3883,3311,5,5,5,2,0,2,1,1,Semi-Furnished,New,19.176923,72.836275,5,1,0,0,1,1,1,0,0,1,0,0,0,113710000
Delhi NCR,Vasant Kunj (Delhi),110021,Villa,821,719,2,2,2,1,0,2,8,1,Semi-Furnished,Good,28.523061,77.164999,4,0,1,0,1,0,1,0,1,0,0,0,0,19240000
Mumbai,Bandra West,400002,Plot,3403,3403,0,0,0,0,0,0,0,0,Unfurnished,Average,19.062876,72.827287,2,0,0,1,0,0,0,0,0,0,0,1,0,120740000
Pune,Magarpatta,411008,Apartment,1515,1295,3,3,4,0,8,28,12,1,Fully Furnished,Good,18.514294,73.926371,7,0,1,0,0,0,1,1,1,1,1,1,0,15430000
Nagpur,Ramdaspeth,440046,Apartment,1115,869,2,2,2,1,2,28,1,0,Fully Furnished,New,21.13855,79.077165,8,1,1,1,0,0,0,1,1,0,1,1,1,12270000
Bengaluru,Electronic City,560036,Apartment,540,441,1,1,2,0,25,28,3,1,Fully Furnished,Good,12.847089,77.677302,11,1,1,1,1,1,0,1,1,1,1,1,1,4770000
Chennai,Anna Nagar,600038,Independent House,1252,1064,2,2,2,2,0,3,8,1,Semi-Furnished,Good,13.093309,80.210745,7,1,1,0,0,0,0,0,1,1,1,1,1,19540000
Bengaluru,JP Nagar,560010,Apartment,756,590,3,3,3,3,28,35,1,1,Unfurnished,New,12.904953,77.583092,9,1,1,1,1,0,0,1,1,1,0,1,1,9150000
Bengaluru,Yelahanka,560003,Apartment,1361,1090,3,3,4,3,4,4,1,1,Fully Furnished,New,13.098137,77.582065,11,1,1,1,1,1,1,1,1,1,0,1,1,12240000
Delhi NCR,Sohna Road (Gurugram),110022,Independent House,1031,840,2,2,2,1,0,3,8,1,Semi-Furnished,Good,28.408727,77.04122,2,1,0,0,0,0,0,0,1,0,0,0,0,10110000
Pune,Wakad,411019,Apartment,1640,1307,3,3,3,2,3,22,18,2,Semi-Furnished,Needs Renovation,18.592213,73.771735,6,1,1,1,1,0,0,0,0,0,0,1,1,9590000
Bengaluru,Sarjapur Road,560036,Apartment,1097,871,2,2,3,3,2,18,8,1,Semi-Furnished,New,12.911511,77.687388,8,1,1,1,0,0,0,1,1,1,1,1,0,9550000
Pune,Wakad,411011,Apartment,1578,1256,3,3,4,3,6,14,1,0,Unfurnished,New,18.615378,73.760737,11,1,1,1,1,1,1,1,1,1,0,1,1,14950000
Bengaluru,Sarjapur Road,560017,Villa,3333,2768,5,5,5,2,0,3,1,1,Semi-Furnished,New,12.916591,77.680524,5,0,0,1,1,0,0,0,1,0,1,1,0,36790000
Pune,Hadapsar,411031,Apartment,1182,948,2,2,1,0,2,14,12,1,Semi-Furnished,Average,18.514984,73.911956,6,1,1,0,0,0,0,0,1,1,1,1,0,7950000
Pune,Kharadi,411017,Apartment,1218,963,2,2,1,2,17,18,1,2,Semi-Furnished,New,18.563182,73.942609,7,1,1,0,1,0,0,0,1,1,0,1,1,13640000
Mumbai,Andheri West,400028,Apartment,1420,1213,3,3,2,2,11,22,0,0,Semi-Furnished,New,19.135253,72.836726,9,1,1,1,1,0,1,0,1,1,0,1,1,41720000
Kolkata,Rajarhat,700039,Plot,3809,3809,0,0,0,0,0,0,2,0,Unfurnished,Average,22.613554,88.498082,1,0,0,0,0,0,0,0,0,0,0,1,0,17870000
Pune,Kothrud,411044,Apartment,1185,1033,2,2,3,0,16,22,1,1,Unfurnished,Good,18.502028,73.807262,7,0,1,1,0,0,1,0,1,1,0,1,1,14060000
Delhi NCR,Indirapuram (Ghaziabad),110012,Villa,951,806,2,2,2,1,0,2,1,1,Semi-Furnished,Good,28.628172,77.371099,6,1,0,1,0,0,1,0,1,0,1,1,0,8980000
Pune,Hinjewadi,411023,Plot,3820,3820,0,0,0,0,0,0,4,0,Unfurnished,Average,18.596851,73.744633,0,0,0,0,0,0,0,0,0,0,0,0,0,19820000
Mumbai,Bandra West,400046,Independent House,1178,999,2,2,3,3,0,3,5,0,Semi-Furnished,Good,19.079579,72.829868,5,0,0,0,0,0,1,0,1,1,1,0,1,58780000
Pune,Baner,411013,Apartment,3167,2692,4,4,3,3,5,14,2,1,Unfurnished,New,18.548448,73.786961,8,1,1,1,0,0,0,1,1,1,0,1,1,35510000
Hyderabad,Banjara Hills,500039,Villa,1738,1511,3,3,4,3,0,3,1,0,Semi-Furnished,New,17.418478,78.431711,6,0,1,0,1,0,1,0,1,0,1,0,1,41400000
Delhi NCR,Golf Course Road (Gurugram),110006,Apartment,891,751,2,2,2,3,14,18,1,2,Semi-Furnished,New,28.451445,77.094783,5,1,0,1,0,0,1,1,0,0,0,1,0,19280000
Bengaluru,Koramangala,560033,Villa,1023,884,3,3,4,0,0,2,12,1,Semi-Furnished,Needs Renovation,12.945241,77.620519,6,1,0,0,0,0,0,0,1,1,1,1,1,14240000
Bengaluru,Electronic City,560017,Independent House,921,793,2,2,2,2,0,2,5,1,Unfurnished,New,12.840447,77.663028,3,1,0,0,0,0,1,0,0,0,1,0,0,7030000
Bengaluru,Indiranagar,560002,Independent House,770,600,2,2,2,2,0,2,8,1,Unfurnished,Good,12.992088,77.644992,5,1,1,0,0,0,0,1,0,0,0,1,1,12260000
Delhi NCR,Golf Course Road (Gurugram),110017,Apartment,1212,1036,3,3,4,2,2,4,1,1,Semi-Furnished,New,28.45866,77.099302,10,1,1,1,1,0,1,1,1,1,0,1,1,26680000
Delhi NCR,Rohini (Delhi),110027,Apartment,1345,1138,3,3,3,0,5,28,3,1,Semi-Furnished,Good,28.710467,77.105169,8,1,1,1,1,0,1,0,1,0,0,1,1,13780000
Hyderabad,Uppal,500008,Apartment,593,518,2,2,1,2,7,10,1,1,Semi-Furnished,New,17.40959,78.56259,8,0,1,1,1,0,1,0,0,1,1,1,1,3980000
Hyderabad,Jubilee Hills,500041,Independent House,1878,1526,3,3,3,3,0,3,2,0,Semi-Furnished,New,17.432596,78.399011,4,0,0,1,0,0,0,0,1,0,0,1,1,42790000
Mumbai,Kandivali East,400012,Apartment,1018,845,2,2,2,0,9,14,0,0,Semi-Furnished,New,19.209357,72.865294,9,1,1,1,1,1,1,1,0,1,0,1,0,20360000
Kolkata,Garia,700028,Villa,1334,1084,3,3,2,0,0,3,1,2,Semi-Furnished,New,22.468448,88.37476,5,0,1,1,0,0,1,0,1,1,0,0,0,10830000
Delhi NCR,Cyber City (Gurugram),110039,Independent House,1244,1012,2,2,3,2,0,3,8,2,Fully Furnished,Good,28.488863,77.084669,5,1,1,1,0,0,1,1,0,0,0,0,0,24200000
Hyderabad,Kukatpally,500037,Independent House,1640,1383,4,4,4,1,0,1,0,1,Semi-Furnished,New,17.477134,78.397755,5,1,1,0,0,0,1,1,1,0,0,0,0,16260000
Chennai,Anna Nagar,600022,Villa,941,774,2,2,3,3,0,2,1,1,Unfurnished,New,13.083841,80.210344,5,1,0,0,0,0,1,1,1,0,0,1,0,19170000
Bengaluru,Electronic City,560024,Independent House,1352,1059,3,3,4,3,0,2,1,2,Unfurnished,New,12.835307,77.674751,5,1,0,1,0,0,1,0,1,0,0,1,0,11270000
Bengaluru,Yelahanka,560040,Apartment,1191,945,2,2,2,2,2,14,3,1,Fully Furnished,Good,13.095675,77.597091,5,1,0,1,0,0,0,0,1,1,0,1,0,9900000
Delhi NCR,Golf Course Road (Gurugram),110035,Apartment,476,395,1,1,1,1,14,35,12,1,Semi-Furnished,Average,28.459663,77.082675,8,1,1,1,1,0,0,0,1,1,0,1,1,7680000
Pune,Magarpatta,411012,Apartment,618,541,1,1,1,2,2,7,2,0,Semi-Furnished,New,18.512729,73.928818,9,1,1,1,1,1,0,0,1,1,1,1,0,7040000
Hyderabad,Kondapur,500021,Apartment,783,670,2,2,3,0,2,4,0,1,Semi-Furnished,New,17.469538,78.347935,7,0,1,1,0,0,1,0,1,1,0,1,1,8370000
Nagpur,Civil Lines,440012,Apartment,1058,874,3,3,4,0,9,14,1,1,Unfurnished,New,21.153434,79.060662,7,1,1,1,0,0,0,0,0,1,1,1,1,10860000
Delhi NCR,Vasant Kunj (Delhi),110016,Apartment,1974,1583,4,4,3,0,4,22,8,0,Fully Furnished,Good,28.515851,77.162826,6,1,1,1,0,1,0,0,0,1,0,1,0,41490000
Nagpur,Ramdaspeth,440031,Apartment,3497,2739,5,5,6,2,18,35,3,2,Unfurnished,Good,21.127349,79.064161,9,1,1,1,1,1,0,0,1,1,0,1,1,35700000
Nagpur,Khamla,440005,Apartment,1319,1120,3,3,4,2,4,22,1,1,Semi-Furnished,New,21.120011,79.057361,7,1,1,1,0,0,0,1,0,1,1,1,0,10010000
Hyderabad,Manikonda,500015,Apartment,410,339,1,1,1,1,14,22,1,1,Fully Furnished,New,17.419307,78.388086,7,1,1,1,0,0,1,0,0,0,1,1,1,4330000
Kolkata,Jadavpur,700005,Apartment,807,655,2,2,2,1,8,10,18,0,Fully Furnished,Good,22.500464,88.360577,10,1,1,1,1,1,0,1,1,0,1,1,1,5440000
Pune,Kharadi,411042,Villa,1965,1558,4,4,5,0,0,3,0,1,Fully Furnished,New,18.551834,73.940684,6,1,1,0,0,1,1,1,1,0,0,0,0,28190000
Pune,Aundh,411019,Villa,832,701,2,2,3,2,0,1,0,1,Semi-Furnished,Average,18.566259,73.825486,5,1,0,0,0,0,1,0,1,1,0,1,0,13300000
Nagpur,Ramdaspeth,440017,Villa,1548,1207,3,3,3,0,0,3,12,3,Semi-Furnished,Good,21.134344,79.090938,5,1,1,0,0,0,1,1,0,0,1,0,0,16690000
Nagpur,Manish Nagar,440010,Apartment,966,840,2,2,3,2,2,4,0,1,Semi-Furnished,New,21.078096,79.063347,7,1,1,1,0,0,0,0,1,1,0,1,1,6900000
Nagpur,Ramdaspeth,440040,Independent House,1435,1144,3,3,2,0,0,2,3,2,Semi-Furnished,Good,21.132921,79.07455,5,1,1,1,0,0,0,0,1,0,0,0,1,18730000
Delhi NCR,Sector 150 (Noida),110044,Apartment,2002,1640,4,4,4,3,2,14,1,2,Semi-Furnished,New,28.459081,77.472805,9,1,1,0,1,0,1,1,0,1,1,1,1,22190000
Bengaluru,JP Nagar,560023,Apartment,555,488,1,1,1,2,14,14,0,2,Unfurnished,Average,12.903016,77.600251,7,1,1,1,0,0,0,0,1,1,1,1,0,5990000
Pune,Hadapsar,411014,Apartment,2151,1678,4,4,4,1,6,7,1,1,Unfurnished,Good,18.490466,73.923012,9,0,1,1,0,1,1,1,1,1,1,1,0,20260000
Bengaluru,JP Nagar,560038,Apartment,1341,1055,3,3,4,2,9,18,0,1,Semi-Furnished,New,12.915126,77.597236,6,1,1,0,0,1,1,1,0,0,1,0,0,15690000
Mumbai,Juhu,400016,Independent House,1187,1020,3,3,2,3,0,1,3,0,Semi-Furnished,Good,19.088018,72.831773,5,1,1,1,0,0,0,0,0,0,1,0,1,54510000
Hyderabad,HITEC City,500039,Apartment,598,481,1,1,2,0,12,22,8,1,Fully Furnished,Average,17.433501,78.375078,10,1,1,1,1,1,0,0,1,1,1,1,1,7090000
Delhi NCR,Greater Noida West,110046,Apartment,1467,1286,3,3,4,0,1,4,0,1,Unfurnished,Average,28.581081,77.444575,7,0,1,1,1,0,1,0,1,0,1,1,0,8020000
Hyderabad,Madhapur,500024,Apartment,978,777,3,3,4,2,27,28,18,1,Semi-Furnished,Good,17.447428,78.391775,6,1,0,0,0,0,1,1,1,1,0,1,0,9410000
Hyderabad,Gachibowli,500015,Apartment,3984,3329,5,5,6,2,3,7,5,2,Semi-Furnished,New,17.438208,78.347943,7,1,1,0,0,1,0,0,1,1,1,1,0,39800000
Bengaluru,Whitefield,560033,Apartment,1606,1328,3,3,4,2,9,18,5,1,Semi-Furnished,Good,12.971274,77.74664,9,1,1,1,1,0,1,1,0,1,0,1,1,14120000
Hyderabad,Miyapur,500036,Apartment,1196,985,2,2,3,3,1,28,1,1,Unfurnished,New,17.486979,78.35667,10,0,1,1,1,1,1,0,1,1,1,1,1,8520000
Hyderabad,Uppal,500006,Apartment,455,371,1,1,1,0,13,14,2,0,Semi-Furnished,Good,17.389852,78.543208,9,1,1,1,0,0,1,0,1,1,1,1,1,3060000
Pune,Hinjewadi,411024,Apartment,1262,1045,3,3,2,2,8,22,12,1,Fully Furnished,Needs Renovation,18.614718,73.730945,7,1,1,1,0,0,1,0,1,1,0,1,0,7820000
Mumbai,Goregaon West,400028,Independent House,1257,1089,3,3,3,2,0,3,0,1,Fully Furnished,New,19.166545,72.836938,5,1,0,1,0,1,0,0,1,1,0,0,0,36590000
Pune,Baner,411045,Apartment,782,628,2,2,3,2,29,35,2,2,Unfurnished,New,18.547947,73.772414,6,1,1,1,0,0,0,0,1,1,0,1,0,8450000
Bengaluru,Bellandur,560018,Apartment,1269,1091,3,3,3,1,11,35,12,1,Semi-Furnished,Average,12.923592,77.671149,10,1,1,1,0,0,1,1,1,1,1,1,1,12080000
Bengaluru,Bellandur,560045,Apartment,1709,1398,3,3,4,3,2,7,8,1,Semi-Furnished,New,12.923322,77.661849,5,0,1,1,1,0,0,0,0,1,0,1,0,16420000
Bengaluru,JP Nagar,560029,Villa,517,439,1,1,1,1,0,3,5,1,Semi-Furnished,Good,12.901043,77.580118,7,1,1,0,1,0,1,1,1,0,0,1,0,6870000
Hyderabad,Kondapur,500012,Apartment,1302,1016,3,3,2,2,1,18,5,1,Semi-Furnished,Good,17.464816,78.359467,7,1,1,0,1,0,1,0,1,0,1,1,0,11810000
Mumbai,Kandivali East,400025,Apartment,1755,1499,4,4,4,2,14,35,1,1,Semi-Furnished,Good,19.216369,72.86086,5,1,0,1,0,0,0,0,0,1,0,1,1,29130000
Bengaluru,Hebbal,560016,Independent House,1495,1302,3,3,3,3,0,1,8,1,Fully Furnished,Good,13.029261,77.59957,6,1,0,0,0,0,1,1,1,0,1,0,1,16530000
Hyderabad,Kondapur,500022,Apartment,2626,2125,4,4,4,3,1,4,1,0,Semi-Furnished,Good,17.475278,78.345796,11,1,1,1,1,1,1,1,0,1,1,1,1,23670000
Nagpur,Wardha Road,440034,Apartment,1821,1458,3,3,3,0,3,4,3,0,Fully Furnished,Good,21.074101,79.063327,7,1,0,1,0,1,0,1,0,1,0,1,1,9970000
Pune,Hadapsar,411046,Apartment,890,728,2,2,2,3,3,4,2,2,Unfurnished,New,18.507078,73.931624,9,1,1,1,0,1,0,0,1,1,1,1,1,7330000
Bengaluru,Hebbal,560029,Apartment,1016,837,3,3,3,1,13,28,2,1,Semi-Furnished,New,13.039408,77.605054,6,1,1,1,0,1,0,0,1,1,0,0,0,11100000
Chennai,Besant Nagar,600025,Apartment,692,571,1,1,1,2,3,4,0,1,Semi-Furnished,New,13.0005,80.275434,7,1,0,1,0,0,0,1,1,1,1,0,1,12890000
Kolkata,Salt Lake (Sector V),700029,Apartment,1146,950,4,4,4,1,18,28,8,1,Unfurnished,Good,22.578784,88.438481,7,0,1,1,0,1,1,1,0,1,0,0,1,9390000
Nagpur,Khamla,440023,Apartment,883,731,2,2,2,1,3,22,5,1,Semi-Furnished,Good,21.113591,79.034804,9,1,0,1,0,1,1,1,0,1,1,1,1,6580000
Bengaluru,Indiranagar,560045,Apartment,1172,937,3,3,4,3,2,10,1,2,Semi-Furnished,New,12.982446,77.640106,8,1,1,1,0,0,1,0,1,1,1,0,1,21840000
Bengaluru,Indiranagar,560034,Apartment,1502,1263,3,3,2,2,5,35,3,0,Fully Furnished,Good,12.976521,77.633652,6,0,1,1,0,1,0,0,1,1,0,1,0,26680000
Nagpur,Trimurti Nagar,440043,Apartment,927,802,3,3,2,2,3,4,12,1,Semi-Furnished,Good,21.123167,79.030208,10,1,1,1,1,1,0,1,1,1,1,0,1,6080000
Bengaluru,Sarjapur Road,560045,Independent House,1440,1235,3,3,2,2,0,1,25,0,Semi-Furnished,Average,12.915453,77.685656,4,1,0,0,1,0,0,0,0,0,0,1,1,9270000
Hyderabad,Madhapur,500028,Apartment,1183,1019,3,3,4,2,4,4,1,1,Semi-Furnished,Good,17.453679,78.392833,10,1,1,1,1,1,1,0,1,1,0,1,1,14180000
Kolkata,Ballygunge,700038,Apartment,2252,1867,4,4,3,3,12,28,8,1,Unfurnished,New,22.520266,88.358631,8,0,1,1,1,0,0,0,1,1,1,1,1,31300000
Delhi NCR,Sector 62 (Noida),110027,Independent House,554,458,2,2,2,2,0,1,0,1,Semi-Furnished,Average,28.640388,77.365534,7,0,1,1,1,1,1,0,1,0,0,0,1,5780000
Nagpur,Manish Nagar,440014,Independent House,1001,812,3,3,3,0,0,1,18,1,Semi-Furnished,Average,21.101057,79.101252,5,0,0,0,0,0,0,0,1,1,1,1,1,5300000
Mumbai,Goregaon West,400012,Apartment,1081,869,2,2,3,3,3,10,3,0,Unfurnished,Good,19.164609,72.828345,5,0,1,1,0,0,0,0,1,1,0,1,0,21260000
Chennai,OMR (Thoraipakkam),600041,Villa,667,565,1,1,2,3,0,1,0,0,Semi-Furnished,Good,12.938191,80.246327,5,1,0,0,0,1,1,0,1,1,0,0,0,6610000
Nagpur,Civil Lines,440016,Apartment,694,587,2,2,1,0,27,28,2,1,Semi-Furnished,New,21.156093,79.069203,7,1,1,0,1,0,0,0,1,1,0,1,1,7520000
Bengaluru,HSR Layout,560033,Independent House,1604,1378,3,3,3,3,0,1,3,1,Semi-Furnished,Average,12.916347,77.651465,6,0,0,1,0,0,1,0,1,0,1,1,1,21230000
Bengaluru,Whitefield,560034,Apartment,1053,926,2,2,3,2,2,4,5,1,Fully Furnished,Good,12.966235,77.766431,7,1,0,1,0,1,0,1,1,1,0,1,0,9970000
Delhi NCR,Sohna Road (Gurugram),110043,Independent House,799,695,1,1,1,3,0,2,3,2,Semi-Furnished,Good,28.395279,77.030996,7,1,0,1,0,1,1,0,1,1,0,0,1,9400000
Bengaluru,Whitefield,560044,Plot,2099,2099,0,0,0,0,0,0,2,0,Unfurnished,Average,12.970807,77.756809,2,0,0,1,0,0,0,0,0,0,0,1,0,15440000
Hyderabad,Miyapur,500030,Apartment,1007,885,2,2,3,3,5,7,3,2,Unfurnished,Good,17.492062,78.369206,2,0,0,0,0,0,0,0,0,1,0,1,0,6200000
Mumbai,Powai,400033,Plot,1011,1011,0,0,0,0,0,0,0,0,Unfurnished,Average,19.123087,72.88877,1,0,0,0,0,0,0,0,0,0,0,1,0,17990000
Bengaluru,Sarjapur Road,560027,Apartment,1239,1050,3,3,4,2,16,18,3,1,Semi-Furnished,Good,12.923526,77.689985,7,0,1,1,0,0,1,1,1,1,0,1,0,11860000
Mumbai,Andheri West,400043,Apartment,1033,864,2,2,2,1,2,18,2,0,Semi-Furnished,New,19.128312,72.840686,5,0,1,1,0,0,1,0,0,1,0,1,0,31030000
Mumbai,Goregaon West,400030,Villa,1017,876,2,2,2,0,0,2,0,0,Fully Furnished,New,19.177323,72.836147,6,1,0,0,1,0,0,1,0,1,1,0,1,32030000
Hyderabad,Miyapur,500044,Apartment,956,827,2,2,2,3,18,22,1,1,Unfurnished,New,17.50028,78.358248,9,1,1,1,1,0,1,0,1,0,1,1,1,7270000
Kolkata,Rajarhat,700024,Apartment,1477,1264,3,3,4,3,20,28,8,1,Unfurnished,Average,22.612014,88.49415,9,0,1,1,0,1,1,1,1,1,0,1,1,8900000
Hyderabad,Kukatpally,500028,Villa,1443,1172,3,3,3,2,0,2,2,1,Semi-Furnished,New,17.504021,78.389861,6,1,0,0,1,1,1,0,1,0,0,0,1,16400000
Hyderabad,HITEC City,500015,Apartment,749,614,2,2,2,0,11,14,12,0,Semi-Furnished,Good,17.434587,78.372153,8,0,1,1,1,1,0,1,1,1,0,1,0,7670000
Kolkata,Salt Lake (Sector V),700046,Apartment,856,725,2,2,2,1,3,4,2,0,Semi-Furnished,Good,22.578287,88.436697,7,0,1,1,1,0,0,1,1,1,0,0,1,7610000
Hyderabad,Banjara Hills,500020,Apartment,678,550,2,2,2,3,10,10,5,1,Semi-Furnished,Good,17.424721,78.429003,10,1,1,1,0,1,1,1,1,1,0,1,1,12290000
Hyderabad,Jubilee Hills,500017,Plot,2758,2758,0,0,0,0,0,0,0,0,Unfurnished,Average,17.435472,78.408897,0,0,0,0,0,0,0,0,0,0,0,0,0,39190000
Mumbai,Andheri West,400007,Apartment,1031,806,2,2,2,3,14,18,0,1,Semi-Furnished,New,19.12941,72.845128,10,1,1,1,1,0,1,1,1,1,1,1,0,32640000
Bengaluru,Bellandur,560030,Apartment,1362,1182,3,3,3,2,12,22,5,1,Semi-Furnished,New,12.933711,77.678196,5,0,1,1,0,0,0,0,1,0,0,1,1,14800000
Bengaluru,Hebbal,560045,Apartment,2028,1680,3,3,3,2,10,28,0,1,Semi-Furnished,Good,13.033599,77.594458,8,1,1,1,1,0,0,1,0,0,1,1,1,23330000
Nagpur,Pratap Nagar,440030,Apartment,1670,1427,3,3,3,3,12,18,5,1,Unfurnished,New,21.108948,79.033276,7,1,1,1,0,0,0,1,1,0,1,1,0,12000000
Bengaluru,Yelahanka,560041,Villa,670,573,2,2,3,2,0,2,1,1,Semi-Furnished,New,13.097301,77.60032,4,1,0,0,1,0,0,1,0,0,1,0,0,7050000
Chennai,Porur,600039,Apartment,706,571,2,2,2,2,16,35,1,1,Unfurnished,New,13.038755,80.1634,7,1,0,1,0,0,1,0,0,1,1,1,1,5120000
Bengaluru,HSR Layout,560022,Plot,2478,2478,0,0,0,0,0,0,3,0,Unfurnished,Average,12.918662,77.651138,0,0,0,0,0,0,0,0,0,0,0,0,0,22900000
Bengaluru,JP Nagar,560018,Apartment,1158,953,2,2,2,3,7,14,1,1,Semi-Furnished,New,12.923916,77.582851,6,1,1,1,0,0,0,0,1,1,0,1,0,13240000
Kolkata,Garia,700035,Apartment,878,714,2,2,3,2,6,22,1,1,Semi-Furnished,New,22.464016,88.402263,6,1,1,1,0,0,1,0,0,0,1,1,0,5240000
Bengaluru,Bellandur,560010,Apartment,1774,1390,4,4,4,2,10,10,8,2,Semi-Furnished,New,12.937017,77.68436,10,1,1,1,1,0,1,1,1,1,1,0,1,18860000
Delhi NCR,Vasant Kunj (Delhi),110002,Apartment,1096,891,2,2,2,2,4,4,1,2,Unfurnished,Good,28.52273,77.168002,6,1,1,0,0,0,1,0,0,1,0,1,1,21910000
Bengaluru,Yelahanka,560023,Apartment,1658,1456,3,3,4,0,8,10,2,2,Unfurnished,New,13.121836,77.601085,10,1,1,1,1,1,1,1,1,1,0,1,0,13850000
Kolkata,Jadavpur,700035,Villa,655,554,1,1,1,2,0,2,2,0,Semi-Furnished,Good,22.495078,88.390104,4,0,0,0,0,0,1,0,1,1,0,0,1,6170000
Mumbai,Juhu,400034,Apartment,551,457,1,1,1,1,14,22,0,1,Unfurnished,New,19.100814,72.835078,8,0,1,1,1,0,1,1,0,1,0,1,1,26230000
Hyderabad,Kondapur,500010,Apartment,864,690,2,2,2,2,3,4,2,1,Semi-Furnished,New,17.474512,78.345732,6,1,1,1,0,0,0,0,0,0,1,1,1,8460000
Bengaluru,Bellandur,560004,Apartment,1027,889,2,2,3,1,8,10,3,1,Semi-Furnished,Average,12.939659,77.670033,9,1,1,1,0,0,1,1,1,1,0,1,1,9620000
Delhi NCR,Rohini (Delhi),110022,Apartment,796,637,2,2,3,0,17,18,8,2,Semi-Furnished,Average,28.699307,77.120693,7,1,1,1,0,0,1,0,1,0,1,1,0,8200000
Mumbai,Bandra West,400032,Apartment,1480,1299,3,3,4,3,6,10,1,1,Semi-Furnished,Good,19.06937,72.830572,8,1,1,1,1,0,0,0,1,1,1,1,0,71520000
Bengaluru,Indiranagar,560020,Apartment,893,729,2,2,1,1,3,18,8,1,Fully Furnished,Good,12.975917,77.628418,9,1,1,1,0,0,0,1,1,1,1,1,1,15020000
Nagpur,Wardha Road,440046,Apartment,1389,1130,3,3,2,1,3,4,1,2,Semi-Furnished,New,21.085963,79.070748,8,1,1,0,0,0,0,1,1,1,1,1,1,8790000
Delhi NCR,Rohini (Delhi),110043,Villa,1770,1480,4,4,4,3,0,1,2,1,Fully Furnished,New,28.710577,77.115906,3,1,0,0,0,0,1,0,0,0,0,0,1,25160000
Bengaluru,JP Nagar,560026,Apartment,1422,1212,3,3,4,2,1,4,1,1,Fully Furnished,Good,12.908164,77.579955,6,1,1,0,0,0,0,0,1,1,1,1,0,15580000
Nagpur,Sadar,440026,Apartment,1458,1257,3,3,4,2,4,7,18,1,Unfurnished,Average,21.153933,79.084799,11,1,1,1,1,1,0,1,1,1,1,1,1,9090000
Mumbai,Juhu,400019,Villa,1131,908,2,2,2,2,0,2,0,1,Semi-Furnished,New,19.126203,72.819414,5,1,0,1,0,1,0,0,1,0,0,0,1,69500000
Pune,Kalyani Nagar,411008,Apartment,1216,1027,3,3,4,1,15,35,0,1,Semi-Furnished,Good,18.554628,73.893178,8,1,1,1,0,1,0,0,1,0,1,1,1,18890000
Pune,Hadapsar,411014,Apartment,1770,1486,4,4,4,0,24,28,5,1,Unfurnished,Good,18.507244,73.917652,7,1,0,1,0,0,0,1,1,1,1,1,0,15380000
Pune,Magarpatta,411014,Apartment,806,682,2,2,2,2,8,10,0,2,Semi-Furnished,New,18.520216,73.924447,11,1,1,1,1,0,1,1,1,1,1,1,1,10040000
Mumbai,Thane West,400019,Independent House,1437,1255,3,3,3,0,0,2,8,1,Unfurnished,New,19.212205,72.979783,5,1,1,1,0,0,1,0,1,0,0,0,0,24440000
Hyderabad,Manikonda,500029,Villa,1203,946,3,3,4,2,0,2,2,1,Unfurnished,New,17.413574,78.401385,8,1,1,0,1,0,1,0,1,1,0,1,1,12950000
Pune,Hadapsar,411027,Villa,701,605,2,2,1,0,0,3,5,1,Semi-Furnished,Good,18.511316,73.921521,3,0,0,1,0,1,0,0,1,0,0,0,0,8030000
Pune,Viman Nagar,411036,Independent House,1408,1155,3,3,2,2,0,1,2,1,Semi-Furnished,Good,18.561482,73.905123,6,1,1,1,0,0,0,0,1,1,1,0,0,20050000
Mumbai,Borivali West,400044,Apartment,852,698,2,2,1,0,1,4,1,2,Unfurnished,New,19.231051,72.864346,7,1,0,0,1,0,0,0,1,1,1,1,1,15970000
Delhi NCR,Indirapuram (Ghaziabad),110021,Apartment,2082,1792,4,4,4,3,5,14,8,1,Unfurnished,Good,28.639867,77.380467,8,0,1,1,1,0,1,1,1,1,0,1,0,14290000
Delhi NCR,Vasant Kunj (Delhi),110033,Apartment,1344,1153,3,3,3,2,6,7,25,0,Fully Furnished,Average,28.520509,77.153026,8,1,0,1,1,0,1,1,1,1,0,1,0,20130000
Chennai,Adyar,600035,Apartment,1464,1168,3,3,2,1,23,35,18,1,Semi-Furnished,Average,13.016338,80.24943,6,0,1,1,0,0,0,0,1,1,0,1,1,17710000
Hyderabad,Miyapur,500030,Apartment,801,674,2,2,2,0,2,4,3,2,Unfurnished,New,17.502597,78.364988,9,0,1,1,0,1,1,1,1,1,1,1,0,5520000
Bengaluru,Yelahanka,560020,Independent House,1168,964,3,3,2,2,0,1,3,2,Fully Furnished,Good,13.101439,77.583783,4,0,1,1,0,0,0,0,1,1,0,0,0,11250000
Bengaluru,Bellandur,560003,Apartment,1619,1306,3,3,4,2,20,22,3,0,Fully Furnished,Average,12.91599,77.66394,10,1,1,1,1,1,0,0,1,1,1,1,1,19440000
Mumbai,Powai,400045,Apartment,1245,1064,3,3,3,1,4,4,18,1,Unfurnished,Good,19.126688,72.904768,10,1,1,1,1,1,1,0,1,1,1,1,0,22440000
Pune,Hadapsar,411016,Apartment,625,493,1,1,1,2,1,28,3,1,Fully Furnished,Good,18.501828,73.92696,7,1,1,1,0,0,1,0,1,0,0,1,1,5610000
Mumbai,Thane West,400023,Apartment,442,347,1,1,1,2,1,7,0,1,Semi-Furnished,New,19.221,72.975994,6,1,0,1,0,1,0,0,1,1,0,1,0,7140000
Pune,Aundh,411022,Independent House,743,653,2,2,2,2,0,2,2,1,Semi-Furnished,New,18.575331,73.815714,9,1,1,1,0,1,1,0,1,0,1,1,1,12660000
Hyderabad,Gachibowli,500022,Apartment,1323,1090,3,3,3,2,29,35,0,1,Unfurnished,New,17.426267,78.364523,7,1,1,1,1,0,0,0,1,1,0,1,0,15130000
Bengaluru,Yelahanka,560006,Apartment,1816,1503,4,4,3,3,2,14,0,2,Unfurnished,New,13.104034,77.605637,8,1,1,1,0,1,0,0,0,1,1,1,1,14790000
Chennai,Besant Nagar,600007,Villa,2583,2244,4,4,4,1,0,3,0,1,Semi-Furnished,New,13.008864,80.258089,4,0,0,0,0,0,1,1,1,0,1,0,0,60620000
Bengaluru,Sarjapur Road,560044,Apartment,1641,1300,3,3,2,1,6,7,1,1,Unfurnished,Average,12.888599,77.683804,10,1,1,1,1,1,1,0,1,1,1,1,0,12960000
Hyderabad,Madhapur,500035,Apartment,868,750,2,2,3,1,10,35,0,1,Semi-Furnished,New,17.445909,78.388634,7,1,1,1,0,1,1,0,1,0,0,0,1,10420000
Mumbai,Borivali West,400033,Villa,465,397,1,1,2,2,0,1,8,1,Semi-Furnished,Good,19.249035,72.87164,6,1,0,0,0,1,0,0,1,0,1,1,1,10310000
Mumbai,Juhu,400017,Apartment,1798,1558,3,3,3,1,25,28,3,1,Semi-Furnished,Average,19.104304,72.827333,7,1,1,1,0,1,0,0,0,1,1,1,0,76000000
Bengaluru,Indiranagar,560017,Villa,1233,1014,3,3,2,3,0,3,8,1,Semi-Furnished,Good,12.986271,77.641807,6,1,0,0,0,1,0,0,0,1,1,1,1,23930000
Mumbai,Borivali West,400009,Apartment,1071,899,3,3,4,2,25,28,0,1,Semi-Furnished,New,19.223551,72.843569,6,0,1,1,0,0,1,0,1,0,0,1,1,23780000
Bengaluru,JP Nagar,560042,Apartment,1098,875,3,3,4,2,3,4,0,1,Semi-Furnished,New,12.904176,77.596661,10,1,1,1,1,1,1,1,1,1,0,1,0,13550000
Delhi NCR,Sector 150 (Noida),110009,Apartment,2087,1635,4,4,3,1,9,22,5,1,Fully Furnished,Average,28.454303,77.493039,7,0,1,1,0,0,1,0,0,1,1,1,1,21090000
Mumbai,Andheri West,400007,Apartment,1317,1054,3,3,3,0,3,10,18,1,Semi-Furnished,Average,19.124892,72.830851,8,1,1,1,1,0,0,0,1,1,1,1,0,27750000
Mumbai,Andheri East,400041,Apartment,1240,1047,3,3,3,2,6,14,1,1,Semi-Furnished,Good,19.11593,72.866791,9,1,0,1,1,1,1,0,0,1,1,1,1,26650000
Mumbai,Powai,400039,Apartment,773,620,3,3,3,0,6,10,8,1,Fully Furnished,Average,19.115826,72.913755,8,1,1,1,0,1,0,0,1,1,0,1,1,16840000
Pune,Hinjewadi,411020,Apartment,1413,1184,3,3,2,3,2,7,0,1,Unfurnished,Good,18.585252,73.741784,9,1,1,1,1,1,1,0,1,0,1,1,0,11140000
Hyderabad,HITEC City,500024,Apartment,789,628,2,2,2,2,14,14,0,1,Unfurnished,Good,17.45416,78.384631,5,0,0,1,0,0,0,0,1,1,1,1,0,8950000
Bengaluru,Hebbal,560040,Villa,1035,905,2,2,2,1,0,1,0,2,Semi-Furnished,New,13.040099,77.602138,8,1,1,1,0,0,1,0,1,1,1,0,1,15180000
Bengaluru,HSR Layout,560034,Apartment,1122,888,2,2,2,3,9,14,1,1,Unfurnished,New,12.907542,77.641737,8,1,1,1,0,1,0,0,1,1,1,1,0,16490000
Bengaluru,HSR Layout,560031,Villa,1476,1155,3,3,2,1,0,3,3,1,Semi-Furnished,Good,12.909009,77.626958,6,0,1,0,0,0,1,0,1,1,1,0,1,25620000
Nagpur,Besha,440039,Apartment,719,563,2,2,2,2,12,14,8,1,Semi-Furnished,Average,21.065972,79.088349,5,1,0,1,1,0,1,0,0,1,0,0,0,3550000
Pune,Wakad,411010,Apartment,1082,918,2,2,2,1,5,14,1,1,Unfurnished,New,18.597437,73.771266,8,0,1,1,0,1,1,0,1,1,1,0,1,9880000
Nagpur,Ramdaspeth,440030,Independent House,973,787,2,2,2,3,0,3,1,1,Fully Furnished,New,21.135787,79.08315,5,1,0,1,0,0,0,0,1,1,0,1,0,13540000
Bengaluru,Koramangala,560022,Apartment,1524,1272,3,3,3,1,16,22,5,1,Fully Furnished,Good,12.932301,77.630435,4,0,1,0,1,0,0,0,0,1,0,0,1,24750000
Pune,Aundh,411030,Plot,3847,3847,0,0,0,0,0,0,5,0,Unfurnished,Average,18.553945,73.805474,2,0,0,1,0,0,0,0,0,0,0,1,0,35090000
Mumbai,Andheri East,400042,Apartment,1105,963,2,2,1,2,3,7,5,1,Semi-Furnished,Good,19.112132,72.860026,7,1,1,1,0,0,1,0,1,1,0,1,0,22110000
Nagpur,Manish Nagar,440015,Apartment,1428,1195,3,3,2,3,2,35,8,2,Semi-Furnished,Good,21.092587,79.090759,9,1,1,0,1,0,1,1,1,1,1,1,0,9350000
Mumbai,Kandivali East,400008,Independent House,848,685,2,2,2,3,0,1,12,1,Unfurnished,Good,19.201271,72.860378,8,1,1,0,1,1,1,0,1,1,0,1,0,14820000
Delhi NCR,Dwarka (Delhi),110014,Apartment,1765,1476,3,3,3,1,3,7,3,1,Unfurnished,Average,28.589579,77.044069,5,1,1,0,0,1,0,0,1,1,0,0,0,20530000
Delhi NCR,Cyber City (Gurugram),110044,Apartment,1527,1280,3,3,3,2,2,14,2,0,Semi-Furnished,Average,28.49849,77.079973,8,1,1,0,1,0,1,0,1,1,0,1,1,25480000
Bengaluru,Whitefield,560021,Apartment,1165,940,3,3,2,2,9,35,5,1,Semi-Furnished,Average,12.960728,77.747226,7,1,1,1,1,0,0,1,0,0,1,1,0,9980000
Nagpur,Manish Nagar,440032,Apartment,912,732,2,2,2,0,13,18,18,1,Semi-Furnished,Good,21.079572,79.091071,8,1,1,1,1,0,0,0,1,1,1,1,0,5350000
Chennai,Besant Nagar,600026,Apartment,617,515,2,2,2,2,4,22,8,1,Semi-Furnished,Average,13.008028,80.260216,8,1,1,1,0,0,0,0,1,1,1,1,1,9810000
Delhi NCR,Sohna Road (Gurugram),110028,Apartment,1382,1197,3,3,3,1,28,35,2,2,Unfurnished,Good,28.39523,77.040519,6,1,0,1,1,0,0,1,0,1,0,1,0,14050000
Bengaluru,Electronic City,560036,Independent House,1087,877,3,3,4,3,0,1,2,1,Fully Furnished,Good,12.844763,77.685811,4,1,0,0,0,0,1,0,1,1,0,0,0,9540000
Pune,Kharadi,411038,Apartment,1347,1176,2,2,2,3,9,18,3,1,Semi-Furnished,Good,18.547368,73.942758,7,1,1,1,0,0,1,0,1,1,0,0,1,13410000
Delhi NCR,Sector 62 (Noida),110027,Independent House,1710,1414,3,3,3,3,0,3,3,1,Semi-Furnished,Good,28.626938,77.358897,2,1,0,0,0,0,0,0,0,0,0,0,1,17240000
Nagpur,Khamla,440031,Villa,1276,1050,3,3,2,2,0,2,12,1,Unfurnished,Needs Renovation,21.103698,79.053865,6,1,0,0,1,0,1,0,0,0,1,1,1,8250000
Hyderabad,Kondapur,500015,Apartment,1188,939,2,2,3,2,5,7,0,1,Semi-Furnished,New,17.470789,78.368346,6,0,1,1,0,0,1,0,1,1,0,1,0,11260000
Nagpur,Manish Nagar,440043,Apartment,533,426,1,1,1,2,2,4,8,1,Unfurnished,Needs Renovation,21.088791,79.082484,11,1,1,1,1,1,0,1,1,1,1,1,1,2680000
Hyderabad,Uppal,500025,Independent House,1068,840,2,2,2,1,0,1,0,1,Semi-Furnished,New,17.398242,78.561312,6,1,0,1,0,0,0,1,1,1,0,0,1,8290000
Bengaluru,Sarjapur Road,560015,Plot,3585,3585,0,0,0,0,0,0,3,0,Unfurnished,Average,12.902893,77.684091,1,0,0,0,0,0,0,0,0,0,0,1,0,23100000
Bengaluru,Electronic City,560032,Independent House,1358,1178,3,3,3,3,0,2,5,2,Semi-Furnished,Good,12.840154,77.677605,4,1,1,0,0,0,0,0,1,1,0,0,0,10220000
Delhi NCR,Cyber City (Gurugram),110024,Plot,3157,3157,0,0,0,0,0,0,1,0,Unfurnished,Average,28.505182,77.080144,1,0,0,0,0,0,0,0,0,0,0,1,0,38860000
Nagpur,Besha,440007,Apartment,1425,1234,2,2,3,0,5,10,5,1,Semi-Furnished,Good,21.065696,79.08017,5,1,1,0,0,0,1,0,1,0,0,1,0,7280000
Delhi NCR,Rohini (Delhi),110033,Plot,2612,2612,0,0,0,0,0,0,1,0,Unfurnished,Average,28.693383,77.108118,1,0,0,0,0,0,0,0,0,0,0,1,0,21630000
Delhi NCR,Dwarka (Delhi),110002,Villa,418,341,1,1,1,1,0,2,12,2,Semi-Furnished,Needs Renovation,28.576244,77.034007,10,0,1,1,0,1,1,1,1,1,1,1,1,5800000
Bengaluru,Koramangala,560025,Apartment,1142,897,2,2,2,2,8,14,12,1,Semi-Furnished,Needs Renovation,12.931099,77.629966,9,1,1,1,0,1,1,1,1,1,0,1,0,14170000
Pune,Wakad,411030,Villa,766,650,1,1,1,3,0,1,5,1,Fully Furnished,Good,18.596729,73.750388,6,1,1,0,0,0,1,0,1,1,1,0,0,9240000
Mumbai,Borivali West,400046,Apartment,1292,1093,3,3,2,1,1,4,18,1,Semi-Furnished,Good,19.228628,72.855197,7,0,1,0,0,1,0,0,1,1,1,1,1,20520000
Bengaluru,Sarjapur Road,560041,Apartment,2581,2101,4,4,4,1,8,18,5,2,Fully Furnished,New,12.908927,77.693788,8,0,1,1,0,0,1,1,1,1,1,1,0,27080000
Kolkata,Jadavpur,700012,Apartment,586,502,1,1,1,3,20,28,8,1,Semi-Furnished,Average,22.505252,88.371578,5,0,0,1,0,0,1,0,0,1,1,1,0,4300000
Mumbai,Thane West,400037,Villa,1037,877,3,3,4,0,0,2,5,1,Unfurnished,Good,19.214179,72.977088,6,1,0,0,0,1,0,1,1,0,0,1,1,19140000
Nagpur,Dharampeth,440042,Apartment,1719,1436,3,3,3,2,3,35,2,1,Semi-Furnished,Average,21.144205,79.049322,7,0,1,1,1,1,0,0,1,0,0,1,1,15300000
Nagpur,Pratap Nagar,440002,Apartment,1079,866,2,2,1,1,4,22,5,1,Fully Furnished,Average,21.105465,79.04897,10,1,1,1,0,1,1,1,1,1,1,1,0,7500000
Pune,Hadapsar,411033,Apartment,510,401,1,1,1,1,18,28,1,1,Semi-Furnished,New,18.501678,73.932374,7,0,1,1,0,0,1,1,1,0,0,1,1,5050000
Pune,Baner,411040,Independent House,1614,1378,4,4,4,1,0,3,12,0,Semi-Furnished,Average,18.566041,73.77533,3,1,0,0,0,0,0,0,1,0,1,0,0,16280000
Hyderabad,Jubilee Hills,500045,Apartment,810,708,2,2,1,2,1,14,3,1,Semi-Furnished,Good,17.428975,78.411334,8,1,1,1,1,0,0,0,1,1,0,1,1,15220000
Hyderabad,Madhapur,500006,Apartment,1736,1481,3,3,3,3,19,28,3,2,Unfurnished,Good,17.447642,78.393952,8,0,1,1,1,1,1,0,0,1,1,1,0,18800000
Delhi NCR,Sohna Road (Gurugram),110014,Independent House,1445,1136,3,3,4,2,0,2,12,2,Semi-Furnished,Needs Renovation,28.398516,77.041214,5,1,1,1,0,0,1,0,0,0,0,1,0,10450000
Pune,Kothrud,411037,Apartment,1006,877,2,2,3,0,13,35,8,1,Unfurnished,Average,18.510316,73.802259,5,1,1,0,0,0,1,0,1,0,0,1,0,9700000
Bengaluru,Koramangala,560022,Independent House,1771,1515,3,3,3,2,0,1,25,1,Semi-Furnished,Good,12.939132,77.622667,6,1,1,0,0,0,0,0,1,1,1,0,1,22090000
Delhi NCR,Dwarka (Delhi),110003,Apartment,1192,997,3,3,4,1,9,28,8,1,Semi-Furnished,Average,28.602521,77.047101,9,1,1,1,1,0,1,0,1,1,1,1,0,13560000
Mumbai,Navi Mumbai - Vashi,400034,Apartment,1037,904,2,2,2,1,3,4,8,2,Unfurnished,Good,19.070585,73.010607,8,0,1,1,1,1,0,0,1,1,1,1,0,15200000
Pune,Kothrud,411041,Apartment,870,738,2,2,2,2,3,4,18,1,Semi-Furnished,Good,18.502371,73.786755,9,1,1,1,0,1,1,0,1,0,1,1,1,8180000
Hyderabad,HITEC City,500011,Villa,1062,866,3,3,2,0,0,1,0,1,Unfurnished,Average,17.444582,78.37459,4,0,1,1,0,0,0,0,1,0,0,1,0,13630000
Bengaluru,JP Nagar,560015,Apartment,1329,1098,3,3,3,3,9,14,3,0,Fully Furnished,Good,12.910343,77.589923,9,1,1,1,0,1,1,0,1,1,0,1,1,14180000
Bengaluru,Electronic City,560009,Apartment,928,744,2,2,2,0,5,7,2,1,Fully Furnished,New,12.828833,77.684214,8,1,1,1,1,0,0,0,1,1,0,1,1,7850000
Pune,Kalyani Nagar,411017,Apartment,2682,2267,5,5,5,3,13,14,18,1,Semi-Furnished,Average,18.540172,73.89961,7,0,1,1,0,1,1,1,0,1,0,1,0,26210000
Nagpur,Trimurti Nagar,440029,Apartment,1484,1159,3,3,3,1,8,10,0,2,Unfurnished,Good,21.115817,79.046761,9,0,0,1,1,1,1,1,1,1,1,1,0,9860000
Mumbai,Kandivali East,400042,Apartment,844,675,2,2,3,2,2,4,12,0,Semi-Furnished,Good,19.194148,72.860666,6,0,1,1,0,1,0,0,1,0,1,1,0,11830000
Delhi NCR,Dwarka (Delhi),110036,Independent House,1120,946,2,2,2,0,0,3,12,1,Semi-Furnished,New,28.586514,77.046993,5,1,0,1,0,0,0,0,1,0,1,0,1,15050000
Hyderabad,Kukatpally,500018,Apartment,1620,1336,4,4,5,0,6,7,0,1,Unfurnished,New,17.493454,78.404393,7,0,0,1,1,1,1,1,1,1,0,0,0,12630000
Mumbai,Kandivali East,400019,Plot,3056,3056,0,0,0,0,0,0,4,0,Unfurnished,Average,19.212673,72.861902,1,0,0,1,0,0,0,0,0,0,0,0,0,36640000
Delhi NCR,Rohini (Delhi),110016,Apartment,1040,858,2,2,2,0,23,28,5,0,Unfurnished,New,28.704693,77.110301,6,1,0,1,0,0,0,1,1,1,0,1,0,10760000
Hyderabad,Manikonda,500006,Apartment,1432,1218,3,3,3,3,6,10,8,1,Unfurnished,Good,17.385154,78.374763,9,0,1,1,0,1,0,1,1,1,1,1,1,11060000
Mumbai,Andheri East,400010,Plot,1289,1289,0,0,0,0,0,0,3,0,Unfurnished,Average,19.121897,72.862416,1,0,0,0,0,0,0,0,0,0,0,1,0,18890000
Mumbai,Goregaon West,400009,Apartment,2211,1749,4,4,4,2,14,14,18,1,Unfurnished,Average,19.170146,72.824479,8,1,0,1,1,1,1,1,0,1,0,1,0,33490000
Pune,Aundh,411032,Apartment,3008,2545,5,5,5,1,33,35,8,1,Unfurnished,Average,18.568225,73.828687,9,1,1,1,0,1,1,0,1,1,1,1,0,34520000
Bengaluru,Indiranagar,560034,Apartment,433,360,1,1,1,2,2,7,2,2,Unfurnished,New,12.981618,77.651368,9,1,1,1,1,1,0,0,1,1,1,0,1,7370000
Hyderabad,Jubilee Hills,500011,Apartment,1757,1440,4,4,3,1,6,14,2,1,Unfurnished,Good,17.439564,78.412608,9,1,1,1,1,0,1,1,1,1,0,1,0,30100000
Delhi NCR,Dwarka (Delhi),110019,Villa,1496,1178,3,3,2,0,0,2,3,0,Fully Furnished,New,28.600078,77.055455,7,1,1,1,0,0,1,0,1,0,1,1,0,28750000
Delhi NCR,Sohna Road (Gurugram),110008,Apartment,1309,1044,3,3,3,2,3,4,5,1,Semi-Furnished,Good,28.404818,77.032319,6,0,1,0,1,1,0,1,1,1,0,0,0,11880000
Nagpur,Sadar,440010,Apartment,1054,874,3,3,4,1,7,7,1,2,Unfurnished,New,21.171523,79.079936,10,1,1,1,1,1,1,0,1,1,0,1,1,10500000
Chennai,Porur,600038,Apartment,1034,875,2,2,2,2,32,35,1,0,Semi-Furnished,New,13.028414,80.167897,6,1,1,1,0,0,0,0,1,1,0,1,0,9230000
Chennai,OMR (Thoraipakkam),600020,Apartment,1622,1384,3,3,3,2,9,10,8,1,Unfurnished,Average,12.936907,80.234552,7,1,0,1,1,0,1,0,1,0,1,1,0,11000000
Mumbai,Andheri East,400020,Apartment,829,704,2,2,3,0,16,28,5,2,Unfurnished,Needs Renovation,19.127139,72.870855,5,0,0,1,0,0,0,0,1,1,0,1,1,11730000
Nagpur,Manish Nagar,440013,Apartment,1485,1241,3,3,2,1,4,4,1,1,Semi-Furnished,New,21.088315,79.082801,8,1,1,1,1,1,1,1,0,1,0,0,0,10220000
Mumbai,Goregaon West,400003,Apartment,1088,932,2,2,2,3,3,7,8,1,Unfurnished,Good,19.173558,72.842964,7,1,1,0,0,0,1,1,1,1,0,1,0,19890000
Pune,Wakad,411008,Apartment,1389,1128,3,3,3,0,8,18,2,1,Semi-Furnished,New,18.598857,73.762381,9,1,1,1,0,0,1,1,1,1,1,1,0,14320000
Kolkata,Rajarhat,700014,Apartment,1028,849,2,2,3,0,13,14,18,0,Unfurnished,Needs Renovation,22.632324,88.500043,6,1,1,0,0,0,0,0,1,1,1,1,0,4120000
Mumbai,Powai,400008,Apartment,665,567,1,1,2,0,3,4,0,1,Fully Furnished,Good,19.109992,72.911567,8,1,1,0,0,0,1,0,1,1,1,1,1,16890000
Delhi NCR,Sector 150 (Noida),110033,Apartment,775,679,2,2,2,0,15,22,12,1,Unfurnished,Average,28.45724,77.456603,7,1,1,1,0,1,0,0,1,0,1,1,0,5810000
Kolkata,Ballygunge,700003,Apartment,1355,1117,3,3,3,2,6,7,18,1,Semi-Furnished,Good,22.52866,88.362045,9,1,1,0,0,0,1,1,1,1,1,1,1,15020000
Delhi NCR,Sohna Road (Gurugram),110037,Apartment,810,694,2,2,2,0,4,35,2,1,Fully Furnished,New,28.39813,77.046654,6,0,1,1,0,1,0,0,1,1,0,0,1,8710000
Bengaluru,JP Nagar,560040,Villa,1691,1461,3,3,4,2,0,3,2,1,Semi-Furnished,New,12.909479,77.57972,6,1,1,1,0,0,0,0,1,0,0,1,1,24540000
Mumbai,Andheri West,400044,Apartment,1046,877,3,3,3,0,4,18,3,1,Semi-Furnished,Good,19.135435,72.836597,8,0,1,1,1,1,1,1,0,0,0,1,1,29020000
Nagpur,Besha,440025,Apartment,2629,2220,4,4,5,0,1,22,0,1,Fully Furnished,New,21.071577,79.101769,6,1,0,1,0,1,0,1,0,1,0,1,0,15450000
Pune,Baner,411031,Apartment,1770,1508,3,3,4,3,1,4,0,1,Semi-Furnished,New,18.558825,73.792458,8,1,0,1,1,1,0,1,1,1,0,0,1,22460000
Delhi NCR,Sohna Road (Gurugram),110026,Apartment,916,714,2,2,2,1,3,4,3,1,Semi-Furnished,Average,28.396747,77.052311,10,1,1,1,1,0,0,1,1,1,1,1,1,8120000
Kolkata,Ballygunge,700005,Apartment,1067,854,3,3,4,2,3,4,12,1,Semi-Furnished,New,22.545144,88.361242,9,1,1,1,0,1,1,0,0,1,1,1,1,14490000
Pune,Baner,411019,Apartment,700,586,1,1,2,3,3,4,1,0,Semi-Furnished,New,18.554132,73.778737,7,0,1,1,0,1,0,1,1,1,0,1,0,8190000
Bengaluru,Koramangala,560018,Villa,643,544,2,2,2,1,0,3,2,1,Semi-Furnished,New,12.932897,77.62646,7,1,0,0,1,1,1,0,1,1,0,0,1,13910000
Chennai,OMR (Thoraipakkam),600035,Villa,686,565,2,2,1,0,0,3,12,1,Fully Furnished,Average,12.955753,80.237828,7,1,1,0,0,0,1,0,1,0,1,1,1,7010000
Kolkata,Ballygunge,700032,Apartment,905,790,2,2,2,2,10,28,3,2,Fully Furnished,Good,22.52096,88.367153,8,1,1,1,1,1,0,0,0,1,1,1,0,14380000
Kolkata,Salt Lake (Sector V),700016,Independent House,457,379,1,1,1,2,0,1,0,1,Fully Furnished,Good,22.591758,88.425022,4,1,0,0,0,0,1,1,0,0,0,1,0,4880000
Bengaluru,Whitefield,560008,Apartment,1734,1489,3,3,2,1,7,10,3,0,Semi-Furnished,Average,12.965766,77.745137,7,1,1,1,0,1,0,0,1,1,0,1,0,14120000
Nagpur,Sadar,440020,Independent House,1838,1508,3,3,3,2,0,1,8,0,Fully Furnished,Good,21.152684,79.082468,6,1,0,0,1,0,1,0,1,0,0,1,1,19150000
Kolkata,Salt Lake (Sector V),700006,Apartment,1022,842,2,2,2,1,3,28,3,1,Unfurnished,Good,22.579523,88.416387,6,1,1,0,0,0,1,1,0,1,0,1,0,8380000
Bengaluru,Indiranagar,560019,Apartment,982,857,2,2,3,2,5,14,8,3,Semi-Furnished,Average,12.972103,77.642427,9,1,1,1,0,0,1,0,1,1,1,1,1,14900000
Mumbai,Andheri East,400015,Apartment,1642,1387,3,3,2,1,3,7,1,1,Semi-Furnished,New,19.103791,72.887273,6,0,0,1,0,0,1,1,0,1,0,1,1,37230000
Bengaluru,HSR Layout,560046,Apartment,949,754,2,2,2,2,4,10,1,1,Unfurnished,New,12.920816,77.663523,7,1,1,1,0,0,1,0,1,0,1,1,0,11330000
Pune,Kharadi,411034,Independent House,556,467,1,1,1,0,0,1,1,1,Semi-Furnished,New,18.532573,73.936641,7,1,1,1,0,1,1,0,1,0,0,1,0,7050000
Kolkata,Garia,700021,Apartment,575,456,1,1,1,2,18,22,5,1,Semi-Furnished,Average,22.458764,88.373604,6,1,0,0,0,1,1,1,1,0,0,0,1,3300000
Hyderabad,Kondapur,500006,Villa,1198,999,2,2,2,3,0,3,5,1,Semi-Furnished,New,17.465172,78.36132,2,0,0,0,0,0,0,0,0,1,1,0,0,13340000
Delhi NCR,Sohna Road (Gurugram),110045,Apartment,1515,1309,3,3,4,2,24,35,5,1,Semi-Furnished,Good,28.391853,77.035901,8,1,1,1,0,1,1,1,0,1,0,1,0,14550000
Mumbai,Andheri East,400006,Apartment,1300,1021,3,3,4,1,9,14,0,1,Fully Furnished,New,19.116659,72.859203,10,1,1,1,1,0,1,1,1,1,1,1,0,32680000
Pune,Magarpatta,411006,Apartment,1389,1153,3,3,2,2,8,10,5,2,Unfurnished,New,18.507008,73.941573,8,1,1,1,1,1,0,0,0,1,1,1,0,14220000
Mumbai,Powai,400019,Apartment,1231,964,3,3,2,0,25,28,0,2,Unfurnished,New,19.109774,72.920388,8,1,1,0,0,1,0,1,1,1,0,1,1,33360000
Mumbai,Navi Mumbai - Vashi,400039,Apartment,482,414,1,1,1,2,28,28,5,3,Fully Furnished,Good,19.08595,73.000206,6,1,0,1,1,0,0,0,0,1,0,1,1,8850000
Kolkata,Rajarhat,700013,Plot,2149,2149,0,0,0,0,0,0,3,0,Unfurnished,Average,22.617244,88.484005,2,0,0,1,0,0,0,0,0,0,0,1,0,10250000
Nagpur,Dharampeth,440003,Apartment,1893,1564,4,4,3,0,18,35,3,1,Semi-Furnished,Good,21.158934,79.050546,10,1,0,1,0,1,1,1,1,1,1,1,1,20110000
Pune,Wakad,411004,Villa,930,776,2,2,2,0,0,3,12,1,Semi-Furnished,Good,18.601093,73.775465,8,1,1,1,0,1,1,0,1,0,1,0,1,9760000
Nagpur,Dharampeth,440026,Apartment,1617,1325,3,3,3,2,2,7,3,1,Semi-Furnished,New,21.12274,79.05494,7,1,1,1,1,0,0,0,1,1,1,0,0,14860000
Bengaluru,Koramangala,560027,Villa,735,609,2,2,3,1,0,2,12,1,Semi-Furnished,Good,12.93348,77.627586,6,1,0,0,1,0,0,0,0,1,1,1,1,13610000
Hyderabad,Kukatpally,500020,Apartment,3338,2916,5,5,4,2,13,18,2,0,Fully Furnished,New,17.489474,78.402552,5,0,0,1,1,1,0,1,1,0,0,0,0,30810000
Kolkata,Alipore,700011,Apartment,1635,1330,3,3,3,2,14,28,1,0,Semi-Furnished,New,22.537215,88.330244,10,0,0,1,1,1,1,1,1,1,1,1,1,33320000
Hyderabad,Miyapur,500008,Apartment,511,404,1,1,1,3,11,14,2,0,Fully Furnished,New,17.492402,78.358878,6,1,1,0,0,0,0,0,1,1,0,1,1,4030000
Bengaluru,JP Nagar,560024,Apartment,1072,847,2,2,1,1,12,28,3,2,Unfurnished,Good,12.905891,77.585829,6,0,1,1,0,0,1,0,1,0,1,0,1,11000000
Delhi NCR,Sector 150 (Noida),110016,Apartment,1904,1624,4,4,4,2,7,18,5,1,Semi-Furnished,Good,28.447597,77.463956,8,1,1,1,0,1,1,1,0,0,0,1,1,18200000
Pune,Kharadi,411003,Apartment,1030,884,2,2,2,1,10,18,5,1,Semi-Furnished,Good,18.545977,73.933198,4,0,0,0,0,1,1,0,1,0,0,1,0,9990000
Kolkata,Garia,700014,Apartment,1039,824,2,2,2,2,9,28,2,0,Semi-Furnished,New,22.455364,88.397976,9,1,0,1,0,0,1,1,1,1,1,1,1,7010000
Pune,Aundh,411017,Apartment,756,617,2,2,3,1,3,10,1,2,Unfurnished,New,18.556009,73.818229,11,1,1,1,1,1,1,0,1,1,1,1,1,10370000
Kolkata,Alipore,700010,Apartment,570,451,2,2,2,0,9,10,0,1,Semi-Furnished,New,22.519803,88.328005,5,1,1,1,0,0,0,0,0,1,0,1,0,10900000
Delhi NCR,Dwarka (Delhi),110002,Apartment,879,726,2,2,3,3,9,28,8,1,Semi-Furnished,New,28.592359,77.057698,7,1,1,1,1,0,0,0,0,1,0,1,1,11280000
Delhi NCR,Indirapuram (Ghaziabad),110009,Villa,1133,942,2,2,1,1,0,1,3,2,Unfurnished,Good,28.65143,77.386474,6,1,1,0,1,1,0,0,1,0,1,0,0,10750000
Delhi NCR,Indirapuram (Ghaziabad),110042,Independent House,905,783,3,3,3,2,0,3,8,2,Fully Furnished,Average,28.643687,77.383387,7,1,1,0,1,1,0,1,1,0,0,1,0,7540000
Bengaluru,Sarjapur Road,560034,Apartment,1839,1437,3,3,2,0,6,7,0,1,Unfurnished,New,12.917179,77.689546,7,1,0,1,0,1,0,1,0,1,0,1,1,18110000
Pune,Hadapsar,411004,Apartment,1484,1260,3,3,3,2,7,7,3,1,Semi-Furnished,Good,18.488958,73.921907,9,1,1,1,1,1,0,1,1,1,0,0,1,13700000
Mumbai,Goregaon West,400042,Apartment,1196,1024,3,3,2,2,13,28,5,3,Fully Furnished,Good,19.162812,72.832341,11,1,1,1,1,1,0,1,1,1,1,1,1,31220000
Hyderabad,Gachibowli,500045,Villa,1823,1507,3,3,2,0,0,1,0,1,Unfurnished,New,17.433029,78.350078,9,1,0,0,1,1,1,1,1,0,1,1,1,25330000
Bengaluru,Koramangala,560021,Independent House,1554,1222,3,3,3,3,0,1,5,1,Semi-Furnished,Average,12.939277,77.630994,6,1,1,0,0,0,1,0,1,0,1,1,0,25200000
Pune,Wakad,411029,Apartment,886,706,1,1,2,0,19,22,2,1,Semi-Furnished,New,18.590477,73.755115,9,0,1,1,1,1,1,0,1,1,0,1,1,9150000
Nagpur,Pratap Nagar,440041,Plot,3576,3576,0,0,0,0,0,0,2,0,Unfurnished,Average,21.108456,79.03706,1,0,0,0,0,0,0,0,0,0,0,1,0,18270000
Nagpur,Ramdaspeth,440014,Apartment,1751,1377,4,4,4,0,7,10,1,1,Unfurnished,Good,21.127563,79.079546,7,1,1,1,0,1,0,0,1,1,0,1,0,16720000
Bengaluru,Indiranagar,560046,Apartment,561,469,1,1,1,1,5,14,5,1,Semi-Furnished,Good,12.985554,77.634669,7,1,1,1,0,0,1,0,0,1,1,1,0,8810000
Delhi NCR,Cyber City (Gurugram),110002,Apartment,1012,859,2,2,2,0,6,10,3,0,Unfurnished,Good,28.479467,77.070421,8,1,1,1,1,0,0,0,1,1,1,1,0,16880000
Bengaluru,Sarjapur Road,560013,Villa,1523,1293,3,3,2,1,0,2,1,0,Semi-Furnished,New,12.926814,77.686265,2,1,0,0,0,0,0,0,1,0,0,0,0,19250000
Delhi NCR,Rohini (Delhi),110016,Apartment,916,790,2,2,2,2,8,22,2,1,Unfurnished,Good,28.712378,77.123338,6,0,1,1,0,0,1,0,1,1,0,1,0,8170000
Kolkata,Jadavpur,700037,Independent House,1020,854,2,2,1,1,0,3,2,0,Unfurnished,Good,22.515085,88.373256,7,1,1,0,1,1,1,0,0,1,0,0,1,8710000
Pune,Kalyani Nagar,411025,Apartment,842,662,2,2,3,0,23,28,12,2,Unfurnished,Average,18.546044,73.903568,5,0,1,1,0,0,0,0,1,1,0,0,1,8780000
Hyderabad,Kondapur,500023,Apartment,750,654,2,2,2,2,13,28,1,1,Semi-Furnished,Good,17.461125,78.364377,9,1,1,0,1,1,1,0,1,1,0,1,1,7880000
Bengaluru,Sarjapur Road,560023,Apartment,3386,2824,5,5,5,3,10,18,3,1,Semi-Furnished,Average,12.916893,77.683687,10,1,1,1,1,1,0,1,1,1,0,1,1,31580000
Delhi NCR,Indirapuram (Ghaziabad),110026,Apartment,2103,1732,4,4,5,1,2,4,2,2,Semi-Furnished,New,28.640463,77.372875,7,0,1,1,0,1,1,1,1,1,0,0,0,17170000
Pune,Baner,411025,Apartment,877,760,2,2,1,0,1,35,8,1,Unfurnished,Average,18.566811,73.777743,7,1,1,1,1,0,0,0,1,0,1,0,1,7440000
Pune,Aundh,411029,Apartment,1067,905,2,2,2,0,1,7,5,1,Semi-Furnished,Average,18.561892,73.805069,6,1,0,1,0,1,0,0,0,1,0,1,1,12640000
Chennai,Anna Nagar,600023,Apartment,2850,2348,5,5,4,2,2,14,2,2,Unfurnished,New,13.083398,80.221194,8,1,1,1,1,1,1,0,0,1,0,0,1,45230000
Delhi NCR,Greater Noida West,110034,Apartment,1796,1540,3,3,4,0,5,14,0,0,Unfurnished,Good,28.587743,77.444846,7,1,1,1,0,0,0,1,1,1,0,1,0,10420000
Bengaluru,Bellandur,560043,Apartment,485,398,1,1,1,2,2,4,1,1,Semi-Furnished,New,12.907196,77.689583,10,1,1,1,0,1,1,1,1,1,0,1,1,5340000
Hyderabad,Kondapur,500030,Apartment,2052,1804,4,4,4,1,5,14,5,1,Semi-Furnished,Good,17.462617,78.363361,9,1,1,1,1,0,0,0,1,1,1,1,1,18620000
Delhi NCR,Sector 62 (Noida),110022,Apartment,443,349,1,1,1,1,3,4,2,1,Fully Furnished,Average,28.630533,77.35053,8,1,1,1,0,0,0,1,0,1,1,1,1,3830000
Pune,Aundh,411036,Apartment,360,290,1,1,1,1,11,18,0,1,Semi-Furnished,Good,18.551208,73.810128,8,1,1,1,0,1,0,0,1,0,1,1,1,4600000
Bengaluru,Yelahanka,560025,Apartment,1026,843,3,3,2,0,34,35,3,0,Fully Furnished,Good,13.100681,77.591951,7,1,1,1,0,0,0,0,0,1,1,1,1,10090000
Pune,Kharadi,411003,Independent House,1263,1061,2,2,3,1,0,1,1,2,Unfurnished,New,18.544657,73.939557,4,0,0,0,0,1,1,1,0,1,0,0,0,14800000
Mumbai,Thane West,400046,Apartment,1249,1036,3,3,2,1,18,22,2,2,Semi-Furnished,New,19.206336,72.978002,6,1,1,1,0,0,1,1,0,1,0,0,0,20910000
Hyderabad,Kukatpally,500021,Independent House,534,444,1,1,2,3,0,1,0,1,Semi-Furnished,Good,17.498339,78.393594,7,1,1,0,0,0,1,0,1,1,1,0,1,4900000
Hyderabad,Uppal,500043,Apartment,968,833,2,2,2,3,12,28,1,1,Unfurnished,New,17.404888,78.550787,8,1,1,0,1,1,0,0,1,1,1,1,0,6650000
Nagpur,Dharampeth,440014,Independent House,953,758,3,3,3,2,0,3,0,0,Semi-Furnished,New,21.139775,79.058636,7,1,1,1,1,0,1,0,1,1,0,0,0,10700000
Nagpur,Besha,440023,Apartment,853,704,2,2,2,1,21,22,3,1,Fully Furnished,Good,21.088969,79.084193,6,1,0,1,0,0,0,0,0,1,1,1,1,5610000
Pune,Magarpatta,411043,Apartment,1024,880,2,2,1,0,9,18,2,2,Unfurnished,Good,18.516536,73.93101,7,1,0,0,0,0,0,1,1,1,1,1,1,11900000
Chennai,Besant Nagar,600005,Villa,1149,920,3,3,4,2,0,1,3,1,Semi-Furnished,Average,12.991237,80.260661,5,1,0,1,0,1,0,0,1,0,0,0,1,23960000
Nagpur,Trimurti Nagar,440046,Villa,965,763,3,3,3,0,0,3,1,1,Semi-Furnished,New,21.118179,79.052548,3,0,0,0,0,0,0,1,0,0,1,0,1,9140000
Kolkata,Salt Lake (Sector V),700019,Independent House,899,777,2,2,2,3,0,2,1,2,Semi-Furnished,New,22.575055,88.437188,5,1,1,0,0,0,0,0,1,1,0,0,1,9890000
Pune,Kharadi,411037,Apartment,772,650,1,1,1,3,1,7,8,1,Semi-Furnished,Good,18.567067,73.937154,7,1,1,1,1,0,1,0,0,1,1,0,0,7070000
Nagpur,Besha,440011,Apartment,687,560,1,1,1,2,5,7,12,2,Semi-Furnished,Good,21.082758,79.084552,7,0,1,1,1,1,0,0,0,1,1,1,0,3270000
Nagpur,Besha,440024,Independent House,1066,937,3,3,3,2,0,3,8,2,Semi-Furnished,Good,21.077273,79.096333,7,1,1,0,0,1,0,1,1,0,1,1,0,5770000
Nagpur,Pratap Nagar,440043,Apartment,872,760,2,2,3,0,34,35,8,1,Fully Furnished,Good,21.110222,79.04181,10,1,1,1,0,1,1,1,1,1,0,1,1,7490000
Bengaluru,Yelahanka,560044,Apartment,1215,1053,3,3,2,3,11,18,0,1,Semi-Furnished,New,13.098293,77.583282,10,1,1,1,1,1,0,1,1,1,1,1,0,11170000
Mumbai,Navi Mumbai - Vashi,400019,Apartment,3174,2727,5,5,5,1,13,18,3,0,Semi-Furnished,Good,19.071268,72.997088,8,1,1,1,0,1,0,1,1,1,0,1,0,51800000
Nagpur,Sadar,440019,Apartment,494,388,1,1,2,1,1,4,0,1,Semi-Furnished,Good,21.15119,79.096445,6,1,0,1,0,0,1,1,1,0,0,1,0,4290000
Bengaluru,Indiranagar,560004,Apartment,1375,1130,3,3,3,2,22,35,0,1,Unfurnished,New,12.986487,77.669032,8,0,0,1,1,0,1,1,1,1,1,1,0,23380000
Nagpur,Sadar,440005,Apartment,1513,1323,3,3,4,3,7,18,3,0,Semi-Furnished,Good,21.15734,79.07769,9,1,1,1,1,0,1,0,1,1,1,1,0,13040000
Pune,Wakad,411045,Apartment,757,631,2,2,2,1,4,18,0,1,Fully Furnished,New,18.59837,73.757004,6,1,1,1,0,0,0,0,1,1,0,1,0,8400000
Pune,Kharadi,411032,Apartment,959,825,2,2,2,3,2,4,1,1,Fully Furnished,New,18.554979,73.93137,6,1,1,1,0,0,1,0,0,1,0,1,0,10560000
Bengaluru,Yelahanka,560041,Independent House,999,832,2,2,2,2,0,1,1,2,Unfurnished,Good,13.091388,77.593436,8,1,0,0,1,0,1,1,1,0,1,1,1,8640000
Pune,Viman Nagar,411005,Independent House,487,386,1,1,2,2,0,3,0,1,Fully Furnished,Good,18.551021,73.925015,4,1,1,0,0,1,1,0,0,0,0,0,0,6990000
Delhi NCR,Sector 150 (Noida),110035,Apartment,3870,3049,5,5,4,0,23,28,0,1,Unfurnished,New,28.46355,77.467712,6,0,1,0,0,0,0,1,1,1,0,1,1,39870000
Delhi NCR,Vasant Kunj (Delhi),110023,Plot,2556,2556,0,0,0,0,0,0,1,0,Unfurnished,Average,28.540484,77.170007,1,0,0,0,0,0,0,0,0,0,0,1,0,39800000
Mumbai,Thane West,400013,Apartment,1464,1208,3,3,4,1,1,7,0,1,Semi-Furnished,New,19.213253,72.981559,8,1,0,1,1,1,1,0,0,1,0,1,1,23300000
Pune,Kharadi,411030,Apartment,1331,1148,4,4,5,3,11,14,2,1,Fully Furnished,New,18.541028,73.935269,8,1,0,1,0,0,1,1,1,0,1,1,1,14860000
Delhi NCR,Cyber City (Gurugram),110034,Apartment,3161,2676,5,5,4,0,24,28,5,0,Unfurnished,Good,28.486403,77.083241,8,0,1,1,1,0,1,0,1,1,0,1,1,56250000
Hyderabad,HITEC City,500015,Apartment,2193,1871,4,4,3,3,9,10,3,1,Semi-Furnished,Good,17.443423,78.384232,8,1,1,0,1,0,0,1,1,1,1,1,0,26910000
Pune,Kharadi,411021,Apartment,731,605,1,1,2,3,5,14,1,1,Unfurnished,New,18.547921,73.931663,10,1,1,1,0,1,0,1,1,1,1,1,1,7200000
Bengaluru,Indiranagar,560031,Apartment,1937,1592,4,4,4,0,4,22,0,1,Unfurnished,New,12.986118,77.6512,9,1,1,1,1,0,1,0,1,1,1,1,0,34320000
Pune,Hadapsar,411044,Apartment,392,316,1,1,1,0,17,35,25,1,Semi-Furnished,Needs Renovation,18.517565,73.911192,8,1,1,1,0,0,0,0,1,1,1,1,1,2360000
Mumbai,Kandivali East,400017,Apartment,887,747,2,2,3,1,1,22,2,2,Semi-Furnished,New,19.21182,72.85804,9,1,1,1,0,0,1,1,1,1,1,1,0,17560000
Mumbai,Goregaon West,400043,Apartment,699,565,2,2,2,2,5,22,18,2,Semi-Furnished,Average,19.159252,72.832715,10,1,1,1,1,1,1,0,1,1,1,1,0,10840000
Nagpur,Dharampeth,440043,Apartment,1423,1134,3,3,3,0,6,7,3,2,Unfurnished,Average,21.158849,79.082035,9,1,1,0,0,0,1,1,1,1,1,1,1,11930000
Bengaluru,Bellandur,560041,Apartment,1681,1386,3,3,2,0,6,7,1,1,Fully Furnished,New,12.927857,77.680191,7,1,1,1,0,0,0,0,1,1,0,1,1,19960000
Hyderabad,Madhapur,500044,Apartment,983,808,2,2,2,0,8,14,1,2,Semi-Furnished,New,17.4526,78.386872,6,0,1,0,1,0,1,1,1,0,0,1,0,11800000
Delhi NCR,Rohini (Delhi),110006,Independent House,940,733,2,2,1,2,0,1,12,1,Unfurnished,Needs Renovation,28.716611,77.101472,4,0,0,0,0,0,0,1,0,1,1,1,0,7480000
Delhi NCR,Dwarka (Delhi),110040,Apartment,1276,1115,2,2,2,2,25,35,2,0,Semi-Furnished,New,28.601412,77.056793,5,0,1,1,0,0,0,0,1,1,0,1,0,18420000
Pune,Hinjewadi,411035,Apartment,1004,841,2,2,2,0,5,14,5,1,Semi-Furnished,Average,18.599318,73.751382,10,1,1,1,1,0,0,1,1,1,1,1,1,6970000
Bengaluru,Hebbal,560005,Independent House,725,612,2,2,2,2,0,2,3,2,Unfurnished,Good,13.046276,77.594785,6,1,1,1,0,0,1,0,1,0,1,0,0,8290000
Kolkata,Garia,700042,Independent House,1625,1343,4,4,4,1,0,2,1,1,Semi-Furnished,New,22.45956,88.378781,6,1,0,0,0,1,1,1,1,0,0,0,1,12860000
Mumbai,Juhu,400003,Apartment,946,817,2,2,3,2,2,18,3,1,Unfurnished,Average,19.107036,72.831005,9,1,1,1,0,0,1,1,1,1,0,1,1,36950000
Nagpur,Sadar,440010,Apartment,1111,882,2,2,2,3,22,22,12,0,Semi-Furnished,Average,21.171589,79.076953,7,1,1,1,0,0,0,0,1,1,1,1,0,8360000
Delhi NCR,Dwarka (Delhi),110032,Independent House,1081,912,2,2,2,2,0,3,5,2,Semi-Furnished,New,28.587881,77.045959,6,0,1,0,1,0,1,1,1,0,1,0,0,16820000
Hyderabad,Jubilee Hills,500042,Independent House,1597,1307,3,3,4,2,0,2,18,2,Fully Furnished,Average,17.417679,78.413018,7,1,1,0,1,0,0,0,1,0,1,1,1,27560000
Hyderabad,HITEC City,500010,Apartment,1578,1261,3,3,3,1,3,10,1,2,Semi-Furnished,New,17.449715,78.390063,5,1,0,1,0,0,0,0,0,1,0,1,1,20780000
Pune,Hadapsar,411034,Apartment,2609,2135,4,4,4,1,25,28,25,1,Semi-Furnished,Average,18.520449,73.928231,10,1,0,1,1,1,1,1,1,1,0,1,1,17190000
Pune,Magarpatta,411030,Apartment,1619,1309,3,3,3,2,1,35,0,1,Semi-Furnished,New,18.521657,73.924727,10,1,1,1,1,0,1,1,1,1,1,1,0,19520000
Delhi NCR,Greater Noida West,110020,Apartment,943,784,2,2,2,2,10,10,0,1,Fully Furnished,New,28.583169,77.445324,7,1,1,1,0,0,0,1,1,1,0,1,0,7210000
Chennai,Velachery,600007,Apartment,1916,1524,3,3,2,0,20,22,0,1,Semi-Furnished,New,12.968496,80.213546,9,1,1,1,0,1,1,0,1,1,0,1,1,21620000
Hyderabad,Manikonda,500022,Apartment,1686,1428,3,3,4,2,17,22,3,1,Semi-Furnished,Good,17.407396,78.391884,7,1,1,0,1,0,1,0,0,1,1,0,1,13870000
Hyderabad,Miyapur,500021,Apartment,752,643,2,2,2,2,18,22,18,1,Semi-Furnished,Average,17.49938,78.350487,7,0,1,1,1,1,0,0,1,1,0,1,0,4000000
Nagpur,Civil Lines,440040,Independent House,3488,2780,5,5,5,0,0,3,0,1,Semi-Furnished,Average,21.147141,79.081843,10,1,1,0,1,1,1,1,1,1,1,1,0,40660000
Mumbai,Thane West,400026,Apartment,681,562,2,2,1,2,2,14,3,2,Unfurnished,Good,19.210841,72.959814,8,1,1,1,0,0,0,1,1,1,1,1,0,9480000
Kolkata,New Town (Action Area 1),700026,Apartment,1081,862,2,2,2,1,21,28,8,1,Semi-Furnished,Average,22.591689,88.475686,7,1,1,1,0,1,0,0,0,0,1,1,1,7260000
Chennai,Porur,600009,Apartment,1601,1310,3,3,3,0,6,22,3,2,Fully Furnished,Needs Renovation,13.033759,80.156597,10,1,1,1,1,1,1,0,1,1,1,1,0,10830000
Kolkata,Rajarhat,700015,Apartment,732,583,2,2,2,3,21,22,1,1,Unfurnished,New,22.610775,88.497742,6,1,0,0,1,0,0,0,1,1,1,1,0,5270000
Bengaluru,Hebbal,560022,Apartment,1664,1379,3,3,2,1,12,22,18,2,Fully Furnished,Needs Renovation,13.038397,77.598144,9,1,1,1,1,0,1,0,1,1,0,1,1,12620000
Nagpur,Khamla,440038,Apartment,903,733,2,2,2,0,4,4,12,2,Semi-Furnished,Average,21.114781,79.073625,12,1,1,1,1,1,1,1,1,1,1,1,1,5720000
Bengaluru,Koramangala,560010,Independent House,1212,954,2,2,2,2,0,3,5,2,Fully Furnished,Needs Renovation,12.93998,77.61881,6,1,1,0,0,1,0,1,1,0,0,0,1,18710000
Bengaluru,Bellandur,560016,Apartment,990,774,2,2,2,2,8,18,1,0,Semi-Furnished,New,12.918487,77.673125,8,1,1,1,0,0,0,1,1,1,0,1,1,11110000
Pune,Hinjewadi,411037,Apartment,4124,3459,5,5,4,3,6,28,12,1,Semi-Furnished,Average,18.574654,73.748547,6,0,1,0,1,0,0,0,1,0,1,1,1,26010000
Mumbai,Navi Mumbai - Vashi,400030,Apartment,436,345,1,1,1,2,2,28,18,2,Semi-Furnished,Good,19.08654,73.004455,6,1,1,1,0,0,0,0,1,1,0,1,0,5940000
Delhi NCR,Sector 62 (Noida),110045,Apartment,1601,1293,3,3,3,2,2,10,0,1,Unfurnished,New,28.643479,77.36647,9,1,1,1,0,1,0,1,1,1,0,1,1,14480000
Nagpur,Trimurti Nagar,440028,Villa,1008,816,2,2,1,1,0,2,0,1,Unfurnished,New,21.127948,79.032765,5,1,0,1,0,0,0,0,1,1,0,0,1,8970000
Chennai,Velachery,600019,Apartment,1983,1717,4,4,4,1,7,22,3,2,Fully Furnished,Average,12.964663,80.219105,7,1,1,1,0,1,0,0,0,1,1,1,0,17540000
Pune,Aundh,411041,Apartment,959,769,2,2,2,2,9,35,5,1,Unfurnished,Good,18.569522,73.804885,7,1,0,1,0,0,0,1,1,1,0,1,1,12390000
Nagpur,Pratap Nagar,440025,Apartment,700,585,2,2,3,2,4,4,5,0,Fully Furnished,Average,21.13053,79.054401,7,1,1,1,1,0,0,0,1,0,1,1,0,4540000
Pune,Hadapsar,411014,Apartment,1413,1159,2,2,1,2,22,28,2,1,Unfurnished,New,18.50839,73.91888,9,1,1,1,0,0,1,1,1,1,0,1,1,12380000
Kolkata,New Town (Action Area 1),700028,Apartment,912,717,2,2,2,2,21,28,25,1,Unfurnished,Average,22.593981,88.472821,5,0,1,1,0,0,0,0,1,1,0,1,0,4800000
Bengaluru,Indiranagar,560031,Apartment,2339,2055,4,4,4,2,6,7,0,1,Semi-Furnished,Good,12.975299,77.62532,9,1,1,1,1,1,0,0,1,1,1,0,1,39880000
Kolkata,Garia,700005,Apartment,803,637,3,3,2,1,1,4,25,2,Semi-Furnished,New,22.46683,88.382166,9,1,1,0,1,0,1,0,1,1,1,1,1,3940000
Pune,Wakad,411007,Independent House,1731,1523,3,3,3,0,0,1,1,1,Unfurnished,Average,18.59111,73.77729,7,1,0,1,1,0,0,1,0,1,0,1,1,15960000
Pune,Kalyani Nagar,411016,Apartment,1841,1577,3,3,2,3,1,28,2,2,Semi-Furnished,New,18.543379,73.896576,11,1,1,0,1,1,1,1,1,1,1,1,1,29240000
Bengaluru,Koramangala,560046,Apartment,875,758,2,2,1,1,6,28,2,0,Unfurnished,New,12.928468,77.620677,7,1,1,1,0,0,1,0,0,0,1,1,1,13540000
Nagpur,Civil Lines,440004,Apartment,720,584,1,1,1,1,10,35,0,1,Semi-Furnished,Good,21.139527,79.069185,8,1,1,1,0,0,1,0,1,1,0,1,1,7670000
Nagpur,Manish Nagar,440013,Villa,1448,1271,3,3,3,1,0,3,18,1,Semi-Furnished,Good,21.101579,79.082805,3,0,0,0,1,0,0,0,1,0,1,0,0,9620000
Bengaluru,Hebbal,560019,Independent House,1051,881,2,2,1,2,0,3,12,1,Fully Furnished,Good,13.036595,77.593877,3,1,0,0,1,0,0,0,1,0,0,0,0,12240000
Bengaluru,Koramangala,560024,Apartment,511,406,1,1,1,0,8,10,1,0,Semi-Furnished,New,12.930311,77.620276,9,1,1,1,0,1,1,0,0,1,1,1,1,9310000
Nagpur,Civil Lines,440045,Apartment,588,491,3,3,3,3,1,10,5,2,Semi-Furnished,Average,21.158165,79.069274,8,1,1,1,0,0,0,0,1,1,1,1,1,4910000
Bengaluru,Sarjapur Road,560043,Villa,1002,837,2,2,1,1,0,1,0,1,Unfurnished,New,12.914106,77.689717,5,1,0,0,0,0,0,1,1,1,0,1,0,10710000
Kolkata,Salt Lake (Sector V),700025,Apartment,1744,1422,3,3,4,3,3,4,3,0,Unfurnished,Average,22.574098,88.435493,9,1,1,1,1,0,1,1,1,1,0,1,0,14400000
Delhi NCR,Sector 150 (Noida),110028,Apartment,488,390,1,1,1,1,5,10,0,0,Unfurnished,New,28.460284,77.474916,6,1,0,1,1,0,0,0,1,1,0,1,0,4460000
Bengaluru,Electronic City,560024,Apartment,1149,960,2,2,1,3,18,35,18,0,Unfurnished,Average,12.8337,77.670164,5,1,1,0,0,0,1,0,1,0,0,1,0,5680000
Hyderabad,Jubilee Hills,500044,Villa,1468,1265,3,3,2,0,0,1,2,2,Fully Furnished,New,17.431442,78.411685,5,1,1,0,0,0,1,0,1,0,0,0,1,37990000
Hyderabad,Miyapur,500040,Apartment,1212,966,3,3,3,3,1,4,2,0,Fully Furnished,New,17.495872,78.376583,9,1,1,1,1,0,0,1,1,1,0,1,1,9290000
Hyderabad,Gachibowli,500046,Apartment,1135,894,2,2,2,1,13,28,0,2,Semi-Furnished,New,17.440408,78.345031,7,1,1,1,1,0,0,0,1,0,1,1,0,13210000
Delhi NCR,Vasant Kunj (Delhi),110015,Apartment,562,479,1,1,1,2,2,4,0,2,Semi-Furnished,New,28.524829,77.166997,6,0,1,1,1,1,0,0,1,1,0,0,0,13060000
Delhi NCR,Indirapuram (Ghaziabad),110034,Apartment,1152,903,2,2,2,0,5,7,1,1,Semi-Furnished,New,28.632282,77.371683,7,1,1,1,0,1,0,0,1,1,0,1,0,9100000
Pune,Kharadi,411012,Apartment,1479,1185,3,3,3,3,25,28,3,1,Semi-Furnished,Good,18.548728,73.940938,8,1,1,0,1,1,0,1,0,1,0,1,1,15190000
Nagpur,Khamla,440042,Apartment,1410,1153,3,3,4,1,1,7,12,2,Semi-Furnished,Average,21.120495,79.041478,9,1,1,1,0,0,1,1,1,1,1,1,0,9100000
Hyderabad,Kondapur,500037,Apartment,550,457,1,1,1,0,7,28,12,1,Semi-Furnished,Needs Renovation,17.4537,78.359065,7,1,1,1,0,1,0,0,1,1,0,0,1,3860000
Hyderabad,Banjara Hills,500022,Villa,935,730,2,2,2,1,0,2,12,2,Unfurnished,Good,17.42353,78.44168,4,1,0,0,0,1,1,0,0,0,0,1,0,18000000
Nagpur,Trimurti Nagar,440005,Apartment,1513,1256,3,3,3,2,3,18,0,1,Semi-Furnished,New,21.117165,79.053204,7,1,0,1,0,1,0,1,1,1,0,1,0,10520000
Hyderabad,Gachibowli,500007,Apartment,973,762,2,2,3,2,1,22,1,3,Semi-Furnished,Good,17.44062,78.355406,7,0,1,1,0,0,1,0,1,1,1,0,1,9980000
Kolkata,Jadavpur,700014,Independent House,960,779,3,3,3,2,0,3,2,0,Semi-Furnished,Good,22.499255,88.37325,8,0,0,0,1,1,1,0,1,1,1,1,1,8740000
Nagpur,Khamla,440035,Apartment,1619,1371,4,4,5,1,4,7,5,1,Semi-Furnished,Average,21.124238,79.076939,7,1,1,1,1,0,0,0,1,0,0,1,1,10020000
Mumbai,Kandivali East,400038,Apartment,729,584,2,2,2,2,2,4,12,1,Unfurnished,Good,19.202944,72.868812,8,0,1,1,1,1,0,1,0,1,0,1,1,10770000
Mumbai,Thane West,400018,Apartment,848,718,2,2,3,2,11,18,1,1,Semi-Furnished,New,19.230742,72.969184,8,1,0,1,0,0,1,1,1,1,1,1,0,13250000
Pune,Kharadi,411030,Apartment,1139,963,2,2,3,2,10,14,5,2,Unfurnished,Average,18.533403,73.933467,9,1,1,1,0,1,1,1,1,1,0,1,0,11560000
Nagpur,Besha,440029,Independent House,947,740,2,2,2,2,0,1,8,1,Semi-Furnished,Average,21.065034,79.090541,6,1,1,1,0,0,1,0,0,1,0,0,1,4940000
Bengaluru,Sarjapur Road,560027,Independent House,2160,1782,4,4,3,0,0,3,0,2,Semi-Furnished,New,12.915598,77.676687,5,1,1,0,1,0,0,1,0,0,1,0,0,26200000
Mumbai,Navi Mumbai - Vashi,400029,Apartment,2192,1723,4,4,3,2,13,35,0,1,Unfurnished,New,19.082914,72.993575,8,1,1,1,0,0,1,1,1,1,0,1,0,38940000
Bengaluru,Sarjapur Road,560023,Apartment,1335,1117,3,3,3,2,15,18,3,1,Semi-Furnished,Good,12.91252,77.677535,6,0,0,1,1,0,1,0,1,1,0,1,0,11890000
Pune,Kharadi,411013,Independent House,1067,885,2,2,2,2,0,3,25,0,Semi-Furnished,Good,18.548051,73.928269,6,1,0,1,0,1,1,0,0,1,1,0,0,8640000
Delhi NCR,Cyber City (Gurugram),110020,Apartment,1576,1352,3,3,3,1,6,35,18,1,Unfurnished,Average,28.489968,77.088559,8,1,0,1,0,1,1,0,0,1,1,1,1,19740000
Mumbai,Powai,400013,Plot,1713,1713,0,0,0,0,0,0,2,0,Unfurnished,Average,19.102261,72.894231,1,0,0,1,0,0,0,0,0,0,0,0,0,29610000
Delhi NCR,Cyber City (Gurugram),110004,Apartment,823,705,2,2,2,3,21,35,3,1,Semi-Furnished,Good,28.503454,77.097234,7,0,1,1,0,1,0,0,1,1,0,1,1,15640000
Nagpur,Wardha Road,440009,Independent House,1261,1085,2,2,2,2,0,2,8,2,Fully Furnished,Good,21.079335,79.075191,3,1,0,0,0,0,1,0,1,0,0,0,0,8150000
Nagpur,Khamla,440042,Villa,1369,1172,2,2,2,3,0,2,3,1,Semi-Furnished,Good,21.130869,79.058095,7,1,1,0,1,0,0,0,1,0,1,1,1,12800000
Pune,Hadapsar,411025,Apartment,1182,978,2,2,2,1,9,14,12,0,Fully Furnished,Good,18.507723,73.920647,7,1,1,1,0,0,0,0,1,1,1,1,0,10070000
Bengaluru,Electronic City,560017,Apartment,963,800,2,2,3,0,4,4,18,0,Semi-Furnished,Needs Renovation,12.841364,77.670326,6,1,0,1,0,0,0,1,1,1,0,0,1,3970000
Pune,Kharadi,411020,Apartment,990,798,2,2,1,1,3,7,1,1,Semi-Furnished,New,18.55884,73.933294,8,1,1,1,0,1,1,0,0,1,1,0,1,11320000
Nagpur,Khamla,440020,Apartment,1222,990,3,3,3,1,19,22,3,2,Unfurnished,Good,21.106562,79.057462,6,1,0,1,0,1,0,1,0,1,0,1,0,8460000
Mumbai,Juhu,400037,Apartment,1594,1263,3,3,3,2,14,35,0,1,Unfurnished,New,19.1013,72.837245,9,1,1,1,0,1,1,0,1,1,1,1,0,80110000
Bengaluru,Yelahanka,560008,Apartment,1390,1120,3,3,2,2,3,35,1,2,Semi-Furnished,New,13.110698,77.587848,6,0,1,1,1,0,1,1,0,0,0,1,0,12300000
Nagpur,Trimurti Nagar,440018,Apartment,1129,953,2,2,1,1,9,14,3,1,Fully Furnished,Good,21.124907,79.038875,6,1,1,0,0,1,0,0,1,1,0,1,0,7280000
Hyderabad,Banjara Hills,500038,Apartment,840,720,2,2,1,1,6,10,8,2,Semi-Furnished,Good,17.410593,78.427874,7,1,1,0,1,0,1,0,0,1,1,1,0,14170000
Hyderabad,Kondapur,500004,Apartment,878,725,2,2,1,3,17,18,3,2,Semi-Furnished,New,17.463303,78.34933,9,1,1,1,1,0,0,0,1,1,1,1,1,9100000
Kolkata,Rajarhat,700046,Independent House,1141,911,2,2,1,2,0,3,1,2,Unfurnished,Good,22.614712,88.48588,7,1,1,1,0,0,1,0,1,1,1,0,0,8260000
Hyderabad,Uppal,500006,Apartment,615,487,1,1,1,0,11,14,1,1,Unfurnished,Good,17.40545,78.535843,7,1,1,0,0,1,1,0,1,1,0,1,0,4000000
Mumbai,Thane West,400043,Independent House,1195,1041,2,2,2,0,0,1,8,0,Unfurnished,Good,19.209899,72.970322,8,1,0,1,0,0,1,0,1,1,1,1,1,18090000
Delhi NCR,Sector 62 (Noida),110019,Apartment,820,671,2,2,2,2,10,18,0,2,Unfurnished,New,28.628791,77.346428,7,1,1,1,1,0,0,0,1,1,0,1,0,7330000
Mumbai,Andheri West,400025,Apartment,1213,967,2,2,2,2,32,35,0,1,Unfurnished,New,19.128874,72.837647,4,0,0,1,0,1,0,0,1,0,0,1,0,35470000
Pune,Baner,411013,Apartment,944,759,3,3,3,2,9,28,1,0,Semi-Furnished,New,18.564083,73.785859,7,1,1,1,0,0,0,1,1,0,0,1,1,11080000
Pune,Baner,411015,Apartment,991,834,2,2,2,2,3,4,8,1,Unfurnished,Needs Renovation,18.562797,73.792461,9,1,1,1,0,0,1,1,0,1,1,1,1,8390000
Nagpur,Khamla,440043,Apartment,1019,860,2,2,1,2,8,14,3,2,Unfurnished,Average,21.103995,79.054211,8,1,0,1,1,0,1,0,1,1,1,1,0,7390000
Bengaluru,JP Nagar,560004,Independent House,1073,880,2,2,3,2,0,2,3,1,Semi-Furnished,New,12.925254,77.596863,6,1,0,0,0,0,1,1,1,0,1,0,1,13820000
Pune,Baner,411007,Apartment,1001,799,2,2,2,1,21,22,0,0,Fully Furnished,Good,18.558707,73.772898,8,1,1,1,1,1,0,0,1,1,0,1,0,13090000
Delhi NCR,Sector 62 (Noida),110010,Apartment,1157,1002,2,2,1,3,24,28,12,1,Semi-Furnished,Needs Renovation,28.622203,77.365296,7,1,1,1,1,0,0,0,0,1,1,1,0,8290000
Mumbai,Bandra West,400024,Villa,794,651,2,2,2,2,0,3,0,1,Unfurnished,Good,19.05599,72.821357,2,1,1,0,0,0,0,0,0,0,0,0,0,43590000
Delhi NCR,Rohini (Delhi),110036,Apartment,729,630,2,2,3,1,7,7,3,1,Semi-Furnished,New,28.702796,77.121356,10,1,1,1,0,1,1,1,1,1,1,0,1,7980000
Hyderabad,Miyapur,500035,Apartment,1431,1140,3,3,2,3,5,7,2,1,Unfurnished,Good,17.492777,78.370831,8,1,1,1,1,1,0,1,1,0,0,1,0,9840000
Nagpur,Khamla,440003,Apartment,1617,1362,3,3,2,2,9,22,12,1,Semi-Furnished,Average,21.117449,79.056152,7,1,1,1,0,1,0,0,0,1,1,0,1,8950000
Nagpur,Civil Lines,440024,Apartment,2834,2483,4,4,3,2,12,35,3,0,Unfurnished,Good,21.148923,79.074309,8,1,1,1,1,1,0,0,1,0,1,1,0,27690000
Pune,Hinjewadi,411019,Villa,855,704,2,2,2,2,0,1,0,1,Semi-Furnished,New,18.599604,73.745014,8,1,1,1,1,0,1,1,1,0,0,0,1,10940000
Bengaluru,Sarjapur Road,560045,Apartment,869,680,2,2,2,3,6,10,3,3,Fully Furnished,Good,12.900013,77.680956,9,1,1,0,1,1,1,1,1,1,0,1,0,9080000
Hyderabad,Madhapur,500008,Villa,959,768,2,2,2,2,0,1,1,2,Unfurnished,Good,17.445152,78.376226,7,1,1,0,1,0,1,0,1,1,0,1,0,13830000
Delhi NCR,Cyber City (Gurugram),110004,Independent House,1897,1551,3,3,3,1,0,3,3,1,Semi-Furnished,New,28.498714,77.094373,8,1,1,1,1,0,1,1,1,0,0,1,0,41550000
Chennai,Besant Nagar,600008,Apartment,1017,850,2,2,3,2,17,22,5,1,Semi-Furnished,Good,13.007653,80.269863,7,1,1,1,0,0,1,0,1,1,0,0,1,17710000
Nagpur,Civil Lines,440012,Apartment,813,709,2,2,2,2,6,14,0,1,Semi-Furnished,New,21.153008,79.071513,9,1,1,1,0,0,1,0,1,1,1,1,1,8730000
Pune,Hadapsar,411044,Independent House,1003,841,2,2,2,2,0,2,0,1,Semi-Furnished,New,18.512413,73.932565,6,0,1,1,0,0,0,1,1,1,1,0,0,11360000
Hyderabad,Madhapur,500027,Apartment,588,485,1,1,1,2,8,14,0,1,Semi-Furnished,Good,17.437838,78.388739,9,1,1,1,0,0,1,0,1,1,1,1,1,6990000
Nagpur,Pratap Nagar,440039,Independent House,1406,1180,4,4,3,1,0,3,12,1,Semi-Furnished,Good,21.132109,79.050139,5,0,0,0,1,1,0,0,1,1,0,0,1,10640000
Nagpur,Trimurti Nagar,440017,Apartment,1183,951,2,2,2,2,6,10,1,1,Semi-Furnished,Good,21.112959,79.043592,6,0,1,1,0,0,1,1,0,1,0,1,0,8220000
Pune,Kothrud,411005,Apartment,1353,1154,3,3,3,2,2,4,8,1,Unfurnished,Average,18.501222,73.821025,9,1,1,1,0,1,1,0,1,0,1,1,1,13480000
Nagpur,Ramdaspeth,440016,Independent House,1069,855,2,2,2,1,0,3,2,2,Semi-Furnished,Good,21.1202,79.08484,7,1,0,1,1,0,1,0,1,0,1,1,0,13340000
Bengaluru,Whitefield,560041,Independent House,3256,2624,5,5,5,0,0,2,2,1,Fully Furnished,New,12.967984,77.7532,5,1,0,0,0,0,0,1,1,0,1,0,1,44400000
Delhi NCR,Indirapuram (Ghaziabad),110032,Apartment,955,802,3,3,4,1,1,4,3,0,Unfurnished,Good,28.646256,77.367707,11,1,1,1,1,1,0,1,1,1,1,1,1,6830000
Mumbai,Andheri East,400020,Apartment,907,712,2,2,2,2,6,10,0,1,Semi-Furnished,Good,19.110173,72.869616,8,1,0,1,0,1,0,0,1,1,1,1,1,18710000
Delhi NCR,Greater Noida West,110038,Villa,1125,878,2,2,3,3,0,3,5,1,Semi-Furnished,Average,28.575647,77.439318,6,1,0,0,0,0,0,1,1,0,1,1,1,8300000
Nagpur,Dharampeth,440028,Apartment,2525,2206,5,5,5,2,4,4,2,1,Fully Furnished,New,21.146019,79.048244,4,0,1,1,0,0,0,1,1,0,0,0,0,25320000
Bengaluru,Sarjapur Road,560019,Apartment,706,591,2,2,2,3,10,18,3,2,Semi-Furnished,Average,12.91399,77.677605,10,1,1,1,1,0,0,1,1,1,1,1,1,6330000
Hyderabad,Kondapur,500037,Apartment,1000,861,2,2,2,2,2,10,8,2,Unfurnished,Good,17.46372,78.357336,9,1,0,1,1,1,1,1,1,1,1,0,0,7870000
Pune,Kalyani Nagar,411016,Independent House,1057,856,2,2,3,1,0,1,1,2,Unfurnished,New,18.560419,73.925638,4,1,0,0,0,0,1,0,1,0,0,1,0,17050000
Chennai,Velachery,600018,Independent House,1084,939,2,2,1,2,0,2,1,2,Semi-Furnished,Good,12.967255,80.230022,5,1,1,0,0,0,1,0,1,0,1,0,0,12510000
Pune,Kalyani Nagar,411014,Independent House,867,686,2,2,2,2,0,2,3,1,Semi-Furnished,New,18.556197,73.901264,5,1,0,0,0,1,0,0,1,0,1,0,1,14220000
Mumbai,Kandivali East,400026,Plot,1254,1254,0,0,0,0,0,0,1,0,Unfurnished,Average,19.210003,72.860193,2,0,0,1,0,0,0,0,0,0,0,1,0,16880000
Nagpur,Dharampeth,440040,Apartment,469,397,1,1,1,2,8,14,2,1,Semi-Furnished,New,21.136,79.053422,6,1,1,1,0,0,0,0,0,1,1,1,0,4850000
Pune,Kothrud,411018,Apartment,844,741,2,2,3,2,15,28,8,1,Semi-Furnished,Good,18.496616,73.802855,6,1,1,0,0,0,0,0,1,1,0,1,1,10030000
Nagpur,Dharampeth,440028,Apartment,748,617,2,2,2,2,2,14,1,2,Semi-Furnished,Good,21.135187,79.07759,9,1,1,1,0,0,1,1,0,1,1,1,1,7000000
Delhi NCR,Golf Course Road (Gurugram),110024,Apartment,546,447,1,1,1,2,3,4,2,1,Unfurnished,New,28.456562,77.091029,8,1,1,1,1,0,1,0,1,1,0,0,1,11330000
Bengaluru,Bellandur,560029,Apartment,678,563,1,1,2,3,8,28,3,1,Fully Furnished,Good,12.923552,77.666308,9,1,1,1,1,0,1,0,1,1,1,1,0,8280000
Pune,Wakad,411014,Plot,2202,2202,0,0,0,0,0,0,4,0,Unfurnished,Average,18.597937,73.782643,1,0,0,0,0,0,0,0,0,0,0,1,0,12680000
Bengaluru,Bellandur,560038,Independent House,983,779,2,2,2,0,0,3,1,1,Semi-Furnished,New,12.941349,77.673374,5,1,0,1,0,0,1,0,1,0,0,0,1,12310000
Hyderabad,Kondapur,500031,Apartment,610,504,1,1,1,2,4,4,2,1,Unfurnished,Average,17.46543,78.355303,7,1,1,1,0,0,0,0,1,1,0,1,1,4930000
Pune,Wakad,411009,Apartment,842,663,2,2,3,0,21,35,3,1,Semi-Furnished,Good,18.608531,73.772489,7,0,0,1,0,1,1,0,1,0,1,1,1,8250000
Hyderabad,HITEC City,500022,Apartment,1088,938,2,2,2,2,2,4,0,1,Semi-Furnished,New,17.441385,78.371006,6,1,1,1,0,0,1,0,0,1,0,1,0,13240000
Mumbai,Navi Mumbai - Vashi,400004,Apartment,1400,1159,3,3,2,2,23,35,5,1,Fully Furnished,Good,19.068626,72.994598,8,1,1,1,0,1,0,0,1,1,0,1,1,24280000
Mumbai,Juhu,400042,Apartment,1935,1517,3,3,3,2,2,7,2,0,Semi-Furnished,Good,19.085309,72.824863,9,1,1,1,1,1,0,1,0,0,1,1,1,89870000
Kolkata,New Town (Action Area 1),700045,Apartment,1430,1193,3,3,3,1,8,35,8,2,Unfurnished,Average,22.601027,88.472799,6,1,1,1,0,0,0,0,1,0,1,1,0,8960000
Nagpur,Manish Nagar,440045,Apartment,1252,1046,4,4,3,2,9,14,12,3,Semi-Furnished,Needs Renovation,21.092744,79.077195,6,0,1,1,0,1,0,1,1,1,0,0,0,6050000
Mumbai,Juhu,400003,Villa,864,695,2,2,2,0,0,2,18,1,Unfurnished,Average,19.121459,72.845539,7,1,1,0,0,1,1,0,1,1,1,0,0,34810000
Hyderabad,Uppal,500044,Apartment,1282,1030,3,3,3,0,20,28,1,1,Semi-Furnished,Good,17.392382,78.563948,6,0,1,0,1,1,0,1,1,0,0,0,1,9190000
Nagpur,Ramdaspeth,440037,Independent House,1337,1119,3,3,4,0,0,3,0,2,Semi-Furnished,New,21.116168,79.08076,7,1,1,1,0,1,0,0,1,0,1,1,0,17960000
Delhi NCR,Vasant Kunj (Delhi),110017,Apartment,414,355,1,1,1,1,4,22,8,1,Fully Furnished,New,28.521412,77.15961,7,1,1,1,0,0,0,1,1,1,0,1,0,9390000
Bengaluru,Indiranagar,560005,Plot,1655,1655,0,0,0,0,0,0,1,0,Unfurnished,Average,12.972074,77.648927,0,0,0,0,0,0,0,0,0,0,0,0,0,19110000
Mumbai,Navi Mumbai - Vashi,400024,Apartment,1025,860,3,3,2,2,12,35,8,1,Fully Furnished,Average,19.060704,73.008687,8,1,1,1,0,1,0,0,0,1,1,1,1,16130000
Nagpur,Khamla,440040,Apartment,1422,1149,3,3,3,1,8,10,0,2,Unfurnished,New,21.111478,79.053768,9,0,1,1,0,1,1,1,1,1,1,0,1,10170000
Nagpur,Trimurti Nagar,440022,Apartment,876,749,2,2,2,3,7,22,2,1,Semi-Furnished,New,21.101039,79.033111,6,1,1,1,0,1,0,0,0,0,1,1,0,6360000
Hyderabad,Miyapur,500041,Independent House,1054,863,2,2,3,2,0,1,3,2,Semi-Furnished,Good,17.496481,78.367759,7,1,1,0,1,0,0,0,1,0,1,1,1,8860000
Bengaluru,Bellandur,560013,Apartment,1666,1439,3,3,2,2,14,28,5,1,Unfurnished,Good,12.929764,77.676295,8,0,1,1,0,1,1,1,1,1,0,1,0,15720000
Pune,Baner,411044,Apartment,1586,1329,3,3,3,0,2,4,5,1,Semi-Furnished,Good,18.572438,73.789537,7,0,1,0,1,1,0,0,1,1,0,1,1,18030000
Nagpur,Trimurti Nagar,440011,Villa,689,552,2,2,2,0,0,2,3,2,Semi-Furnished,Average,21.108767,79.045842,4,1,0,0,0,0,1,0,1,1,0,0,0,5860000
Mumbai,Navi Mumbai - Vashi,400045,Apartment,1174,980,2,2,2,1,1,4,2,1,Semi-Furnished,New,19.076976,72.991656,7,1,1,0,0,1,0,0,1,1,0,1,1,19090000
Kolkata,Ballygunge,700034,Apartment,687,540,2,2,1,0,18,35,8,1,Semi-Furnished,Average,22.518971,88.37278,7,1,0,0,0,0,1,1,1,1,0,1,1,9430000
Mumbai,Thane West,400003,Apartment,1491,1211,3,3,4,0,12,35,0,1,Unfurnished,Average,19.204531,72.975233,8,1,1,1,1,1,1,1,0,1,0,0,0,20040000
Kolkata,Garia,700041,Apartment,2544,2038,4,4,5,0,4,18,2,0,Fully Furnished,New,22.45933,88.381314,9,0,1,1,1,0,1,0,1,1,1,1,1,17290000
Delhi NCR,Sohna Road (Gurugram),110039,Apartment,1238,1048,3,3,2,2,19,28,12,1,Semi-Furnished,Good,28.40687,77.036122,9,1,1,1,1,1,1,0,1,1,0,0,1,10460000
Hyderabad,Kukatpally,500035,Apartment,581,504,2,2,3,2,9,18,3,2,Semi-Furnished,Good,17.494554,78.395105,6,1,1,1,0,0,1,0,1,0,0,0,1,4520000
Nagpur,Dharampeth,440041,Apartment,1153,1007,2,2,3,0,22,22,1,0,Unfurnished,New,21.149738,79.060474,7,1,1,1,0,0,1,0,0,1,1,1,0,12120000
Hyderabad,Manikonda,500004,Independent House,1063,834,2,2,2,2,0,3,3,0,Fully Furnished,Good,17.397617,78.381086,5,1,0,0,0,1,1,0,0,1,0,0,1,11030000
Delhi NCR,Sohna Road (Gurugram),110005,Apartment,1017,823,2,2,1,1,9,10,0,2,Semi-Furnished,Good,28.396358,77.035228,8,1,1,1,0,0,0,1,1,1,1,1,0,10610000
Delhi NCR,Vasant Kunj (Delhi),110030,Apartment,820,659,2,2,1,3,4,14,1,0,Semi-Furnished,New,28.519184,77.167576,7,1,1,0,0,0,0,0,1,1,1,1,1,18120000
Nagpur,Manish Nagar,440018,Apartment,415,324,1,1,1,1,5,10,8,1,Semi-Furnished,Good,21.08268,79.091354,8,1,1,1,1,0,1,0,0,1,0,1,1,2680000
Chennai,T Nagar,600021,Apartment,1367,1077,3,3,3,1,10,10,8,1,Fully Furnished,Average,13.037727,80.237983,8,1,1,0,0,0,1,1,1,1,0,1,1,21350000
Kolkata,Garia,700027,Apartment,1477,1291,3,3,4,2,1,18,8,1,Fully Furnished,Good,22.45815,88.382819,10,1,1,1,1,1,1,1,1,1,0,1,0,8630000
Mumbai,Powai,400030,Villa,1958,1573,4,4,4,1,0,2,0,2,Semi-Furnished,New,19.117209,72.907884,7,0,1,0,0,0,1,1,1,1,1,0,1,55480000
Hyderabad,Madhapur,500015,Apartment,811,711,2,2,2,1,6,10,25,0,Unfurnished,Average,17.445167,78.40354,8,1,1,1,0,1,0,0,0,1,1,1,1,5570000
Delhi NCR,Golf Course Road (Gurugram),110013,Villa,596,478,1,1,2,2,0,1,12,1,Semi-Furnished,Average,28.47146,77.083896,7,1,0,1,0,1,1,0,1,0,1,1,0,13380000
Kolkata,New Town (Action Area 1),700010,Apartment,496,389,1,1,1,2,6,7,3,2,Semi-Furnished,Good,22.590963,88.465575,9,1,1,1,1,1,0,0,1,1,0,1,1,4000000
Delhi NCR,Golf Course Road (Gurugram),110004,Apartment,1415,1147,2,2,2,2,13,14,0,1,Semi-Furnished,New,28.466256,77.103214,7,1,1,1,1,0,0,0,1,1,0,1,0,32830000
Delhi NCR,Indirapuram (Ghaziabad),110025,Apartment,995,795,3,3,4,2,4,7,0,1,Unfurnished,New,28.64316,77.383583,7,0,1,0,1,1,1,0,1,1,0,1,0,7440000
Bengaluru,Yelahanka,560015,Villa,1115,903,2,2,1,1,0,1,0,3,Fully Furnished,New,13.106335,77.611116,6,1,1,1,0,0,0,0,1,0,1,1,0,13520000
Nagpur,Trimurti Nagar,440003,Apartment,762,621,2,2,2,1,13,28,12,2,Fully Furnished,Good,21.115107,79.050485,10,1,1,1,1,0,1,0,1,1,1,1,1,5050000
Kolkata,Salt Lake (Sector V),700008,Apartment,878,736,3,3,3,3,8,18,12,1,Semi-Furnished,Average,22.580715,88.426459,5,0,1,1,0,0,0,0,1,1,1,0,0,6650000
Mumbai,Andheri West,400045,Apartment,1111,958,2,2,2,3,6,10,0,1,Semi-Furnished,New,19.131879,72.812716,7,0,0,1,1,0,1,1,1,1,0,1,0,35740000
Pune,Hinjewadi,411018,Apartment,779,636,2,2,3,2,16,18,8,1,Unfurnished,Good,18.582828,73.74773,4,0,0,1,0,1,0,0,0,1,0,1,0,5560000
Pune,Aundh,411011,Villa,1384,1205,3,3,3,2,0,2,2,0,Semi-Furnished,New,18.566462,73.817369,5,1,0,0,0,1,1,0,1,1,0,0,0,24120000
Pune,Magarpatta,411040,Apartment,738,621,1,1,1,2,6,35,18,1,Semi-Furnished,Average,18.498714,73.933278,7,1,0,1,0,0,1,1,1,1,0,1,0,5800000
Pune,Baner,411043,Apartment,1745,1361,3,3,3,2,5,10,1,1,Semi-Furnished,Good,18.560136,73.781417,6,1,0,1,1,0,1,0,1,1,0,0,0,19920000
Chennai,Velachery,600046,Apartment,1102,888,2,2,3,2,31,35,1,1,Unfurnished,New,12.986635,80.209762,8,0,1,1,1,0,0,0,1,1,1,1,1,11430000
Delhi NCR,Vasant Kunj (Delhi),110020,Apartment,1398,1122,3,3,4,3,6,10,5,0,Semi-Furnished,Good,28.51967,77.161998,8,1,1,1,0,0,1,1,0,1,1,0,1,26510000
Pune,Baner,411004,Apartment,1484,1189,3,3,3,3,6,22,12,0,Unfurnished,Good,18.55668,73.780092,7,0,0,1,0,1,1,0,1,1,1,1,0,13080000
Bengaluru,HSR Layout,560035,Apartment,913,785,2,2,1,1,10,18,1,2,Semi-Furnished,New,12.883291,77.63899,8,1,1,1,1,1,1,0,0,1,0,1,0,12420000
Delhi NCR,Sector 150 (Noida),110024,Apartment,2301,1967,4,4,5,1,1,14,18,1,Semi-Furnished,Good,28.448556,77.476279,9,1,1,1,0,1,0,1,0,1,1,1,1,20000000
Bengaluru,Hebbal,560023,Apartment,2475,2088,4,4,3,1,4,4,12,2,Semi-Furnished,Good,13.043018,77.593001,8,1,1,1,1,1,0,0,1,0,0,1,1,24000000
Delhi NCR,Vasant Kunj (Delhi),110038,Apartment,910,778,2,2,1,1,2,4,0,0,Semi-Furnished,New,28.518431,77.159277,4,1,0,1,0,0,1,0,0,1,0,0,0,19420000
Mumbai,Juhu,400010,Independent House,735,618,1,1,2,3,0,2,12,2,Unfurnished,Needs Renovation,19.106219,72.831247,7,1,1,1,0,0,1,0,1,0,1,0,1,26530000
Chennai,Porur,600011,Apartment,1126,885,2,2,3,3,2,10,12,0,Semi-Furnished,Average,13.026929,80.160059,5,1,1,1,0,0,0,0,0,1,0,1,0,6730000
Chennai,Sholinganallur,600011,Apartment,673,591,1,1,2,2,1,22,0,0,Semi-Furnished,Good,12.892094,80.222644,7,1,1,1,1,0,0,1,1,0,0,0,1,5410000
Nagpur,Dharampeth,440016,Independent House,1208,955,3,3,3,1,0,1,3,1,Fully Furnished,Average,21.142002,79.073307,5,1,1,0,1,0,0,0,1,1,0,0,0,12570000
Nagpur,Trimurti Nagar,440018,Villa,825,690,2,2,3,3,0,1,0,1,Semi-Furnished,New,21.110979,79.041662,5,1,0,0,0,0,0,1,1,1,1,0,0,7570000
Kolkata,Ballygunge,700031,Apartment,1337,1104,3,3,3,3,15,22,18,1,Fully Furnished,Average,22.530666,88.375393,7,1,1,1,1,0,0,1,0,1,1,0,0,16720000
Hyderabad,Kukatpally,500033,Plot,1852,1852,0,0,0,0,0,0,5,0,Unfurnished,Average,17.489087,78.409027,1,0,0,0,0,0,0,0,0,0,0,1,0,10130000
Delhi NCR,Indirapuram (Ghaziabad),110015,Independent House,738,621,2,2,3,2,0,2,3,1,Semi-Furnished,Good,28.638624,77.386505,6,1,1,1,0,0,0,0,1,0,1,0,1,6440000
Mumbai,Borivali West,400037,Apartment,2104,1728,4,4,4,2,13,22,8,3,Semi-Furnished,Good,19.243798,72.845249,6,0,1,1,0,0,1,0,1,1,0,1,0,36080000
Nagpur,Civil Lines,440031,Apartment,992,840,3,3,4,1,3,7,2,0,Fully Furnished,Good,21.157981,79.070332,10,1,1,1,1,0,0,1,1,1,1,1,1,11320000
Delhi NCR,Dwarka (Delhi),110016,Apartment,1461,1205,3,3,2,3,10,14,3,0,Fully Furnished,Average,28.588867,77.046014,10,1,1,1,0,1,1,0,1,1,1,1,1,19820000
Nagpur,Ramdaspeth,440005,Apartment,664,555,2,2,1,3,13,22,0,1,Semi-Furnished,New,21.156883,79.079559,10,0,1,1,1,1,1,0,1,1,1,1,1,7950000
Pune,Wakad,411006,Independent House,1055,834,2,2,3,1,0,2,8,2,Semi-Furnished,Average,18.604375,73.767676,4,1,1,0,0,0,0,0,1,1,0,0,0,9230000
Pune,Viman Nagar,411036,Independent House,1052,857,2,2,2,2,0,1,1,1,Unfurnished,Good,18.570986,73.907821,5,1,0,1,0,0,0,1,1,0,1,0,0,14350000
Mumbai,Juhu,400010,Apartment,1473,1152,3,3,2,2,2,10,0,1,Semi-Furnished,New,19.113339,72.837435,10,0,1,1,1,1,1,0,1,1,1,1,1,69800000
Kolkata,Alipore,700015,Apartment,1479,1290,3,3,3,2,8,22,5,0,Semi-Furnished,Good,22.53748,88.324201,9,1,1,1,1,1,0,0,1,1,1,1,0,27360000
Nagpur,Besha,440033,Apartment,971,854,2,2,3,1,2,7,5,0,Semi-Furnished,Good,21.066352,79.109541,8,1,1,1,0,0,0,0,1,1,1,1,1,4520000
Delhi NCR,Vasant Kunj (Delhi),110014,Apartment,1609,1399,4,4,4,2,6,14,5,1,Unfurnished,New,28.530514,77.161706,8,1,1,1,0,0,1,1,0,1,1,1,0,32010000
Delhi NCR,Dwarka (Delhi),110041,Apartment,1053,877,2,2,2,0,22,28,5,1,Semi-Furnished,Good,28.603843,77.045758,7,1,1,1,0,0,1,0,1,0,0,1,1,15730000
Bengaluru,Whitefield,560035,Plot,3038,3038,0,0,0,0,0,0,2,0,Unfurnished,Average,12.956008,77.755551,2,0,0,1,0,0,0,0,0,0,0,1,0,22300000
Pune,Viman Nagar,411016,Apartment,1102,959,2,2,2,2,7,7,0,1,Semi-Furnished,New,18.566265,73.911976,9,1,1,1,0,1,1,0,1,1,1,0,1,14930000
Hyderabad,HITEC City,500031,Apartment,1605,1383,3,3,3,0,4,7,2,1,Fully Furnished,Good,17.44832,78.38552,8,1,1,1,0,1,0,1,1,0,1,0,1,19720000
Hyderabad,Madhapur,500014,Independent House,1342,1170,3,3,4,3,0,2,0,2,Fully Furnished,Good,17.44078,78.388411,4,1,0,0,0,1,1,0,0,1,0,0,0,19330000
Nagpur,Sadar,440041,Independent House,968,798,2,2,3,3,0,1,0,2,Fully Furnished,New,21.183855,79.083547,5,1,1,0,0,0,0,1,0,0,1,0,1,11490000
Pune,Kharadi,411037,Independent House,1426,1183,3,3,3,3,0,2,8,1,Semi-Furnished,Good,18.546498,73.934637,6,1,0,0,1,0,1,0,1,0,1,1,0,15810000
Hyderabad,Jubilee Hills,500002,Apartment,969,841,2,2,1,3,9,14,0,1,Semi-Furnished,New,17.425552,78.399899,6,1,1,1,0,0,0,0,0,1,0,1,1,19280000
Nagpur,Pratap Nagar,440027,Villa,962,821,2,2,2,3,0,2,0,0,Semi-Furnished,Good,21.130549,79.038276,6,1,1,1,0,0,0,0,1,0,1,1,0,9420000
Delhi NCR,Greater Noida West,110044,Independent House,595,476,1,1,2,2,0,1,8,2,Semi-Furnished,Good,28.57533,77.428331,7,1,1,1,0,0,0,0,1,0,1,1,1,4120000
Pune,Baner,411014,Villa,1799,1515,4,4,4,3,0,2,1,1,Semi-Furnished,New,18.560535,73.785516,5,1,0,1,0,0,0,0,0,1,1,0,1,26890000
Mumbai,Bandra West,400034,Independent House,1023,831,2,2,3,0,0,2,1,1,Semi-Furnished,New,19.073385,72.842614,5,1,0,1,0,0,1,0,1,1,0,0,0,53540000
Bengaluru,Hebbal,560007,Villa,1048,840,2,2,1,2,0,1,0,0,Semi-Furnished,New,13.034376,77.598241,3,1,0,0,0,0,0,0,1,0,0,1,0,15220000
Mumbai,Andheri West,400040,Apartment,1429,1175,3,3,3,2,1,7,8,2,Unfurnished,Good,19.137511,72.823068,4,0,1,1,0,1,0,0,0,0,0,1,0,30890000
Mumbai,Thane West,400034,Apartment,1286,1007,3,3,4,2,4,18,5,3,Semi-Furnished,Good,19.220174,72.982892,9,1,1,1,1,1,0,0,1,0,1,1,1,20220000
Mumbai,Andheri West,400034,Villa,865,681,2,2,2,1,0,1,0,1,Semi-Furnished,New,19.138571,72.8354,4,1,0,0,1,0,0,0,1,0,0,0,1,34180000
Bengaluru,Hebbal,560043,Apartment,2077,1640,4,4,5,0,6,35,12,0,Fully Furnished,Average,13.034033,77.598529,7,1,1,0,1,1,0,0,0,1,0,1,1,18770000
Kolkata,Garia,700018,Independent House,2026,1684,4,4,4,3,0,3,2,1,Semi-Furnished,Average,22.469957,88.395136,4,0,0,1,1,1,0,0,1,0,0,0,0,12290000
Nagpur,Wardha Road,440045,Independent House,602,520,1,1,2,3,0,2,25,1,Semi-Furnished,Needs Renovation,21.073403,79.075628,4,1,1,0,1,0,0,0,1,0,0,0,0,2500000
Bengaluru,JP Nagar,560014,Apartment,902,743,2,2,2,2,18,28,0,1,Semi-Furnished,New,12.903406,77.585197,7,1,1,1,0,0,0,0,1,1,1,0,1,10750000
Chennai,Velachery,600017,Independent House,1062,847,2,2,2,2,0,1,25,0,Semi-Furnished,Good,12.978338,80.230744,6,0,1,0,1,1,1,0,1,0,1,0,0,9120000
Mumbai,Borivali West,400004,Apartment,1175,931,3,3,3,1,15,18,3,2,Fully Furnished,Good,19.231258,72.851495,6,0,1,1,1,0,0,0,0,1,0,1,1,24430000
Delhi NCR,Vasant Kunj (Delhi),110042,Apartment,2856,2485,4,4,4,1,3,22,5,3,Semi-Furnished,Good,28.517539,77.158882,8,1,1,1,1,1,0,0,1,1,0,1,0,60660000
Pune,Magarpatta,411038,Apartment,778,610,2,2,1,2,16,22,2,2,Semi-Furnished,New,18.508959,73.917552,7,0,1,1,0,1,0,0,1,1,0,1,1,9030000
Bengaluru,HSR Layout,560046,Independent House,681,580,3,3,2,3,0,2,2,1,Semi-Furnished,New,12.916457,77.661034,7,1,1,0,0,0,1,1,1,0,0,1,1,10680000
Kolkata,New Town (Action Area 1),700039,Apartment,707,614,2,2,1,3,14,18,1,1,Semi-Furnished,New,22.589858,88.468329,7,0,1,1,0,0,0,0,1,1,1,1,1,5910000
Mumbai,Thane West,400016,Apartment,2425,1980,4,4,5,1,8,14,18,1,Semi-Furnished,Good,19.224782,72.968856,6,0,1,1,0,0,1,0,1,0,1,1,0,30630000
Mumbai,Andheri East,400011,Apartment,1211,964,2,2,1,2,2,7,2,2,Semi-Furnished,New,19.12882,72.892622,6,0,1,1,0,0,0,0,1,1,1,0,1,25200000
Delhi NCR,Sector 150 (Noida),110042,Apartment,1432,1125,2,2,2,0,9,10,18,0,Unfurnished,Good,28.452166,77.47326,7,0,1,1,0,1,1,0,1,1,0,1,0,11150000
Mumbai,Goregaon West,400011,Independent House,850,700,2,2,2,2,0,3,2,1,Semi-Furnished,Good,19.167792,72.830139,6,1,0,1,0,0,1,0,1,0,0,1,1,20640000
Mumbai,Bandra West,400027,Apartment,1723,1470,3,3,3,3,15,35,2,0,Semi-Furnished,New,19.059144,72.830633,5,0,1,0,1,0,0,0,1,0,0,1,1,89290000
Bengaluru,Whitefield,560034,Apartment,1695,1398,3,3,3,0,1,7,2,1,Semi-Furnished,Good,12.956558,77.754676,5,0,0,1,1,0,1,0,0,1,0,1,0,15500000
Chennai,Velachery,600015,Apartment,978,778,2,2,3,2,4,4,1,1,Unfurnished,New,12.98998,80.208447,6,1,0,1,0,0,1,0,0,1,0,1,1,8830000
Mumbai,Juhu,400002,Apartment,619,511,2,2,2,3,5,10,8,1,Semi-Furnished,Average,19.103107,72.836943,6,0,1,1,1,0,0,0,1,1,0,1,0,22530000
Nagpur,Trimurti Nagar,440016,Independent House,1593,1391,4,4,5,3,0,3,3,2,Fully Furnished,Good,21.114115,79.027097,4,0,1,1,0,0,0,0,0,0,1,0,1,12570000
Delhi NCR,Greater Noida West,110033,Apartment,1016,865,2,2,2,0,4,28,2,1,Semi-Furnished,New,28.580609,77.443901,7,1,1,1,0,0,1,0,0,1,1,0,1,6840000
Nagpur,Sadar,440004,Independent House,1421,1175,3,3,4,3,0,3,12,1,Semi-Furnished,Needs Renovation,21.160773,79.088183,5,1,0,1,0,0,1,0,1,0,0,0,1,10650000
Bengaluru,Indiranagar,560007,Apartment,1007,874,2,2,1,2,17,22,1,1,Fully Furnished,Good,12.982918,77.639103,8,1,1,1,0,0,1,1,1,1,0,0,1,19530000
Mumbai,Goregaon West,400006,Apartment,1314,1148,3,3,4,3,4,14,1,0,Semi-Furnished,New,19.164618,72.838503,6,0,1,1,0,0,0,0,1,1,0,1,1,28990000
Delhi NCR,Rohini (Delhi),110017,Independent House,832,717,2,2,1,1,0,2,25,1,Semi-Furnished,Average,28.713742,77.120485,5,0,1,1,1,0,0,0,1,0,0,1,0,7160000
Nagpur,Ramdaspeth,440019,Apartment,448,363,1,1,1,1,2,22,8,1,Unfurnished,Good,21.145514,79.072855,6,1,1,1,0,0,0,0,1,1,0,1,0,4080000
Kolkata,Rajarhat,700027,Villa,1171,967,3,3,4,2,0,2,3,1,Semi-Furnished,Average,22.621136,88.49251,5,1,0,1,0,0,1,0,1,1,0,0,0,8580000
Kolkata,Rajarhat,700025,Apartment,1054,912,2,2,3,1,1,22,0,2,Semi-Furnished,Good,22.630767,88.488603,7,1,1,1,0,0,1,1,0,1,0,1,0,7600000
Hyderabad,Miyapur,500003,Apartment,917,724,2,2,2,3,10,14,3,1,Unfurnished,Good,17.503597,78.343651,7,1,1,1,0,1,0,0,1,0,1,1,0,6630000
Mumbai,Thane West,400002,Villa,1205,970,2,2,1,2,0,1,5,1,Unfurnished,Average,19.216023,72.962323,6,1,1,0,0,1,1,1,1,0,0,0,0,20570000
Bengaluru,Yelahanka,560044,Apartment,2368,1973,5,5,5,2,8,14,5,0,Semi-Furnished,Good,13.104259,77.599593,9,1,0,1,1,1,1,1,0,0,1,1,1,17750000
Kolkata,Rajarhat,700019,Apartment,697,581,1,1,1,0,7,22,1,2,Fully Furnished,New,22.626445,88.497807,7,1,1,1,0,0,0,0,1,1,1,1,0,5530000
Bengaluru,Koramangala,560027,Independent House,1564,1338,4,4,3,2,0,3,3,2,Unfurnished,Good,12.943023,77.622337,6,1,1,0,0,1,1,1,0,0,1,0,0,24380000
Pune,Kalyani Nagar,411029,Apartment,1740,1509,3,3,3,2,13,14,5,1,Fully Furnished,Good,18.563095,73.90297,8,1,1,0,0,1,0,1,0,1,1,1,1,29150000
Mumbai,Thane West,400009,Apartment,965,815,2,2,2,0,5,7,0,1,Unfurnished,New,19.215256,72.973056,10,1,1,1,1,0,1,1,1,1,1,0,1,16700000
Delhi NCR,Vasant Kunj (Delhi),110036,Villa,816,660,2,2,2,3,0,1,2,2,Semi-Furnished,New,28.525882,77.151527,6,1,1,0,0,1,0,1,1,0,0,0,1,23860000
Pune,Kalyani Nagar,411022,Plot,1919,1919,0,0,0,0,0,0,5,0,Unfurnished,Average,18.554542,73.90026,0,0,0,0,0,0,0,0,0,0,0,0,0,18170000
Hyderabad,Miyapur,500034,Apartment,1685,1460,3,3,3,3,1,18,0,1,Semi-Furnished,New,17.509579,78.366558,10,1,1,1,1,0,0,1,1,1,1,1,1,12270000
Nagpur,Besha,440033,Apartment,862,751,2,2,2,2,3,7,3,1,Semi-Furnished,Good,21.074639,79.093567,7,1,1,1,0,1,0,0,1,0,1,1,0,4280000
Hyderabad,Madhapur,500002,Independent House,655,517,1,1,1,3,0,3,2,1,Semi-Furnished,Good,17.448984,78.377774,6,0,1,0,1,0,0,1,1,1,1,0,0,8020000
Bengaluru,Hebbal,560036,Apartment,863,700,2,2,1,2,4,22,2,1,Fully Furnished,New,13.035217,77.612114,7,1,1,1,0,0,1,0,1,1,0,1,0,10810000
Mumbai,Kandivali East,400009,Apartment,492,418,1,1,1,0,8,10,18,1,Unfurnished,Average,19.207965,72.865883,7,1,0,1,0,0,1,1,1,1,0,1,0,6310000
Hyderabad,Uppal,500023,Apartment,640,501,1,1,2,2,1,14,2,2,Unfurnished,Average,17.411474,78.560006,8,0,1,1,0,1,1,0,1,1,1,1,0,3960000
Bengaluru,Electronic City,560029,Apartment,1105,945,2,2,2,2,7,10,5,1,Semi-Furnished,New,12.83424,77.694679,3,0,1,0,0,0,0,0,0,1,0,1,0,7790000
Mumbai,Thane West,400012,Apartment,807,667,2,2,1,1,11,35,12,1,Unfurnished,Average,19.231523,72.994722,9,1,0,1,1,1,0,1,1,1,1,1,0,9940000
Hyderabad,Kondapur,500006,Villa,863,684,2,2,1,1,0,2,5,1,Unfurnished,Good,17.468521,78.363518,6,1,1,0,0,1,0,0,1,1,0,0,1,10220000
Hyderabad,Kondapur,500007,Villa,1047,864,2,2,2,0,0,2,2,1,Unfurnished,Good,17.470714,78.369784,4,0,0,0,0,0,0,0,1,1,1,1,0,11700000
Mumbai,Andheri West,400014,Apartment,1659,1422,3,3,4,2,11,14,8,1,Semi-Furnished,Good,19.133995,72.831148,9,1,1,1,0,1,0,1,1,1,1,1,0,43220000
Bengaluru,Whitefield,560011,Apartment,940,821,2,2,2,2,2,4,5,2,Semi-Furnished,Needs Renovation,12.966781,77.760759,6,1,1,1,1,0,0,1,0,0,0,1,0,6900000
Kolkata,Ballygunge,700037,Apartment,1820,1422,4,4,5,2,4,28,0,2,Unfurnished,New,22.544968,88.372823,9,1,1,1,1,0,0,1,1,1,0,1,1,24490000
Pune,Viman Nagar,411007,Apartment,2874,2279,5,5,5,3,11,14,5,1,Unfurnished,Good,18.553404,73.906694,9,1,1,1,1,1,0,1,1,1,0,1,0,27700000
Hyderabad,Madhapur,500038,Independent House,565,457,1,1,1,3,0,3,0,1,Semi-Furnished,New,17.439164,78.391979,8,1,1,0,1,1,1,0,1,1,0,0,1,7420000
Pune,Hinjewadi,411034,Apartment,1420,1127,3,3,3,2,11,22,18,2,Semi-Furnished,Average,18.587981,73.750916,9,0,1,1,1,1,1,1,1,1,0,1,0,9810000
Bengaluru,Koramangala,560044,Apartment,1084,947,2,2,3,0,16,28,25,1,Semi-Furnished,Good,12.932587,77.640383,7,1,1,1,0,0,0,1,0,0,1,1,1,12130000
Nagpur,Manish Nagar,440036,Apartment,709,613,2,2,2,2,4,7,1,2,Fully Furnished,Good,21.09043,79.101432,7,0,1,1,1,0,1,0,1,1,0,1,0,5210000
Pune,Kalyani Nagar,411024,Independent House,918,730,2,2,1,1,0,2,0,1,Semi-Furnished,New,18.534765,73.910867,6,0,1,0,1,0,0,0,1,0,1,1,1,16800000
Pune,Baner,411008,Apartment,2398,2007,4,4,3,2,22,35,0,2,Semi-Furnished,New,18.553966,73.781146,10,1,1,1,1,1,0,1,0,1,1,1,1,29940000
Mumbai,Kandivali East,400045,Apartment,964,756,2,2,1,0,5,7,1,1,Fully Furnished,Good,19.197557,72.859281,9,1,1,1,1,0,0,1,1,1,1,1,0,18480000
Mumbai,Juhu,400007,Independent House,2918,2350,5,5,6,2,0,2,12,1,Semi-Furnished,Average,19.103196,72.830032,8,1,1,1,0,0,1,1,0,1,0,1,1,119490000
Pune,Viman Nagar,411040,Apartment,1327,1059,3,3,4,0,21,22,8,2,Semi-Furnished,Average,18.569364,73.906368,7,1,1,1,1,1,0,0,1,0,0,1,0,14650000
Delhi NCR,Golf Course Road (Gurugram),110005,Apartment,1437,1217,3,3,4,0,4,4,2,2,Fully Furnished,New,28.447476,77.102366,10,1,1,1,1,1,1,0,1,1,1,1,0,32490000
Pune,Wakad,411014,Apartment,965,826,2,2,2,0,12,35,0,0,Unfurnished,New,18.608015,73.776205,8,1,1,1,1,0,1,0,0,1,1,1,0,9320000
Chennai,Velachery,600038,Apartment,542,435,1,1,1,0,17,28,1,1,Semi-Furnished,New,12.98908,80.223398,7,1,1,1,0,0,1,0,1,0,0,1,1,5760000
Nagpur,Dharampeth,440013,Apartment,814,675,2,2,2,2,14,28,1,1,Fully Furnished,Good,21.127821,79.061932,8,1,1,1,1,0,0,1,0,1,0,1,1,8650000
Delhi NCR,Indirapuram (Ghaziabad),110022,Apartment,1686,1479,3,3,3,2,12,28,2,1,Fully Furnished,New,28.642872,77.385674,9,1,1,1,0,1,1,1,1,1,0,1,0,14850000
Mumbai,Andheri East,400011,Apartment,3855,3012,5,5,5,1,22,35,2,0,Semi-Furnished,Average,19.109369,72.875921,7,1,1,1,0,0,1,0,1,1,0,0,1,74330000
Hyderabad,Jubilee Hills,500016,Villa,990,792,2,2,2,2,0,2,2,1,Fully Furnished,New,17.416022,78.405163,6,0,0,1,0,0,1,0,1,1,0,1,1,28080000
Mumbai,Goregaon West,400015,Independent House,1268,989,3,3,3,1,0,2,3,1,Fully Furnished,Good,19.156196,72.847469,7,1,1,0,1,1,0,1,1,1,0,0,0,33300000
Bengaluru,JP Nagar,560023,Villa,2918,2515,5,5,5,3,0,1,3,1,Unfurnished,Good,12.906635,77.606793,4,1,0,1,0,0,0,0,1,0,0,0,1,38660000
Kolkata,Alipore,700035,Apartment,701,547,1,1,1,1,19,28,0,1,Semi-Furnished,New,22.534484,88.331332,8,1,1,1,0,0,1,1,1,1,0,1,0,13510000
Bengaluru,Bellandur,560017,Apartment,1228,1014,3,3,2,2,1,10,0,0,Unfurnished,New,12.922155,77.661201,9,1,1,1,0,1,1,1,1,1,0,1,0,12350000
Bengaluru,Hebbal,560027,Apartment,611,526,2,2,3,3,35,35,1,0,Semi-Furnished,New,13.035493,77.60355,9,1,1,1,0,0,1,0,1,1,1,1,1,8170000
Mumbai,Bandra West,400046,Apartment,623,517,1,1,1,0,5,7,2,0,Fully Furnished,New,19.051893,72.814043,9,1,1,1,1,0,1,1,1,1,0,1,0,31580000
Kolkata,Alipore,700043,Apartment,733,644,2,2,2,1,1,22,5,1,Fully Furnished,New,22.523889,88.328722,4,1,1,0,0,0,0,0,0,0,1,1,0,13680000
Mumbai,Andheri West,400032,Independent House,1007,884,2,2,3,0,0,1,18,2,Semi-Furnished,Good,19.134442,72.827784,6,1,0,0,1,0,0,1,1,1,1,0,0,26470000
Hyderabad,Kondapur,500029,Apartment,748,647,2,2,3,2,7,10,1,1,Semi-Furnished,New,17.47325,78.357688,8,0,1,1,0,0,1,0,1,1,1,1,1,7620000
Pune,Kalyani Nagar,411004,Apartment,1101,944,2,2,2,2,1,4,12,2,Semi-Furnished,Needs Renovation,18.553332,73.895728,4,1,0,0,0,0,0,0,1,0,0,1,1,10730000
Mumbai,Powai,400042,Apartment,998,837,2,2,3,0,9,10,0,1,Unfurnished,New,19.115416,72.91068,6,1,1,1,0,0,0,0,1,1,0,1,0,24560000
Bengaluru,Electronic City,560035,Villa,1263,994,2,2,3,1,0,3,3,2,Semi-Furnished,Good,12.827658,77.676021,7,1,0,1,0,1,0,0,1,1,1,0,1,11250000
Mumbai,Andheri West,400003,Apartment,1552,1308,3,3,3,0,5,10,8,2,Semi-Furnished,Good,19.123363,72.830471,9,1,1,1,1,0,1,0,1,1,0,1,1,38700000
Chennai,Besant Nagar,600028,Apartment,1214,947,3,3,3,2,12,18,1,1,Unfurnished,New,12.988628,80.262979,10,1,1,1,1,1,1,1,0,1,0,1,1,23850000
Pune,Kalyani Nagar,411007,Apartment,945,787,2,2,1,0,9,35,5,2,Fully Furnished,Good,18.551321,73.916617,10,1,1,1,1,1,0,1,1,1,0,1,1,14870000
Delhi NCR,Indirapuram (Ghaziabad),110017,Apartment,854,700,2,2,3,2,1,4,18,2,Semi-Furnished,Needs Renovation,28.643738,77.370646,8,0,1,1,0,1,0,1,1,1,1,1,0,4350000
Delhi NCR,Sohna Road (Gurugram),110046,Apartment,1016,827,3,3,3,0,14,14,18,1,Fully Furnished,Average,28.40241,77.038912,7,0,1,1,0,1,1,0,0,1,1,0,1,8190000
Mumbai,Thane West,400028,Apartment,772,661,2,2,3,1,15,22,18,3,Fully Furnished,Good,19.221788,72.972004,6,0,1,1,0,0,0,0,1,1,1,1,0,10710000
Mumbai,Powai,400011,Apartment,1100,878,2,2,1,2,2,4,12,1,Semi-Furnished,Average,19.123926,72.905824,8,1,1,1,0,0,0,0,1,1,1,1,1,19440000
Mumbai,Goregaon West,400044,Villa,2154,1858,3,3,3,2,0,1,0,1,Unfurnished,New,19.178567,72.846481,6,0,0,0,1,1,1,1,0,0,1,1,0,59440000
Bengaluru,Indiranagar,560038,Apartment,930,739,2,2,2,3,1,22,2,1,Unfurnished,Good,12.974053,77.650911,7,0,1,1,1,0,1,0,1,1,1,0,0,14310000
Chennai,Velachery,600045,Independent House,815,650,2,2,2,0,0,3,0,1,Fully Furnished,New,12.977734,80.22697,4,1,1,0,0,0,1,0,1,0,0,0,0,11040000
Delhi NCR,Dwarka (Delhi),110020,Apartment,1211,1010,2,2,2,0,35,35,0,1,Unfurnished,New,28.598156,77.043979,9,1,1,1,0,1,1,0,0,1,1,1,1,15130000
Delhi NCR,Rohini (Delhi),110013,Apartment,1474,1164,3,3,4,3,1,22,12,0,Semi-Furnished,Average,28.709985,77.11112,7,1,0,1,1,0,1,1,0,1,0,0,1,12270000
Bengaluru,Koramangala,560043,Villa,723,586,2,2,2,3,0,1,3,1,Unfurnished,Good,12.939659,77.629558,8,1,0,1,0,0,1,1,1,1,1,0,1,14490000
Bengaluru,HSR Layout,560004,Plot,1531,1531,0,0,0,0,0,0,0,0,Unfurnished,Average,12.919673,77.649432,2,0,0,1,0,0,0,0,0,0,0,1,0,14150000
Delhi NCR,Indirapuram (Ghaziabad),110019,Apartment,2073,1717,4,4,5,0,4,28,8,1,Unfurnished,Average,28.640729,77.375862,6,1,1,1,0,0,0,0,1,1,0,1,0,13160000
Pune,Hadapsar,411025,Apartment,647,507,1,1,1,1,7,7,5,1,Semi-Furnished,Good,18.525519,73.943552,7,1,1,1,0,0,0,1,1,1,0,1,0,5500000
Nagpur,Manish Nagar,440037,Independent House,350,302,2,2,1,2,0,2,8,1,Unfurnished,Average,21.100995,79.079077,6,1,0,1,0,1,0,0,1,1,1,0,0,2160000
Mumbai,Bandra West,400041,Apartment,881,749,2,2,1,2,26,35,0,2,Semi-Furnished,New,19.056027,72.834398,7,0,1,1,0,0,0,1,1,0,1,1,1,45420000
Chennai,T Nagar,600025,Apartment,1128,988,3,3,3,2,4,18,1,1,Semi-Furnished,Average,13.044545,80.239084,8,1,0,1,0,1,1,0,1,1,0,1,1,18680000
Pune,Viman Nagar,411018,Apartment,1201,1004,3,3,3,2,8,10,1,1,Unfurnished,New,18.560074,73.910247,8,1,0,1,1,1,0,0,1,1,0,1,1,14890000
Kolkata,Salt Lake (Sector V),700028,Apartment,1774,1462,3,3,4,3,20,35,2,1,Semi-Furnished,Good,22.563621,88.428234,4,0,0,1,1,1,0,0,0,1,0,0,0,15830000
Hyderabad,Manikonda,500009,Independent House,983,857,3,3,4,2,0,3,18,1,Semi-Furnished,Average,17.411936,78.393757,5,0,0,0,0,1,1,1,0,1,0,0,1,7170000
Pune,Baner,411038,Apartment,1107,919,2,2,1,2,10,10,8,1,Semi-Furnished,Average,18.555162,73.783339,9,1,1,1,1,0,1,0,1,1,1,1,0,12160000
Mumbai,Thane West,400010,Apartment,554,453,1,1,1,2,3,10,0,0,Fully Furnished,Average,19.224181,72.978151,5,1,1,1,0,0,1,0,0,0,0,1,0,7690000
Nagpur,Ramdaspeth,440037,Apartment,1327,1045,4,4,3,1,11,14,0,0,Semi-Furnished,New,21.130568,79.083849,9,1,1,0,1,0,1,0,1,1,1,1,1,15760000
Mumbai,Goregaon West,400029,Apartment,1106,905,2,2,1,0,7,14,8,3,Semi-Furnished,Good,19.156704,72.853627,7,1,1,1,0,0,0,1,1,1,0,1,0,21410000
Mumbai,Andheri West,400020,Villa,986,859,2,2,1,2,0,2,2,1,Semi-Furnished,New,19.136217,72.826309,4,0,0,0,0,0,1,1,1,0,0,1,0,38290000
Pune,Kharadi,411011,Apartment,1222,1045,3,3,4,2,9,18,2,2,Unfurnished,New,18.540803,73.93526,9,1,1,1,0,0,1,1,1,1,1,1,0,12500000
Mumbai,Andheri East,400004,Villa,932,790,1,1,1,2,0,3,2,1,Semi-Furnished,New,19.119012,72.866425,8,1,1,1,0,0,1,1,1,0,1,1,0,26240000
Mumbai,Andheri East,400031,Plot,2565,2565,0,0,0,0,0,0,0,0,Unfurnished,Average,19.098558,72.861498,1,0,0,0,0,0,0,0,0,0,0,1,0,39620000
Bengaluru,Electronic City,560023,Apartment,1194,963,2,2,2,0,14,18,3,0,Unfurnished,Average,12.848874,77.678833,8,1,1,1,0,0,0,1,1,0,1,1,1,7420000
Bengaluru,Koramangala,560023,Apartment,2201,1749,4,4,4,2,18,28,1,0,Unfurnished,New,12.931051,77.638247,8,1,1,0,0,1,0,0,1,1,1,1,1,36240000
Bengaluru,Sarjapur Road,560010,Apartment,570,459,1,1,2,0,5,10,5,1,Semi-Furnished,Average,12.892573,77.683437,7,1,1,1,1,0,1,0,0,1,0,1,0,4950000
Mumbai,Thane West,400004,Independent House,767,670,2,2,3,2,0,3,18,1,Semi-Furnished,Good,19.212294,72.984442,6,1,1,0,1,0,0,0,1,1,0,0,1,10090000
Delhi NCR,Vasant Kunj (Delhi),110041,Apartment,1666,1423,3,3,4,2,2,10,0,1,Semi-Furnished,New,28.515743,77.152891,7,0,0,1,1,1,1,0,0,1,0,1,1,36290000
Delhi NCR,Indirapuram (Ghaziabad),110004,Independent House,619,523,1,1,1,0,0,2,8,1,Semi-Furnished,Good,28.659679,77.381252,4,1,1,0,0,1,0,0,0,0,1,0,0,4750000
Bengaluru,Whitefield,560031,Apartment,3854,3022,5,5,5,2,3,10,3,1,Semi-Furnished,Needs Renovation,12.967267,77.760996,11,1,1,1,1,1,1,0,1,1,1,1,1,32250000
Delhi NCR,Indirapuram (Ghaziabad),110021,Apartment,350,274,1,1,1,3,10,14,2,1,Semi-Furnished,New,28.631967,77.382555,9,1,1,1,0,1,1,0,1,1,0,1,1,3050000
Delhi NCR,Greater Noida West,110044,Apartment,1142,997,3,3,3,2,4,35,5,1,Fully Furnished,Good,28.584931,77.41975,6,1,0,1,0,0,0,1,0,1,1,1,0,7440000
Hyderabad,Kondapur,500011,Apartment,1957,1586,3,3,2,2,9,10,0,2,Fully Furnished,Good,17.476339,78.375323,8,1,1,0,1,1,1,0,1,1,0,1,0,21760000
Pune,Kalyani Nagar,411040,Independent House,1125,959,2,2,3,2,0,3,12,1,Unfurnished,Good,18.562093,73.906318,5,1,1,0,0,0,0,0,1,1,0,1,0,14740000
Nagpur,Dharampeth,440043,Apartment,1126,902,2,2,2,3,10,14,18,2,Semi-Furnished,Average,21.156031,79.05686,5,1,1,0,0,0,0,1,0,0,1,1,0,7710000
Nagpur,Sadar,440025,Apartment,1434,1148,3,3,4,2,6,7,3,2,Semi-Furnished,Good,21.169652,79.088385,10,0,1,1,1,1,1,0,1,1,1,1,1,12270000
Hyderabad,Kondapur,500038,Independent House,1881,1509,3,3,3,2,0,3,18,1,Fully Furnished,Average,17.464771,78.355679,6,1,0,0,0,1,0,0,1,1,1,0,1,15640000
Bengaluru,Whitefield,560008,Apartment,1411,1123,2,2,1,0,7,10,3,1,Semi-Furnished,Average,12.971737,77.743192,9,1,1,1,1,0,1,0,1,1,0,1,1,13380000
Nagpur,Pratap Nagar,440045,Apartment,1593,1322,3,3,2,1,21,35,1,1,Fully Furnished,New,21.119498,79.055725,8,1,1,1,1,1,1,0,0,1,0,0,1,14230000
Pune,Aundh,411024,Apartment,865,731,2,2,3,2,11,18,8,2,Fully Furnished,Good,18.546518,73.798108,7,1,1,1,0,0,0,1,0,1,1,1,0,12610000
Bengaluru,Yelahanka,560030,Independent House,1230,995,2,2,2,2,0,3,0,2,Unfurnished,New,13.101226,77.609603,1,0,1,0,0,0,0,0,0,0,0,0,0,10820000
Bengaluru,HSR Layout,560042,Apartment,908,716,2,2,2,2,5,7,5,0,Fully Furnished,Good,12.912552,77.643601,10,1,1,1,1,0,1,1,1,1,1,0,1,12130000
Bengaluru,Yelahanka,560024,Apartment,1688,1464,3,3,2,1,1,4,0,1,Fully Furnished,New,13.101901,77.602,9,1,1,1,0,1,1,1,0,1,0,1,1,16400000
Hyderabad,Manikonda,500015,Villa,2246,1962,4,4,4,3,0,2,1,1,Semi-Furnished,New,17.396438,78.378577,4,1,1,0,0,0,1,0,0,1,0,0,0,25880000
Chennai,Porur,600039,Apartment,920,765,2,2,3,1,3,7,5,1,Semi-Furnished,Good,13.038899,80.156372,7,1,1,1,1,0,0,0,1,1,0,1,0,7300000
Pune,Baner,411031,Apartment,722,625,2,2,1,3,8,10,5,1,Semi-Furnished,Good,18.54308,73.789459,6,1,1,1,0,1,0,0,0,1,0,1,0,7640000
Bengaluru,Hebbal,560023,Apartment,1479,1158,3,3,2,1,21,35,8,1,Unfurnished,Good,13.040471,77.607273,6,0,1,0,0,1,0,0,0,1,1,1,1,13730000
Pune,Aundh,411045,Apartment,1259,1075,3,3,3,2,1,28,5,1,Fully Furnished,Needs Renovation,18.56603,73.814864,6,0,1,1,1,1,0,0,1,1,0,0,0,15000000
Chennai,Porur,600020,Apartment,1640,1363,3,3,4,3,1,14,3,1,Semi-Furnished,Good,13.037746,80.149377,9,1,1,1,0,0,1,1,1,1,1,1,0,11710000
Bengaluru,JP Nagar,560041,Independent House,848,707,2,2,3,1,0,3,12,1,Semi-Furnished,Good,12.911542,77.587756,3,1,0,1,0,0,0,0,1,0,0,0,0,8270000
Mumbai,Thane West,400002,Villa,1290,1040,3,3,4,3,0,1,3,1,Semi-Furnished,Good,19.22532,72.980913,7,1,0,1,1,0,1,0,1,0,1,0,1,26340000
Mumbai,Powai,400017,Independent House,1496,1288,3,3,3,1,0,2,12,2,Semi-Furnished,Average,19.130611,72.907888,8,1,1,1,0,0,1,0,1,1,1,0,1,33350000
Mumbai,Navi Mumbai - Vashi,400046,Villa,793,684,2,2,1,2,0,2,1,1,Unfurnished,Average,19.079097,72.979074,4,0,0,0,0,0,1,0,1,0,1,0,1,14150000
Mumbai,Borivali West,400042,Apartment,914,714,2,2,2,0,11,28,2,1,Unfurnished,New,19.219784,72.849274,7,0,1,1,0,1,1,0,1,1,0,1,0,18570000
Hyderabad,Miyapur,500004,Apartment,1458,1253,3,3,3,2,3,7,0,2,Semi-Furnished,Good,17.497614,78.363851,9,1,1,1,1,1,1,1,1,0,0,1,0,10490000
Chennai,T Nagar,600041,Villa,1713,1352,3,3,3,3,0,2,12,0,Semi-Furnished,Good,13.042787,80.222434,4,1,0,1,1,0,0,0,0,1,0,0,0,34750000
Bengaluru,JP Nagar,560040,Independent House,1493,1178,3,3,3,1,0,3,2,1,Semi-Furnished,Good,12.901586,77.575673,6,1,1,0,0,0,0,1,1,1,0,1,0,18470000
Mumbai,Juhu,400015,Plot,3844,3844,0,0,0,0,0,0,0,0,Unfurnished,Average,19.106563,72.838893,1,0,0,1,0,0,0,0,0,0,0,0,0,119450000
Nagpur,Manish Nagar,440022,Apartment,1783,1501,4,4,3,0,11,14,1,0,Semi-Furnished,New,21.098266,79.090802,8,1,1,1,1,1,0,1,1,0,0,1,0,12980000
Bengaluru,HSR Layout,560007,Independent House,1065,868,2,2,1,2,0,1,0,2,Fully Furnished,Good,12.911799,77.646471,3,1,0,0,0,0,0,0,1,0,1,0,0,17470000
Hyderabad,Kukatpally,500012,Apartment,1557,1258,3,3,3,1,5,10,3,2,Unfurnished,Good,17.493446,78.410419,6,1,1,1,1,0,0,0,0,1,0,0,1,10410000
Mumbai,Andheri East,400007,Villa,1300,1142,2,2,3,2,0,2,3,1,Semi-Furnished,New,19.099952,72.864683,10,1,1,1,1,0,1,0,1,1,1,1,1,38660000
Pune,Viman Nagar,411037,Apartment,924,782,2,2,1,2,20,35,0,1,Unfurnished,New,18.575951,73.905837,9,1,1,1,1,1,0,1,1,1,0,1,0,12300000
Hyderabad,Uppal,500037,Apartment,851,730,2,2,2,3,9,10,5,1,Unfurnished,Good,17.404161,78.559682,7,1,1,1,0,0,1,0,1,1,0,1,0,4980000
Chennai,OMR (Thoraipakkam),600013,Apartment,855,681,2,2,2,3,3,7,3,2,Fully Furnished,Good,12.938919,80.239298,7,1,1,1,1,0,0,0,1,1,0,1,0,7860000
Mumbai,Bandra West,400032,Apartment,847,725,2,2,2,1,3,4,0,1,Semi-Furnished,New,19.05265,72.834408,9,1,1,1,0,1,0,0,1,1,1,1,1,43480000
Bengaluru,Whitefield,560024,Independent House,1609,1366,3,3,3,2,0,3,5,1,Unfurnished,Good,12.962554,77.735764,9,1,1,1,1,1,0,0,1,1,0,1,1,16180000
Nagpur,Khamla,440009,Apartment,818,651,2,2,3,1,19,22,5,1,Unfurnished,Good,21.11437,79.052905,6,0,1,0,0,0,1,0,1,1,0,1,1,5690000
Nagpur,Sadar,440038,Apartment,3034,2619,5,5,4,2,10,28,3,1,Semi-Furnished,Good,21.164204,79.083261,10,1,1,1,0,1,0,1,1,1,1,1,1,28010000
Chennai,Besant Nagar,600005,Apartment,1393,1222,3,3,4,1,10,22,25,2,Fully Furnished,Average,13.004285,80.260335,8,1,1,1,0,0,0,1,1,1,1,1,0,19940000
Nagpur,Dharampeth,440009,Apartment,555,445,1,1,1,2,7,22,8,2,Semi-Furnished,Good,21.133908,79.062205,5,0,1,1,0,0,1,0,0,0,0,1,1,4720000
Kolkata,Garia,700032,Apartment,1063,835,2,2,3,1,4,28,1,2,Fully Furnished,New,22.481677,88.383707,7,0,1,1,0,0,0,0,1,1,1,1,1,7500000
Mumbai,Thane West,400018,Apartment,649,520,2,2,1,2,2,14,2,1,Fully Furnished,Good,19.221931,72.971014,11,1,1,1,1,1,0,1,1,1,1,1,1,10760000
Kolkata,Rajarhat,700003,Independent House,761,631,2,2,1,0,0,2,5,2,Unfurnished,Good,22.625857,88.498058,6,1,1,1,0,0,1,0,1,1,0,0,0,5380000
Kolkata,Ballygunge,700046,Apartment,489,428,1,1,1,0,1,7,2,1,Semi-Furnished,New,22.540716,88.358997,7,1,1,0,0,1,1,0,0,1,1,1,0,6720000
Mumbai,Bandra West,400046,Apartment,627,521,1,1,1,3,1,18,0,1,Unfurnished,New,19.050762,72.837409,8,1,1,1,0,0,1,0,1,1,0,1,1,29650000
Pune,Kalyani Nagar,411042,Apartment,1053,896,2,2,2,3,24,28,1,1,Unfurnished,Good,18.557512,73.893629,6,0,1,1,0,0,0,1,1,0,0,1,1,14700000
Hyderabad,Jubilee Hills,500008,Apartment,1380,1162,3,3,2,2,4,4,3,1,Semi-Furnished,Good,17.4442,78.402033,8,1,1,0,1,1,0,0,1,1,1,1,0,24480000
Bengaluru,Hebbal,560029,Plot,1889,1889,0,0,0,0,0,0,2,0,Unfurnished,Average,13.039625,77.592382,0,0,0,0,0,0,0,0,0,0,0,0,0,14630000
Delhi NCR,Golf Course Road (Gurugram),110044,Apartment,1009,818,3,3,3,2,27,35,0,1,Semi-Furnished,New,28.477215,77.083618,7,1,0,1,0,1,0,1,1,0,1,1,0,23630000
Hyderabad,Gachibowli,500045,Independent House,1391,1214,3,3,2,2,0,2,1,2,Semi-Furnished,New,17.455402,78.338301,3,0,1,1,0,0,0,0,0,0,1,0,0,18810000
Nagpur,Khamla,440029,Apartment,1079,861,2,2,2,2,10,18,18,1,Fully Furnished,Average,21.118337,79.050123,8,1,1,1,0,0,0,1,1,1,1,1,0,6530000
Mumbai,Bandra West,400010,Apartment,1217,1005,3,3,2,1,3,10,5,1,Unfurnished,Average,19.069733,72.821732,9,1,1,1,1,1,0,0,1,1,1,1,0,49000000
Delhi NCR,Dwarka (Delhi),110021,Apartment,855,673,2,2,2,2,1,35,25,3,Semi-Furnished,Good,28.5842,77.051931,9,1,1,1,0,1,1,0,1,1,0,1,1,8760000
Nagpur,Sadar,440038,Apartment,2557,2188,4,4,4,2,2,14,1,1,Semi-Furnished,New,21.148761,79.090513,8,1,0,0,0,1,1,1,1,1,0,1,1,26820000
Mumbai,Powai,400023,Apartment,1286,1063,3,3,4,2,17,22,0,1,Semi-Furnished,New,19.132761,72.903895,7,1,0,1,1,0,0,1,1,1,1,0,0,32430000
Pune,Viman Nagar,411025,Plot,3557,3557,0,0,0,0,0,0,0,0,Unfurnished,Average,18.565455,73.922686,2,0,0,1,0,0,0,0,0,0,0,1,0,30210000
Nagpur,Dharampeth,440009,Apartment,847,700,2,2,2,2,1,4,5,1,Semi-Furnished,Needs Renovation,21.149148,79.060724,7,1,1,0,0,0,0,0,1,1,1,1,1,6350000
Hyderabad,Gachibowli,500015,Apartment,3336,2928,5,5,6,2,6,7,2,1,Fully Furnished,Good,17.443937,78.345442,9,1,1,0,1,1,1,1,1,0,1,0,1,38650000
Hyderabad,Banjara Hills,500042,Independent House,1166,982,3,3,3,1,0,3,2,1,Fully Furnished,New,17.425907,78.430626,2,1,0,0,0,0,0,0,0,0,0,0,1,27250000
Mumbai,Bandra West,400003,Apartment,1341,1056,3,3,2,1,16,35,0,1,Unfurnished,Average,19.061216,72.82554,6,0,1,1,1,0,1,0,0,0,0,1,1,56020000
Mumbai,Goregaon West,400027,Apartment,651,522,2,2,2,2,34,35,3,1,Semi-Furnished,Good,19.156157,72.838109,7,0,1,1,0,0,1,0,1,1,0,1,1,15050000
Pune,Wakad,411009,Apartment,2481,2040,4,4,4,0,3,7,5,1,Semi-Furnished,Good,18.595134,73.761744,7,1,1,1,0,0,0,0,1,1,1,1,0,20270000
Bengaluru,Whitefield,560007,Apartment,1520,1254,3,3,3,2,9,18,8,2,Semi-Furnished,Good,12.980866,77.760131,8,0,1,1,0,1,0,1,1,1,1,1,0,14490000
Mumbai,Thane West,400009,Independent House,1059,835,2,2,2,2,0,3,1,1,Semi-Furnished,Good,19.231881,72.980757,6,1,1,0,1,0,1,0,0,0,1,1,0,19250000
Delhi NCR,Vasant Kunj (Delhi),110042,Apartment,1978,1554,4,4,5,3,14,35,3,1,Semi-Furnished,Good,28.509104,77.150529,8,1,1,1,0,1,0,1,0,1,1,1,0,43730000
Bengaluru,HSR Layout,560012,Apartment,960,779,2,2,1,0,12,14,2,1,Semi-Furnished,New,12.92751,77.64525,7,1,1,1,0,0,0,1,1,0,1,1,0,13960000
Nagpur,Khamla,440036,Villa,1290,1111,3,3,3,2,0,1,8,2,Semi-Furnished,Average,21.112507,79.047368,7,1,0,1,0,0,0,0,1,1,1,1,1,10140000
Mumbai,Powai,400011,Apartment,1532,1206,3,3,2,2,3,10,3,1,Semi-Furnished,Needs Renovation,19.11766,72.913544,7,1,1,1,0,0,0,1,1,1,0,1,0,29510000
Hyderabad,Jubilee Hills,500044,Apartment,543,445,1,1,1,1,28,35,8,1,Fully Furnished,Average,17.449086,78.406549,7,1,0,1,0,0,1,0,1,1,1,1,0,10750000
Bengaluru,HSR Layout,560042,Apartment,1298,1120,3,3,4,2,22,22,2,0,Unfurnished,New,12.917777,77.652024,9,1,0,1,1,1,0,1,1,1,0,1,1,17900000
Pune,Hadapsar,411037,Apartment,350,277,1,1,1,2,3,10,3,1,Fully Furnished,Needs Renovation,18.509046,73.935744,5,0,1,1,0,0,0,1,1,0,0,1,0,2720000
Delhi NCR,Greater Noida West,110026,Apartment,1026,899,2,2,2,2,3,4,8,1,Unfurnished,Good,28.576222,77.429236,5,0,1,1,0,0,0,0,0,1,0,1,1,5610000
Bengaluru,Yelahanka,560010,Apartment,622,544,1,1,1,2,10,22,5,0,Unfurnished,Good,13.110417,77.595141,7,0,1,1,0,1,0,0,1,1,1,1,0,4600000
Delhi NCR,Golf Course Road (Gurugram),110024,Villa,1404,1186,3,3,3,1,0,1,1,2,Fully Furnished,New,28.451604,77.076354,7,1,1,0,0,0,0,1,1,1,1,1,0,44500000
Delhi NCR,Sohna Road (Gurugram),110012,Villa,979,825,2,2,3,0,0,2,1,2,Semi-Furnished,New,28.390055,77.029047,2,1,0,0,0,0,0,0,0,1,0,0,0,12970000
Mumbai,Andheri West,400013,Villa,904,755,2,2,1,1,0,2,1,0,Semi-Furnished,Good,19.140755,72.842612,5,1,1,0,0,0,1,0,1,1,0,0,0,28840000
Hyderabad,Manikonda,500035,Apartment,830,655,2,2,3,3,18,35,1,2,Semi-Furnished,New,17.402525,78.401039,7,1,0,1,0,1,1,0,1,1,0,1,0,7420000
Pune,Kharadi,411029,Plot,1366,1366,0,0,0,0,0,0,2,0,Unfurnished,Average,18.567087,73.936187,0,0,0,0,0,0,0,0,0,0,0,0,0,9590000
Bengaluru,Electronic City,560043,Apartment,916,730,2,2,3,2,7,18,0,0,Unfurnished,New,12.83641,77.685385,5,0,0,1,0,0,0,0,1,1,1,1,0,6110000
Pune,Viman Nagar,411039,Apartment,1487,1174,3,3,2,2,28,35,3,2,Fully Furnished,Good,18.564827,73.908203,8,1,1,1,1,0,0,1,0,1,0,1,1,23000000
Mumbai,Kandivali East,400013,Apartment,1021,825,2,2,2,2,23,28,1,1,Semi-Furnished,New,19.211106,72.877802,4,0,1,0,0,0,0,0,1,1,0,1,0,18560000
Bengaluru,Whitefield,560022,Apartment,1841,1529,3,3,3,1,2,35,2,1,Unfurnished,Average,12.949728,77.74385,7,0,1,1,1,1,0,1,1,1,0,0,0,15020000
Pune,Magarpatta,411017,Apartment,2319,1913,4,4,4,2,2,4,1,1,Semi-Furnished,New,18.51755,73.925865,7,0,0,1,1,0,0,1,0,1,1,1,1,26100000
Delhi NCR,Indirapuram (Ghaziabad),110013,Apartment,1730,1392,4,4,3,3,2,4,3,0,Semi-Furnished,New,28.628022,77.380812,11,1,1,1,1,1,0,1,1,1,1,1,1,14370000
Kolkata,Salt Lake (Sector V),700043,Apartment,1799,1546,3,3,4,0,2,4,1,1,Unfurnished,Average,22.57368,88.435543,7,1,0,1,1,1,1,1,0,0,0,1,0,14340000
Hyderabad,Kondapur,500009,Independent House,1699,1353,3,3,3,0,0,3,5,1,Fully Furnished,Good,17.478076,78.35949,4,1,0,0,0,0,0,0,1,0,1,0,1,18230000
Mumbai,Borivali West,400023,Apartment,1642,1323,3,3,3,2,7,7,5,2,Semi-Furnished,Good,19.235875,72.851224,5,1,1,0,0,0,0,0,0,1,0,1,1,28200000
Bengaluru,Hebbal,560029,Apartment,900,706,2,2,2,0,21,22,1,3,Fully Furnished,Good,13.047923,77.606172,6,1,1,0,0,1,0,0,0,1,0,1,1,10910000
Hyderabad,Kukatpally,500045,Apartment,750,656,2,2,2,0,32,35,5,2,Semi-Furnished,Average,17.504997,78.390515,8,1,1,1,1,0,0,1,1,1,0,1,0,6230000
Nagpur,Khamla,440009,Apartment,844,672,2,2,3,3,5,7,12,2,Unfurnished,Average,21.127936,79.051837,7,0,1,1,1,0,0,0,1,1,0,1,1,5000000
Delhi NCR,Sector 62 (Noida),110040,Villa,981,848,2,2,1,1,0,2,5,2,Unfurnished,Good,28.629018,77.346238,8,1,1,1,0,1,1,1,0,0,1,1,0,9600000
Delhi NCR,Indirapuram (Ghaziabad),110033,Plot,3705,3705,0,0,0,0,0,0,3,0,Unfurnished,Average,28.638235,77.376975,2,0,0,1,0,0,0,0,0,0,0,1,0,19090000
Bengaluru,Yelahanka,560003,Villa,1125,968,3,3,2,2,0,1,18,3,Semi-Furnished,Good,13.105192,77.600803,5,1,0,0,1,1,1,0,1,0,0,0,0,9490000
Kolkata,New Town (Action Area 1),700041,Apartment,1083,926,2,2,2,0,2,4,1,0,Fully Furnished,New,22.585606,88.469153,7,1,1,1,0,0,0,1,0,1,0,1,1,10210000
Bengaluru,Bellandur,560031,Apartment,3239,2734,5,5,6,2,3,10,0,2,Semi-Furnished,New,12.927011,77.694648,7,1,1,0,0,0,0,1,1,1,1,1,0,33970000
Bengaluru,HSR Layout,560018,Villa,1600,1258,3,3,2,3,0,3,3,1,Semi-Furnished,New,12.925412,77.642001,6,1,0,0,0,0,0,1,1,1,0,1,1,28730000
Hyderabad,Miyapur,500045,Independent House,782,611,2,2,2,3,0,1,0,1,Unfurnished,New,17.491306,78.36448,6,1,1,0,1,1,0,0,0,1,0,0,1,6500000
Pune,Hinjewadi,411024,Apartment,2523,1998,4,4,4,2,7,7,1,1,Semi-Furnished,New,18.603857,73.73836,9,0,1,1,1,1,0,1,1,1,0,1,1,23860000
Mumbai,Juhu,400033,Villa,1970,1713,4,4,4,3,0,2,5,1,Semi-Furnished,Good,19.114717,72.82796,5,1,0,0,0,0,1,0,0,0,1,1,1,106990000
Bengaluru,HSR Layout,560013,Apartment,624,492,1,1,1,0,1,4,0,0,Fully Furnished,New,12.899262,77.635607,6,1,0,0,0,0,0,1,1,1,0,1,1,8940000
Mumbai,Bandra West,400030,Independent House,403,341,1,1,1,2,0,3,0,3,Semi-Furnished,New,19.06625,72.836472,4,1,0,1,0,0,0,0,1,0,0,0,1,23760000
Delhi NCR,Vasant Kunj (Delhi),110040,Villa,462,403,1,1,1,1,0,2,3,1,Semi-Furnished,Good,28.531041,77.172298,6,1,1,0,1,0,0,0,1,0,1,0,1,12950000
Delhi NCR,Sector 62 (Noida),110022,Villa,1528,1283,3,3,4,0,0,1,0,3,Unfurnished,New,28.628614,77.366243,6,1,0,1,0,0,0,0,1,1,0,1,1,18140000
Hyderabad,HITEC City,500043,Apartment,944,758,2,2,3,2,10,18,5,2,Unfurnished,Average,17.450746,78.395965,9,1,1,1,1,0,1,1,1,1,0,1,0,9400000
Nagpur,Wardha Road,440008,Apartment,1373,1099,3,3,4,3,33,35,0,0,Unfurnished,Good,21.070556,79.082736,8,1,1,0,1,1,1,0,1,0,1,1,0,8210000
Hyderabad,Kukatpally,500015,Apartment,1036,815,3,3,2,0,11,18,0,1,Fully Furnished,Average,17.499905,78.413554,9,1,1,1,1,0,1,1,1,1,0,1,0,9280000
Hyderabad,Gachibowli,500013,Villa,601,501,1,1,2,2,0,1,5,3,Semi-Furnished,Good,17.443373,78.360219,5,0,0,0,0,0,1,0,1,1,0,1,1,7780000
Kolkata,New Town (Action Area 1),700027,Apartment,2057,1744,4,4,4,2,2,4,2,1,Unfurnished,New,22.591378,88.462657,8,1,0,1,0,1,1,1,1,1,0,1,0,15630000
Pune,Hadapsar,411013,Independent House,1679,1426,3,3,3,1,0,3,8,2,Semi-Furnished,Good,18.513433,73.931054,6,1,0,0,0,1,1,0,1,0,1,1,0,15520000
Bengaluru,JP Nagar,560034,Apartment,1039,841,2,2,2,0,18,18,25,1,Unfurnished,Good,12.899895,77.583224,7,1,1,1,0,1,0,0,0,1,1,1,0,8190000
Bengaluru,HSR Layout,560014,Apartment,997,873,2,2,1,2,13,18,2,1,Semi-Furnished,New,12.914662,77.643493,8,1,1,1,0,1,1,0,1,0,0,1,1,13730000
Chennai,Anna Nagar,600041,Independent House,1489,1224,2,2,3,1,0,1,0,1,Semi-Furnished,New,13.092254,80.213305,2,0,0,1,0,0,0,0,0,0,1,0,0,26010000
Pune,Baner,411014,Apartment,1286,1028,3,3,4,2,16,18,0,1,Semi-Furnished,New,18.557954,73.789143,8,1,1,1,1,0,1,1,0,1,0,1,0,14930000
Pune,Kharadi,411036,Villa,681,579,2,2,2,2,0,2,1,3,Unfurnished,Good,18.546505,73.936757,5,1,1,0,0,0,1,0,1,1,0,0,0,8560000
Nagpur,Besha,440034,Apartment,4051,3263,5,5,5,1,3,4,1,0,Semi-Furnished,Good,21.062141,79.084989,6,0,0,1,0,1,1,0,0,1,1,1,0,21940000
Bengaluru,HSR Layout,560011,Apartment,593,492,1,1,1,2,10,22,12,1,Semi-Furnished,Needs Renovation,12.919179,77.66101,7,1,1,0,0,0,1,1,1,0,0,1,1,5440000
Delhi NCR,Cyber City (Gurugram),110040,Apartment,569,492,1,1,1,3,14,28,2,0,Semi-Furnished,Good,28.492821,77.073863,6,0,1,1,0,0,1,0,0,1,0,1,1,10000000
Hyderabad,Jubilee Hills,500009,Apartment,1622,1420,3,3,3,2,3,7,2,1,Fully Furnished,Average,17.436225,78.412253,9,1,1,0,1,1,1,1,1,1,0,1,0,30210000
Delhi NCR,Golf Course Road (Gurugram),110009,Independent House,837,691,2,2,1,1,0,2,12,1,Semi-Furnished,Average,28.469654,77.090421,6,1,0,1,0,0,1,0,0,0,1,1,1,16140000
Delhi NCR,Sector 62 (Noida),110014,Apartment,977,769,2,2,2,1,19,35,0,2,Semi-Furnished,New,28.638694,77.369771,7,1,1,1,0,0,1,0,1,0,1,1,0,9450000
Kolkata,New Town (Action Area 1),700025,Apartment,746,597,2,2,2,0,14,18,2,2,Semi-Furnished,Average,22.599631,88.471485,8,1,1,1,0,0,1,0,1,1,1,0,1,5750000
Mumbai,Bandra West,400017,Apartment,1655,1346,3,3,3,2,4,35,18,2,Fully Furnished,Good,19.0611,72.82992,9,1,1,1,1,0,1,1,0,1,0,1,1,71500000
Delhi NCR,Dwarka (Delhi),110011,Apartment,885,761,2,2,2,1,2,10,0,1,Semi-Furnished,New,28.604648,77.039696,9,1,1,0,0,0,1,1,1,1,1,1,1,13020000
Mumbai,Goregaon West,400017,Apartment,1761,1454,3,3,3,2,4,18,0,2,Semi-Furnished,New,19.153582,72.837953,9,1,1,1,0,1,0,1,0,1,1,1,1,43880000
Pune,Kalyani Nagar,411038,Plot,3987,3987,0,0,0,0,0,0,5,0,Unfurnished,Average,18.555558,73.901928,0,0,0,0,0,0,0,0,0,0,0,0,0,37180000
Hyderabad,Madhapur,500012,Apartment,2461,2038,4,4,4,1,15,18,0,1,Semi-Furnished,New,17.457768,78.382183,7,1,1,0,0,1,1,1,0,1,0,1,0,28990000
Delhi NCR,Greater Noida West,110007,Apartment,2185,1755,4,4,4,2,8,14,5,1,Fully Furnished,Good,28.595035,77.432607,8,1,1,0,1,1,0,0,1,1,0,1,1,15170000
Bengaluru,Whitefield,560027,Apartment,1221,1066,3,3,2,1,6,7,1,1,Unfurnished,New,12.952882,77.746609,8,1,1,1,0,0,0,1,1,1,1,1,0,12090000
Bengaluru,Yelahanka,560030,Apartment,902,720,2,2,2,2,6,10,2,1,Semi-Furnished,New,13.091431,77.581775,8,1,1,0,0,1,1,0,1,1,1,1,0,7560000
Pune,Viman Nagar,411013,Apartment,1103,866,2,2,2,1,13,28,18,1,Unfurnished,Average,18.57795,73.923802,8,0,1,1,0,1,1,0,1,1,0,1,1,9310000
Mumbai,Juhu,400029,Apartment,752,661,2,2,2,3,4,10,12,1,Semi-Furnished,Good,19.111473,72.831381,7,1,1,0,0,0,1,0,1,1,0,1,1,28660000
Kolkata,Ballygunge,700010,Villa,892,783,3,3,4,0,0,3,1,1,Semi-Furnished,New,22.521065,88.364762,2,1,0,0,0,0,0,0,0,0,0,0,1,17680000
Chennai,Velachery,600007,Apartment,1081,877,2,2,1,0,4,4,1,0,Fully Furnished,New,12.982654,80.220646,5,0,1,1,0,1,0,0,1,1,0,0,0,11480000
Pune,Kalyani Nagar,411032,Apartment,651,546,1,1,1,0,9,35,12,2,Semi-Furnished,Needs Renovation,18.548803,73.903826,9,1,1,1,0,0,1,1,1,1,0,1,1,7010000
Pune,Kothrud,411013,Apartment,963,809,2,2,2,3,2,10,12,1,Unfurnished,Average,18.511277,73.80984,9,1,1,1,0,1,0,0,1,1,1,1,1,9520000
Mumbai,Bandra West,400006,Independent House,1179,986,2,2,2,0,0,3,8,0,Semi-Furnished,Good,19.061721,72.824308,5,0,0,0,0,0,1,1,1,0,1,0,1,60570000
Bengaluru,Sarjapur Road,560018,Independent House,1055,879,3,3,2,1,0,3,3,2,Semi-Furnished,Good,12.901649,77.687687,7,1,1,0,1,1,0,1,1,0,0,0,1,11460000
Delhi NCR,Sector 62 (Noida),110041,Apartment,1086,895,3,3,2,2,1,18,8,1,Fully Furnished,Good,28.623937,77.357151,9,1,1,1,0,1,1,0,1,1,1,0,1,9470000
Mumbai,Bandra West,400023,Independent House,1637,1416,3,3,2,3,0,3,5,1,Fully Furnished,Good,19.065252,72.829347,8,1,1,1,0,0,1,1,1,0,1,0,1,91590000
Mumbai,Goregaon West,400045,Apartment,1059,920,3,3,3,2,12,18,0,2,Unfurnished,New,19.175961,72.845437,10,1,1,1,1,0,0,1,1,1,1,1,1,23940000
Hyderabad,Kondapur,500016,Apartment,1073,886,2,2,2,2,4,10,1,1,Semi-Furnished,Good,17.469338,78.355503,5,1,1,1,0,0,0,0,1,0,1,0,0,10170000
Pune,Hinjewadi,411042,Villa,823,674,2,2,3,2,0,3,3,1,Semi-Furnished,Good,18.58855,73.739872,5,1,0,0,0,0,0,0,1,1,1,1,0,8430000
Hyderabad,Gachibowli,500026,Apartment,1064,932,2,2,2,2,5,18,25,1,Semi-Furnished,Average,17.455053,78.342866,8,1,1,1,0,1,0,0,1,1,0,1,1,7170000
Pune,Viman Nagar,411033,Apartment,607,511,2,2,2,0,24,28,1,0,Semi-Furnished,New,18.566696,73.908995,8,0,0,1,1,0,1,0,1,1,1,1,1,8410000
Delhi NCR,Indirapuram (Ghaziabad),110044,Apartment,2150,1762,4,4,4,1,4,28,2,1,Fully Furnished,New,28.627174,77.360481,10,1,1,1,1,0,1,1,1,1,1,1,0,19380000
Bengaluru,Koramangala,560025,Villa,2151,1757,4,4,4,1,0,2,1,1,Semi-Furnished,Average,12.931793,77.611243,4,0,0,0,0,0,0,0,1,0,1,1,1,41180000
Pune,Magarpatta,411037,Apartment,1167,949,2,2,2,3,4,22,3,1,Fully Furnished,Good,18.518024,73.92042,8,1,1,1,0,0,1,0,1,1,0,1,1,13500000
Hyderabad,Banjara Hills,500041,Independent House,716,593,2,2,1,2,0,2,3,1,Semi-Furnished,Average,17.424064,78.436355,4,1,1,0,0,1,1,0,0,0,0,0,0,12140000
Nagpur,Civil Lines,440027,Apartment,1324,1124,3,3,4,0,15,28,12,1,Fully Furnished,Average,21.158706,79.066336,8,1,1,1,1,1,0,0,1,1,0,1,0,11800000
Hyderabad,Miyapur,500009,Villa,1091,863,3,3,4,1,0,3,1,1,Semi-Furnished,New,17.501332,78.356212,3,0,1,1,0,0,0,0,1,0,0,0,0,9110000
Delhi NCR,Vasant Kunj (Delhi),110016,Apartment,886,718,2,2,2,2,8,10,1,0,Unfurnished,New,28.527849,77.152905,5,1,0,1,0,0,0,0,1,1,0,1,0,20340000
Chennai,Anna Nagar,600029,Apartment,1023,883,2,2,2,2,2,28,0,2,Unfurnished,New,13.08771,80.208973,7,1,1,1,0,0,0,0,0,1,1,1,1,15490000
Pune,Kothrud,411007,Apartment,1333,1099,3,3,3,0,22,22,0,1,Semi-Furnished,New,18.504982,73.811947,8,0,1,1,1,1,1,0,1,1,0,1,0,18570000
Bengaluru,Sarjapur Road,560035,Apartment,1128,896,3,3,3,1,2,10,1,1,Semi-Furnished,Good,12.901314,77.701365,11,1,1,1,1,1,1,1,1,1,1,1,0,11100000
Delhi NCR,Rohini (Delhi),110042,Apartment,1476,1274,3,3,4,1,6,28,3,1,Semi-Furnished,Good,28.70154,77.114987,9,1,1,1,0,1,1,1,1,1,0,1,0,15490000
Pune,Kothrud,411036,Apartment,1453,1275,3,3,3,0,15,28,2,1,Unfurnished,New,18.499587,73.808982,8,1,1,1,0,1,0,0,0,1,1,1,1,18550000
Chennai,T Nagar,600020,Plot,3390,3390,0,0,0,0,0,0,2,0,Unfurnished,Average,13.035675,80.239973,2,0,0,1,0,0,0,0,0,0,0,1,0,38830000
Kolkata,Jadavpur,700030,Plot,3831,3831,0,0,0,0,0,0,1,0,Unfurnished,Average,22.502518,88.376476,1,0,0,0,0,0,0,0,0,0,0,1,0,19630000
Hyderabad,Gachibowli,500044,Apartment,809,674,2,2,3,1,11,28,3,1,Fully Furnished,Average,17.438316,78.351156,8,1,1,1,0,0,1,0,1,1,1,1,0,8640000
Hyderabad,Banjara Hills,500007,Villa,1024,886,2,2,2,2,0,1,12,2,Unfurnished,Good,17.429704,78.431638,5,1,0,0,0,1,1,0,1,0,0,0,1,18130000
Mumbai,Borivali West,400032,Apartment,1091,916,2,2,2,3,23,35,0,1,Semi-Furnished,New,19.244167,72.859842,9,1,1,1,1,0,0,0,1,1,1,1,1,23620000
Hyderabad,Uppal,500029,Apartment,2053,1628,4,4,3,2,9,10,12,1,Semi-Furnished,Good,17.392852,78.565343,9,1,1,1,0,1,0,0,1,1,1,1,1,10950000
Hyderabad,Banjara Hills,500039,Villa,898,745,2,2,2,1,0,2,2,1,Fully Furnished,Good,17.407565,78.436715,4,1,0,0,0,0,0,1,1,0,1,0,0,21740000
Mumbai,Borivali West,400030,Apartment,1444,1220,3,3,3,0,11,14,0,2,Unfurnished,New,19.230879,72.848807,9,1,1,1,1,1,1,0,1,0,0,1,1,30520000
Bengaluru,Indiranagar,560034,Apartment,2081,1729,4,4,4,2,1,7,3,1,Fully Furnished,Good,12.970492,77.658727,9,1,1,1,0,1,0,1,1,1,1,1,0,37210000
Hyderabad,Banjara Hills,500045,Apartment,1361,1179,3,3,3,3,5,7,0,1,Semi-Furnished,New,17.426922,78.450435,8,1,1,0,1,1,1,0,0,0,1,1,1,26430000
Pune,Baner,411012,Apartment,1009,877,2,2,2,3,10,18,18,1,Semi-Furnished,Average,18.551096,73.785622,8,0,0,1,1,0,1,0,1,1,1,1,1,8600000
Hyderabad,Miyapur,500034,Apartment,1446,1267,3,3,2,1,6,7,1,0,Unfurnished,Good,17.499462,78.365879,10,1,0,1,1,1,1,1,1,1,1,1,0,9730000
Bengaluru,Indiranagar,560037,Apartment,1642,1373,4,4,3,2,14,18,2,0,Semi-Furnished,New,12.970892,77.636429,6,1,1,1,0,1,1,0,0,1,0,0,0,28610000
Bengaluru,Hebbal,560003,Apartment,1129,979,2,2,2,2,9,10,1,1,Semi-Furnished,New,13.026496,77.594141,10,1,0,1,1,1,0,1,1,1,1,1,1,14400000
Pune,Aundh,411022,Apartment,548,436,1,1,1,3,2,4,25,2,Semi-Furnished,Average,18.566283,73.807584,8,1,1,1,0,0,0,0,1,1,1,1,1,5120000
Pune,Viman Nagar,411036,Apartment,1342,1083,3,3,3,2,1,14,0,2,Unfurnished,New,18.573237,73.90194,9,0,1,1,1,1,0,1,1,0,1,1,1,16220000
Hyderabad,Uppal,500012,Independent House,1000,865,2,2,1,0,0,3,1,1,Fully Furnished,New,17.40607,78.572144,4,1,0,0,0,0,1,0,1,0,0,0,1,7960000
Delhi NCR,Golf Course Road (Gurugram),110012,Apartment,734,642,1,1,1,0,16,18,5,1,Semi-Furnished,Good,28.454228,77.105029,8,1,1,1,0,1,1,0,1,0,0,1,1,15750000
Nagpur,Wardha Road,440008,Apartment,793,654,2,2,2,2,1,4,2,0,Semi-Furnished,New,21.082456,79.06959,8,1,1,1,0,1,1,0,0,1,0,1,1,5000000
Pune,Wakad,411036,Apartment,911,755,2,2,3,2,2,14,1,2,Fully Furnished,New,18.596242,73.779753,10,1,1,1,1,1,0,0,1,1,1,1,1,9970000
Nagpur,Civil Lines,440042,Apartment,1608,1256,3,3,3,2,18,35,5,1,Semi-Furnished,Good,21.153197,79.082333,10,0,1,1,1,1,1,0,1,1,1,1,1,15860000
Pune,Hinjewadi,411007,Villa,1245,1060,3,3,3,1,0,2,18,1,Fully Furnished,Average,18.603496,73.73534,4,1,0,0,0,0,0,0,1,0,0,1,1,11270000
Delhi NCR,Greater Noida West,110018,Independent House,1102,880,2,2,2,2,0,3,5,0,Unfurnished,Good,28.588763,77.420494,5,1,1,0,0,0,0,0,1,1,0,0,1,7100000
Bengaluru,Indiranagar,560005,Apartment,590,500,1,1,1,1,7,7,0,1,Unfurnished,New,12.987738,77.653508,7,1,1,0,0,0,1,0,0,1,1,1,1,9700000
Pune,Viman Nagar,411011,Villa,2402,1878,4,4,5,2,0,2,3,2,Semi-Furnished,Good,18.574023,73.922887,6,1,1,1,1,0,1,0,1,0,0,0,0,37670000
Chennai,Anna Nagar,600017,Apartment,617,500,2,2,2,2,9,10,8,2,Unfurnished,Average,13.083757,80.200754,10,1,1,1,1,1,0,1,1,1,1,1,0,7960000
Delhi NCR,Sohna Road (Gurugram),110017,Apartment,1646,1340,3,3,2,2,12,28,1,1,Semi-Furnished,Good,28.397441,77.051185,12,1,1,1,1,1,1,1,1,1,1,1,1,17420000
Hyderabad,Manikonda,500028,Independent House,727,570,2,2,3,2,0,3,3,1,Semi-Furnished,New,17.384033,78.39059,7,0,0,0,0,1,1,0,1,1,1,1,1,7360000
Nagpur,Civil Lines,440038,Apartment,782,677,2,2,2,3,2,4,1,1,Fully Furnished,New,21.141395,79.063122,7,1,1,1,1,0,0,0,1,1,0,1,0,8600000
Mumbai,Borivali West,400014,Apartment,1063,897,2,2,2,2,4,22,0,0,Semi-Furnished,Good,19.232209,72.869565,7,0,1,1,0,0,1,0,1,1,0,1,1,19740000
Kolkata,Alipore,700011,Independent House,1622,1325,3,3,4,2,0,1,18,1,Unfurnished,Good,22.531378,88.335557,4,1,0,0,1,0,0,0,1,0,0,0,1,25030000
Mumbai,Bandra West,400039,Apartment,1133,913,2,2,2,3,16,18,1,1,Semi-Furnished,New,19.061962,72.824064,8,0,1,1,1,1,0,0,1,1,1,1,0,60480000
Mumbai,Goregaon West,400012,Independent House,1339,1169,3,3,3,3,0,3,2,1,Fully Furnished,New,19.168513,72.831262,5,1,0,0,1,0,1,0,1,1,0,0,0,36970000
Chennai,Besant Nagar,600030,Apartment,1017,832,2,2,1,0,4,7,1,2,Unfurnished,Good,13.000464,80.277476,9,1,1,1,0,1,1,1,1,1,0,1,0,18010000
Hyderabad,Kukatpally,500032,Apartment,2097,1719,4,4,3,3,8,10,8,1,Semi-Furnished,Good,17.496534,78.401965,7,1,1,1,0,0,0,1,1,1,0,1,0,16070000
Bengaluru,HSR Layout,560015,Apartment,637,503,2,2,3,2,2,10,18,1,Semi-Furnished,Average,12.909688,77.632724,5,1,1,0,0,0,1,0,0,1,0,1,0,6250000
Mumbai,Thane West,400030,Apartment,1384,1164,3,3,2,1,15,18,1,2,Semi-Furnished,New,19.216753,72.985274,5,1,0,1,0,0,1,0,0,0,0,1,1,23530000
Bengaluru,Whitefield,560016,Apartment,1115,952,3,3,4,2,24,28,2,1,Semi-Furnished,New,12.969233,77.747319,9,0,1,1,1,0,1,1,1,1,1,1,0,11510000
Delhi NCR,Indirapuram (Ghaziabad),110012,Apartment,507,436,1,1,1,2,1,10,12,1,Unfurnished,Average,28.638532,77.37408,7,0,0,1,0,0,1,0,1,1,1,1,1,2810000
Bengaluru,Indiranagar,560035,Apartment,2535,2149,4,4,3,2,3,10,1,1,Unfurnished,New,12.977583,77.6411,7,1,1,1,0,1,0,0,1,1,1,0,0,42170000
Mumbai,Goregaon West,400003,Apartment,2746,2354,5,5,5,1,2,7,12,0,Semi-Furnished,Good,19.168251,72.837763,5,1,1,0,1,1,0,0,0,0,0,1,0,47640000
Hyderabad,Madhapur,500007,Apartment,1048,889,2,2,2,3,13,18,8,1,Semi-Furnished,Good,17.460233,78.397299,5,0,0,1,0,0,0,0,1,1,0,1,1,11340000
Chennai,Besant Nagar,600042,Apartment,860,671,2,2,1,1,3,10,3,1,Semi-Furnished,Good,12.987419,80.278621,10,1,1,1,0,1,1,0,1,1,1,1,1,16690000
Nagpur,Manish Nagar,440013,Apartment,1213,955,2,2,1,0,4,18,0,2,Semi-Furnished,New,21.088414,79.074163,8,1,1,1,0,0,0,1,1,1,1,1,0,8440000
Pune,Kalyani Nagar,411003,Villa,975,766,3,3,3,3,0,1,5,1,Semi-Furnished,New,18.545441,73.916145,4,1,0,0,1,0,0,0,0,0,1,1,0,17860000
Pune,Magarpatta,411008,Independent House,1476,1161,3,3,3,2,0,2,1,1,Semi-Furnished,New,18.526805,73.923967,4,1,0,0,0,1,0,0,0,0,1,0,1,20730000
Mumbai,Navi Mumbai - Vashi,400033,Independent House,1290,1130,2,2,1,2,0,1,3,1,Unfurnished,Good,19.076051,72.99398,4,1,0,1,0,0,0,0,1,1,0,0,0,21870000
Mumbai,Kandivali East,400037,Apartment,543,458,1,1,1,2,3,14,12,1,Semi-Furnished,Average,19.196948,72.87895,4,1,1,1,0,0,0,0,0,0,1,0,0,7940000
Kolkata,Ballygunge,700006,Apartment,976,808,2,2,2,2,18,18,0,1,Fully Furnished,Good,22.517897,88.355164,7,1,1,1,0,0,0,1,1,1,0,1,0,16490000
Pune,Wakad,411030,Villa,864,736,2,2,2,2,0,1,2,2,Semi-Furnished,New,18.595971,73.776976,8,1,1,1,1,1,0,1,1,0,0,0,1,11750000
Mumbai,Borivali West,400039,Apartment,1185,951,2,2,3,2,4,18,8,1,Semi-Furnished,New,19.222775,72.853954,7,0,1,1,0,0,1,0,0,1,1,1,1,22970000
Mumbai,Andheri West,400045,Independent House,1026,868,2,2,3,1,0,2,8,0,Semi-Furnished,Good,19.148559,72.831064,4,0,0,0,1,0,0,1,1,1,0,0,0,31020000
Hyderabad,Jubilee Hills,500028,Apartment,1042,852,2,2,3,3,2,14,12,1,Unfurnished,Average,17.440397,78.404712,7,1,1,1,0,0,0,0,1,0,1,1,1,14800000
Bengaluru,Bellandur,560042,Villa,1629,1276,3,3,3,1,0,1,8,2,Unfurnished,Good,12.938904,77.682034,5,1,1,1,0,0,0,0,1,1,0,0,0,19150000
Bengaluru,Yelahanka,560026,Apartment,1185,945,2,2,2,0,21,22,2,1,Semi-Furnished,New,13.083164,77.584922,3,0,1,1,0,0,0,0,0,0,0,1,0,10450000
Bengaluru,Electronic City,560002,Apartment,1403,1215,3,3,4,0,18,18,1,1,Unfurnished,New,12.844744,77.677515,8,0,1,0,0,1,1,1,1,1,0,1,1,10860000
Delhi NCR,Vasant Kunj (Delhi),110016,Apartment,810,644,2,2,1,2,1,14,3,1,Fully Furnished,Average,28.524564,77.163955,8,1,1,1,0,1,1,0,1,1,0,1,0,18120000
Mumbai,Borivali West,400043,Villa,1294,1075,2,2,2,0,0,3,1,1,Fully Furnished,New,19.232653,72.858891,6,0,0,0,1,1,0,1,1,0,0,1,1,34920000
Chennai,Porur,600014,Apartment,1266,1036,3,3,4,1,1,4,3,2,Semi-Furnished,Good,13.036655,80.164903,8,1,1,1,1,1,0,0,0,1,0,1,1,9030000
Delhi NCR,Sohna Road (Gurugram),110018,Apartment,663,537,1,1,1,2,3,4,0,1,Semi-Furnished,New,28.394987,77.040583,7,1,1,1,0,0,0,1,1,1,0,1,0,6850000
Mumbai,Andheri East,400039,Apartment,883,719,2,2,3,3,29,35,1,2,Fully Furnished,Good,19.110168,72.856062,7,0,1,1,0,1,0,0,1,1,1,1,0,21590000
Hyderabad,Gachibowli,500023,Independent House,867,709,2,2,1,1,0,2,12,1,Fully Furnished,Average,17.435972,78.352235,4,1,0,0,0,1,0,0,0,1,0,0,1,9210000
Hyderabad,Manikonda,500007,Independent House,1458,1229,3,3,3,2,0,2,3,2,Semi-Furnished,Good,17.412163,78.394004,6,1,0,0,0,1,1,0,1,0,0,1,1,13740000
Mumbai,Andheri East,400039,Apartment,531,446,1,1,2,1,22,28,1,0,Semi-Furnished,Good,19.116103,72.87429,7,1,1,0,1,0,0,0,1,1,1,0,1,12660000
Nagpur,Wardha Road,440023,Plot,3374,3374,0,0,0,0,0,0,4,0,Unfurnished,Average,21.089529,79.065668,1,0,0,0,0,0,0,0,0,0,0,1,0,13810000
Bengaluru,Indiranagar,560021,Apartment,1569,1298,3,3,3,1,18,35,0,1,Unfurnished,New,12.986944,77.648312,12,1,1,1,1,1,1,1,1,1,1,1,1,28960000
Bengaluru,Sarjapur Road,560032,Villa,2477,1986,5,5,4,2,0,3,8,1,Semi-Furnished,Good,12.902309,77.687181,6,1,0,1,0,0,1,0,0,1,0,1,1,27850000
Bengaluru,Koramangala,560028,Apartment,1123,960,3,3,4,3,2,7,3,1,Unfurnished,Good,12.935557,77.62955,8,1,1,1,1,0,0,1,0,1,1,1,0,15440000
Hyderabad,HITEC City,500042,Apartment,1138,991,2,2,3,1,3,4,3,1,Fully Furnished,Good,17.44048,78.387261,7,0,0,1,1,1,1,1,1,0,1,0,0,13790000
Delhi NCR,Rohini (Delhi),110026,Independent House,1711,1392,4,4,3,2,0,1,0,2,Semi-Furnished,Good,28.706335,77.109239,6,1,0,1,0,1,1,0,0,0,0,1,1,20590000
Mumbai,Bandra West,400025,Apartment,1345,1128,3,3,2,2,35,35,18,1,Fully Furnished,Good,19.062272,72.828131,7,0,1,0,1,0,1,1,1,1,0,1,0,59200000
Mumbai,Bandra West,400011,Apartment,401,344,1,1,1,2,6,7,0,1,Semi-Furnished,New,19.062734,72.828786,8,1,1,1,0,0,1,0,1,1,0,1,1,22460000
Chennai,Besant Nagar,600037,Apartment,481,421,1,1,2,0,13,28,8,1,Semi-Furnished,Good,12.985734,80.271645,7,1,1,0,1,0,1,0,1,1,0,1,0,8240000
Nagpur,Besha,440007,Plot,3567,3567,0,0,0,0,0,0,4,0,Unfurnished,Average,21.065933,79.078762,2,0,0,1,0,0,0,0,0,0,0,1,0,14040000
Hyderabad,HITEC City,500008,Apartment,1756,1481,3,3,3,3,25,28,8,1,Unfurnished,Good,17.4236,78.373534,9,1,1,1,1,0,1,0,1,1,1,1,0,21510000
Hyderabad,Madhapur,500020,Apartment,1280,1084,3,3,4,1,10,28,2,1,Fully Furnished,New,17.444375,78.389238,7,0,1,1,0,1,0,1,1,0,0,1,1,15680000
Chennai,Adyar,600037,Apartment,970,767,3,3,3,3,1,14,3,1,Semi-Furnished,Average,13.00962,80.241757,10,1,1,1,0,1,1,1,1,1,0,1,1,14540000
Pune,Viman Nagar,411010,Independent House,1623,1310,3,3,2,3,0,3,8,1,Fully Furnished,Good,18.55629,73.906906,4,1,0,0,0,0,0,1,1,0,0,0,1,22670000
Bengaluru,Bellandur,560039,Villa,635,509,1,1,1,2,0,3,0,1,Fully Furnished,New,12.921062,77.685818,3,0,1,0,0,0,1,0,0,0,0,0,1,10360000
Chennai,Sholinganallur,600045,Plot,2846,2846,0,0,0,0,0,0,0,0,Unfurnished,Average,12.903152,80.220699,2,0,0,1,0,0,0,0,0,0,0,1,0,15960000
Chennai,Porur,600042,Plot,1890,1890,0,0,0,0,0,0,0,0,Unfurnished,Average,13.040491,80.154991,1,0,0,0,0,0,0,0,0,0,0,1,0,10640000
Bengaluru,JP Nagar,560031,Apartment,1014,840,3,3,3,1,7,7,2,1,Fully Furnished,Good,12.894346,77.587147,6,1,1,1,0,0,0,0,1,1,0,0,1,11370000
Delhi NCR,Rohini (Delhi),110029,Independent House,1241,1068,3,3,3,2,0,1,0,2,Fully Furnished,New,28.695856,77.110156,6,1,0,1,1,0,0,0,0,1,1,0,1,17360000
Pune,Kharadi,411031,Plot,3195,3195,0,0,0,0,0,0,0,0,Unfurnished,Average,18.556828,73.935651,2,0,0,1,0,0,0,0,0,0,0,1,0,23490000
Delhi NCR,Golf Course Road (Gurugram),110034,Apartment,1696,1372,3,3,3,0,12,18,12,1,Semi-Furnished,Average,28.449,77.098691,8,1,1,1,0,1,0,1,0,1,1,1,0,27010000
Delhi NCR,Rohini (Delhi),110020,Villa,806,698,2,2,2,2,0,1,8,3,Unfurnished,Good,28.700299,77.116256,4,0,0,0,0,0,0,1,1,1,0,0,1,9620000
Chennai,Adyar,600017,Independent House,3192,2784,5,5,6,2,0,1,0,2,Semi-Furnished,New,12.992346,80.254102,5,1,0,0,0,0,0,0,1,1,1,0,1,59690000
Nagpur,Khamla,440026,Independent House,1015,853,2,2,3,2,0,3,0,1,Semi-Furnished,New,21.107071,79.068638,6,1,1,0,1,1,0,0,1,0,0,0,1,8220000
Delhi NCR,Golf Course Road (Gurugram),110021,Apartment,812,700,2,2,1,2,4,4,3,1,Semi-Furnished,Average,28.472918,77.090919,8,1,1,1,1,0,0,1,1,1,0,1,0,14190000
Chennai,Sholinganallur,600008,Apartment,1455,1258,3,3,4,2,14,28,0,2,Semi-Furnished,New,12.897197,80.221213,9,1,0,1,1,1,1,0,0,1,1,1,1,12350000
Pune,Kalyani Nagar,411007,Independent House,4794,4059,5,5,6,2,0,2,5,2,Semi-Furnished,New,18.544288,73.887895,7,1,1,0,1,0,0,1,1,1,0,0,1,84960000
Bengaluru,HSR Layout,560021,Apartment,1054,828,2,2,1,1,19,22,1,1,Unfurnished,Good,12.905968,77.637135,9,1,1,0,0,1,1,1,1,1,1,1,0,14150000
Mumbai,Andheri West,400045,Villa,1337,1078,3,3,3,2,0,1,0,2,Semi-Furnished,Good,19.120892,72.841998,6,1,0,0,0,1,1,0,1,1,0,0,1,47610000
Mumbai,Kandivali East,400035,Apartment,1776,1406,3,3,3,2,19,22,1,2,Semi-Furnished,Good,19.216427,72.860692,9,1,1,1,0,1,1,1,1,1,0,1,0,35550000
Bengaluru,Koramangala,560012,Apartment,838,735,2,2,2,3,3,14,0,0,Fully Furnished,Average,12.920266,77.621103,7,1,1,1,0,0,1,0,1,1,0,1,0,13490000
Bengaluru,Electronic City,560012,Independent House,1283,1056,3,3,2,1,0,3,12,1,Unfurnished,Good,12.837444,77.686149,9,1,0,1,1,0,1,0,1,1,1,1,1,8880000
Nagpur,Pratap Nagar,440016,Apartment,1187,1010,3,3,3,1,3,7,3,2,Unfurnished,Average,21.126616,79.050581,9,0,1,1,0,1,1,1,0,1,1,1,1,7060000
Bengaluru,Whitefield,560031,Apartment,1023,805,2,2,2,0,30,35,12,3,Unfurnished,Good,12.972935,77.750161,9,1,1,1,0,0,1,0,1,1,1,1,1,9610000
Delhi NCR,Golf Course Road (Gurugram),110018,Apartment,835,721,2,2,2,2,8,22,5,1,Unfurnished,Average,28.462192,77.081864,8,1,1,1,1,0,0,1,1,1,0,1,0,14960000
Mumbai,Andheri East,400042,Apartment,1283,1092,2,2,2,1,6,10,5,2,Semi-Furnished,Average,19.105641,72.863622,7,1,1,1,0,0,0,0,1,1,1,1,0,23460000
Delhi NCR,Indirapuram (Ghaziabad),110002,Apartment,1432,1235,3,3,4,1,9,35,1,1,Semi-Furnished,New,28.631496,77.37837,9,1,1,0,1,1,1,1,1,1,0,1,0,12570000
Delhi NCR,Cyber City (Gurugram),110009,Independent House,1041,855,2,2,3,2,0,2,5,1,Semi-Furnished,Good,28.480853,77.097461,6,0,0,0,0,0,1,0,1,1,1,1,1,20930000
Bengaluru,Sarjapur Road,560005,Apartment,1609,1366,3,3,3,2,4,4,2,2,Fully Furnished,New,12.913283,77.686762,8,1,1,1,0,0,1,1,1,1,0,1,0,17580000
Pune,Viman Nagar,411028,Independent House,1278,1095,2,2,2,0,0,1,2,1,Semi-Furnished,New,18.560276,73.922925,4,1,0,0,0,0,0,0,1,0,0,1,1,17890000
Hyderabad,Madhapur,500037,Villa,927,761,2,2,2,2,0,2,1,1,Semi-Furnished,New,17.436008,78.389222,3,1,1,0,0,0,0,0,1,0,0,0,0,13320000
Hyderabad,Jubilee Hills,500027,Apartment,531,436,1,1,2,0,11,28,12,1,Unfurnished,Average,17.423115,78.403709,10,0,1,1,1,1,1,0,1,1,1,1,1,7970000
Bengaluru,JP Nagar,560029,Apartment,966,771,2,2,2,2,9,10,3,0,Semi-Furnished,Good,12.893382,77.574136,9,1,1,1,0,1,1,0,1,1,1,1,0,10620000
Bengaluru,Bellandur,560036,Apartment,1199,949,3,3,3,0,22,28,5,0,Fully Furnished,New,12.934596,77.678002,6,1,0,0,0,0,0,0,1,1,1,1,1,14760000
Nagpur,Besha,440016,Independent House,727,613,1,1,1,1,0,2,12,1,Unfurnished,Average,21.071522,79.086404,6,1,0,0,0,1,1,1,1,1,0,0,0,3560000
Pune,Kothrud,411043,Villa,2292,1987,4,4,4,2,0,1,5,0,Semi-Furnished,Good,18.505901,73.818832,9,0,1,0,1,0,1,1,1,1,1,1,1,36530000
Bengaluru,Electronic City,560041,Apartment,1408,1118,3,3,4,1,13,22,18,1,Semi-Furnished,Average,12.84007,77.669523,7,1,1,1,0,1,0,1,0,1,0,1,0,7710000
Pune,Hadapsar,411042,Independent House,2627,2106,4,4,5,2,0,1,0,1,Unfurnished,New,18.51246,73.926149,8,1,0,0,1,0,1,1,1,1,1,1,0,26700000
Delhi NCR,Indirapuram (Ghaziabad),110014,Apartment,1483,1207,3,3,2,1,10,10,0,1,Semi-Furnished,New,28.645998,77.379874,8,1,1,1,1,0,0,1,1,1,0,1,0,12410000
Hyderabad,Miyapur,500007,Independent House,613,530,1,1,1,2,0,1,2,1,Semi-Furnished,New,17.50064,78.353342,5,1,0,1,0,0,1,0,1,0,0,1,0,5100000
Hyderabad,Kukatpally,500046,Apartment,580,458,2,2,1,2,3,7,8,1,Fully Furnished,Good,17.49866,78.404883,6,1,0,0,0,0,1,1,1,1,1,0,0,4810000
Chennai,Besant Nagar,600010,Villa,882,709,2,2,3,1,0,1,0,3,Semi-Furnished,New,13.002672,80.278092,10,1,1,1,0,0,1,1,1,1,1,1,1,24600000
Hyderabad,Gachibowli,500015,Apartment,945,765,2,2,2,2,2,4,8,0,Semi-Furnished,Good,17.441215,78.357787,10,1,1,1,1,0,1,0,1,1,1,1,1,8540000
Pune,Baner,411033,Apartment,894,763,2,2,3,0,7,22,8,1,Fully Furnished,Good,18.569685,73.794602,9,1,1,1,0,0,1,0,1,1,1,1,1,10410000
Mumbai,Juhu,400022,Apartment,2332,1826,5,5,5,0,24,28,8,1,Fully Furnished,Good,19.107101,72.821581,7,1,1,1,0,0,0,0,1,1,0,1,1,108500000
Kolkata,Salt Lake (Sector V),700027,Apartment,495,400,1,1,2,2,17,22,1,0,Semi-Furnished,Good,22.571794,88.413481,6,1,0,1,0,0,0,0,1,1,0,1,1,5040000
Bengaluru,Bellandur,560019,Apartment,538,429,1,1,1,2,1,18,2,1,Semi-Furnished,New,12.927257,77.676182,7,0,1,0,0,1,1,0,1,1,1,0,1,5630000
Pune,Magarpatta,411018,Apartment,1082,882,3,3,3,3,4,4,12,1,Unfurnished,Average,18.507757,73.921415,9,1,1,0,1,1,1,1,1,1,0,1,0,9160000
Pune,Viman Nagar,411030,Apartment,2741,2408,5,5,5,2,5,7,25,1,Semi-Furnished,Average,18.581872,73.922517,7,1,1,1,0,1,0,1,0,0,0,1,1,23130000
Hyderabad,Manikonda,500033,Apartment,1369,1173,3,3,2,0,18,28,2,0,Fully Furnished,Good,17.416314,78.387656,7,0,1,1,0,0,0,1,1,1,1,1,0,12870000
Mumbai,Juhu,400023,Apartment,597,477,1,1,1,1,10,22,3,1,Fully Furnished,Good,19.113115,72.831395,8,1,1,1,0,1,1,1,1,0,0,1,0,27490000
Hyderabad,Madhapur,500036,Apartment,1265,1009,3,3,3,1,2,4,1,1,Unfurnished,Good,17.453419,78.397222,10,1,1,0,0,1,1,1,1,1,1,1,1,13310000
Nagpur,Sadar,440014,Independent House,1500,1227,4,4,3,2,0,1,2,1,Unfurnished,New,21.161341,79.086988,7,0,1,1,0,1,1,1,1,1,0,0,0,16500000
Chennai,Besant Nagar,600036,Apartment,1647,1345,4,4,4,3,5,18,2,1,Unfurnished,New,12.996787,80.263585,11,1,1,1,1,1,1,1,1,1,1,1,0,31770000
Bengaluru,Koramangala,560021,Apartment,576,459,1,1,1,1,5,10,12,0,Unfurnished,Average,12.927941,77.62897,6,0,1,1,0,0,0,0,1,1,1,1,0,6660000
Bengaluru,Whitefield,560034,Apartment,2494,1964,5,5,5,3,5,18,5,1,Semi-Furnished,Average,12.962658,77.763872,7,0,1,1,0,0,1,1,1,1,0,1,0,21840000
Bengaluru,JP Nagar,560012,Apartment,591,492,1,1,1,3,12,14,8,1,Semi-Furnished,New,12.904301,77.588037,7,1,0,1,0,1,0,1,1,0,1,1,0,6490000
Hyderabad,Jubilee Hills,500025,Villa,1473,1191,3,3,3,3,0,1,2,1,Semi-Furnished,Good,17.432819,78.41425,6,0,1,1,0,0,1,0,0,0,1,1,1,35870000
Mumbai,Andheri East,400013,Independent House,2636,2149,5,5,4,2,0,3,3,0,Unfurnished,Average,19.108701,72.853868,6,1,0,1,0,0,1,1,0,1,1,0,0,59180000
Pune,Viman Nagar,411030,Apartment,1617,1274,3,3,3,3,2,4,2,1,Unfurnished,Good,18.561259,73.912045,10,1,1,1,1,1,0,1,1,1,1,0,1,17770000
Chennai,Porur,600024,Independent House,4088,3499,5,5,5,1,0,2,1,1,Unfurnished,New,13.026841,80.157416,6,1,1,0,0,0,1,0,1,1,1,0,0,34380000
Pune,Baner,411027,Independent House,1091,859,2,2,3,2,0,1,1,0,Unfurnished,Good,18.558168,73.772734,5,1,0,0,0,1,0,0,0,0,1,1,1,12790000
Hyderabad,Madhapur,500042,Apartment,783,631,2,2,2,1,3,4,0,1,Semi-Furnished,New,17.448937,78.402973,8,0,1,1,1,1,0,0,0,1,1,1,1,8650000
Bengaluru,JP Nagar,560045,Apartment,1198,946,3,3,3,0,2,7,3,1,Fully Furnished,Good,12.901878,77.582647,10,1,1,1,1,1,0,0,1,1,1,1,1,14330000
Bengaluru,Sarjapur Road,560039,Apartment,1356,1081,3,3,3,1,18,28,1,1,Fully Furnished,New,12.913626,77.679994,7,1,1,1,0,1,0,0,1,1,0,0,1,15260000
Bengaluru,Koramangala,560020,Apartment,1596,1369,3,3,2,1,22,28,8,3,Semi-Furnished,Good,12.929342,77.630751,8,1,1,1,1,1,0,0,1,1,1,0,0,25120000
Nagpur,Civil Lines,440019,Apartment,1663,1390,3,3,3,2,7,10,3,2,Semi-Furnished,Good,21.153389,79.07205,9,1,0,1,0,0,1,1,1,1,1,1,1,16550000
Delhi NCR,Golf Course Road (Gurugram),110024,Apartment,933,746,2,2,3,0,1,14,0,1,Semi-Furnished,Good,28.461571,77.098694,8,1,1,1,0,1,0,1,1,1,1,0,0,18260000
Mumbai,Thane West,400046,Apartment,1761,1396,3,3,3,2,8,10,8,2,Unfurnished,Good,19.203423,72.972622,10,1,1,1,1,0,1,0,1,1,1,1,1,24460000
Delhi NCR,Rohini (Delhi),110015,Independent House,1020,879,2,2,1,3,0,3,3,1,Fully Furnished,Average,28.722609,77.095134,2,1,0,0,0,0,1,0,0,0,0,0,0,11280000
Pune,Magarpatta,411021,Apartment,1296,1011,4,4,3,2,10,35,5,1,Semi-Furnished,Good,18.516053,73.929373,7,0,1,1,0,1,0,0,1,1,1,1,0,14670000
Hyderabad,Kondapur,500034,Apartment,592,470,1,1,1,0,13,14,0,1,Semi-Furnished,New,17.478252,78.362471,6,1,1,1,0,0,0,0,1,1,0,1,0,6100000
Delhi NCR,Rohini (Delhi),110037,Apartment,1044,845,3,3,3,1,7,35,3,1,Unfurnished,New,28.7122,77.098063,6,1,0,1,0,0,1,1,1,0,0,1,0,11320000
Nagpur,Sadar,440036,Apartment,1359,1134,3,3,3,3,17,35,0,1,Semi-Furnished,New,21.172561,79.078158,8,0,1,1,1,1,1,0,0,1,0,1,1,13960000
Bengaluru,Electronic City,560027,Villa,2179,1898,4,4,5,3,0,1,1,0,Unfurnished,New,12.83954,77.673539,6,0,1,0,0,0,0,1,1,1,1,0,1,20380000
Bengaluru,Whitefield,560026,Apartment,791,631,2,2,3,0,16,18,0,0,Unfurnished,Good,12.960125,77.759943,8,1,1,1,1,1,0,0,0,1,1,1,0,7930000
Mumbai,Goregaon West,400006,Independent House,1416,1216,3,3,4,2,0,2,5,2,Unfurnished,Good,19.177921,72.838558,8,1,0,0,0,0,1,1,1,1,1,1,1,34190000
Bengaluru,Koramangala,560013,Apartment,1444,1163,3,3,3,2,2,10,18,0,Unfurnished,Average,12.927002,77.639284,3,0,0,0,0,0,0,0,1,1,0,1,0,15540000
Bengaluru,HSR Layout,560018,Independent House,929,786,2,2,3,1,0,2,1,1,Unfurnished,Good,12.917917,77.64137,4,1,0,0,1,0,1,0,1,0,0,0,0,13040000
Nagpur,Civil Lines,440027,Apartment,797,694,3,3,3,3,14,18,1,1,Fully Furnished,New,21.146842,79.076834,10,1,1,1,1,1,0,1,1,1,0,1,1,9530000
Bengaluru,Sarjapur Road,560024,Apartment,1452,1249,3,3,4,3,15,28,18,1,Unfurnished,Average,12.899526,77.699783,7,1,0,1,0,0,0,1,1,1,1,0,1,10310000
Mumbai,Andheri East,400044,Villa,915,741,2,2,2,2,0,1,0,0,Semi-Furnished,New,19.110362,72.877937,7,0,1,1,0,1,0,0,1,1,1,0,1,29720000
Nagpur,Civil Lines,440019,Apartment,1113,903,2,2,3,0,1,4,25,1,Semi-Furnished,New,21.172374,79.061621,8,1,1,0,0,1,0,1,1,0,1,1,1,8130000
Nagpur,Trimurti Nagar,440040,Villa,746,632,2,2,2,1,0,3,1,1,Fully Furnished,Average,21.121534,79.040405,4,1,0,0,1,0,0,0,0,0,0,1,1,6720000
Hyderabad,HITEC City,500006,Apartment,1088,908,2,2,2,3,1,4,0,1,Unfurnished,New,17.453359,78.364995,10,1,1,1,1,1,1,1,0,1,0,1,1,13030000
Hyderabad,Madhapur,500040,Apartment,1606,1404,3,3,2,1,7,7,1,3,Semi-Furnished,Average,17.444558,78.385114,8,1,1,1,1,1,1,0,0,1,0,1,0,18130000
Pune,Aundh,411039,Apartment,729,627,2,2,1,2,2,7,8,0,Semi-Furnished,Average,18.560187,73.811329,9,1,1,1,0,0,0,1,1,1,1,1,1,7990000
Mumbai,Juhu,400015,Apartment,1083,856,2,2,1,2,24,28,0,1,Fully Furnished,New,19.102949,72.837569,11,1,1,1,1,1,0,1,1,1,1,1,1,60430000
Kolkata,New Town (Action Area 1),700045,Villa,2353,1917,4,4,4,1,0,2,3,1,Semi-Furnished,Good,22.600968,88.46698,5,1,1,0,1,0,0,0,0,0,0,1,1,21260000
Pune,Kalyani Nagar,411046,Apartment,617,483,1,1,1,1,14,35,5,0,Fully Furnished,Good,18.546878,73.907747,6,0,1,1,0,1,1,0,1,0,0,1,0,9110000
Bengaluru,HSR Layout,560034,Apartment,1291,1022,3,3,3,2,2,35,0,0,Unfurnished,Good,12.928168,77.632821,7,1,1,1,0,0,1,1,1,1,0,0,0,15980000
Mumbai,Powai,400016,Villa,851,668,2,2,3,1,0,2,3,1,Semi-Furnished,Good,19.114914,72.903463,6,1,1,1,1,0,0,1,0,0,1,0,0,25120000
Delhi NCR,Golf Course Road (Gurugram),110019,Apartment,1047,900,2,2,2,0,10,14,5,2,Semi-Furnished,Good,28.470625,77.09816,7,1,1,1,0,1,0,0,1,1,0,1,0,21120000
Pune,Viman Nagar,411035,Independent House,781,618,2,2,1,2,0,3,3,2,Semi-Furnished,Average,18.572035,73.931551,5,1,0,0,0,0,0,1,1,0,1,1,0,9650000
Delhi NCR,Sohna Road (Gurugram),110002,Apartment,885,701,2,2,2,0,6,7,5,1,Fully Furnished,Good,28.390511,77.038085,9,1,1,1,0,1,0,1,1,1,1,1,0,7900000
Bengaluru,HSR Layout,560040,Apartment,1502,1224,3,3,4,1,10,35,8,0,Semi-Furnished,Good,12.905336,77.631718,7,1,1,0,0,0,0,1,1,1,1,1,0,18440000
Bengaluru,Koramangala,560034,Apartment,1127,983,3,3,4,2,15,18,18,2,Semi-Furnished,Average,12.932491,77.636232,10,1,1,1,1,1,1,1,0,1,0,1,1,13360000
Mumbai,Andheri East,400031,Apartment,1520,1222,4,4,4,0,7,7,8,1,Semi-Furnished,Needs Renovation,19.115754,72.878896,7,1,1,1,0,0,0,0,1,1,1,1,0,22660000
Mumbai,Powai,400013,Apartment,1502,1261,3,3,3,2,3,10,3,1,Unfurnished,Good,19.122248,72.889527,6,1,1,1,0,0,0,1,0,1,0,1,0,33590000
Delhi NCR,Indirapuram (Ghaziabad),110014,Apartment,1620,1369,3,3,4,3,4,14,5,1,Semi-Furnished,Average,28.637506,77.385019,9,1,1,1,1,1,1,0,1,0,1,1,0,11820000
Mumbai,Powai,400034,Apartment,590,500,1,1,2,2,3,7,3,2,Semi-Furnished,Good,19.113988,72.898217,8,1,1,1,1,0,1,0,0,1,0,1,1,14000000
Pune,Baner,411025,Independent House,1047,840,2,2,2,1,0,2,5,1,Semi-Furnished,Good,18.556407,73.76922,7,1,1,0,0,0,1,0,0,1,1,1,1,13700000
Delhi NCR,Rohini (Delhi),110042,Apartment,1447,1197,3,3,2,2,3,22,3,1,Semi-Furnished,Good,28.706963,77.116857,7,1,1,0,1,1,1,0,0,1,0,1,0,15780000
Mumbai,Powai,400016,Apartment,470,406,2,2,3,1,3,7,1,1,Fully Furnished,New,19.121074,72.894587,8,1,1,1,0,0,1,0,1,1,1,1,0,13260000
Bengaluru,HSR Layout,560031,Apartment,1432,1137,3,3,3,1,5,22,5,2,Semi-Furnished,Average,12.917186,77.640606,10,1,1,1,1,0,1,1,1,1,0,1,1,15500000
Nagpur,Pratap Nagar,440035,Villa,872,761,2,2,1,3,0,1,5,0,Semi-Furnished,New,21.124255,79.057123,9,1,0,1,0,1,0,1,1,1,1,1,1,8440000
Kolkata,Jadavpur,700026,Independent House,1125,960,2,2,1,3,0,1,8,1,Semi-Furnished,Good,22.492817,88.3739,7,1,1,0,1,0,1,0,0,1,1,0,1,8710000
Pune,Wakad,411007,Apartment,1445,1266,3,3,4,2,14,14,5,1,Semi-Furnished,Good,18.605835,73.758984,10,1,1,1,0,0,1,1,1,1,1,1,1,13240000
Bengaluru,Hebbal,560005,Apartment,1446,1267,3,3,3,0,2,7,1,1,Fully Furnished,Good,13.055013,77.590094,5,0,1,1,0,1,0,0,1,0,0,1,0,18080000
Hyderabad,Jubilee Hills,500036,Independent House,1292,1121,2,2,3,3,0,1,8,1,Fully Furnished,Average,17.431122,78.404915,6,1,0,0,0,1,1,1,1,0,0,1,0,24800000
Hyderabad,Manikonda,500045,Apartment,1382,1093,3,3,3,3,1,4,1,0,Semi-Furnished,New,17.392946,78.38879,7,1,1,1,0,0,0,1,1,1,0,0,1,12880000
Delhi NCR,Cyber City (Gurugram),110043,Villa,516,437,1,1,1,2,0,3,8,1,Fully Furnished,Good,28.493074,77.075891,6,0,1,1,1,0,1,0,1,1,0,0,0,12060000
Kolkata,Alipore,700011,Apartment,995,865,2,2,1,2,8,14,0,1,Semi-Furnished,Good,22.53151,88.328265,10,1,1,1,1,0,1,1,1,1,0,1,1,19600000
Bengaluru,Koramangala,560020,Apartment,3489,2878,5,5,4,2,31,35,0,0,Unfurnished,Good,12.934969,77.62702,7,1,1,1,0,0,0,1,0,1,0,1,1,56760000
Bengaluru,Indiranagar,560038,Apartment,1142,957,2,2,3,3,4,10,8,2,Fully Furnished,Good,12.983816,77.642343,6,0,1,0,1,0,0,1,1,1,0,1,0,19800000
Chennai,Porur,600033,Apartment,1505,1229,3,3,4,1,5,18,5,2,Semi-Furnished,Good,13.04864,80.161356,11,1,1,1,1,1,1,1,0,1,1,1,1,10350000
Delhi NCR,Sector 62 (Noida),110045,Apartment,1173,1014,2,2,1,2,4,7,5,2,Fully Furnished,Good,28.628081,77.361584,8,1,0,1,0,1,1,1,1,1,0,1,0,11120000
Mumbai,Thane West,400046,Independent House,1313,1099,3,3,4,0,0,3,12,3,Semi-Furnished,Needs Renovation,19.220116,72.973365,9,0,1,1,0,0,1,1,1,1,1,1,1,18350000
Bengaluru,Bellandur,560005,Apartment,2057,1639,4,4,3,2,14,18,0,2,Semi-Furnished,Good,12.922939,77.668801,7,1,0,1,0,1,0,0,0,1,1,1,1,23050000
Mumbai,Navi Mumbai - Vashi,400005,Apartment,981,778,2,2,3,2,2,10,12,1,Fully Furnished,Average,19.080207,72.990382,7,1,1,1,0,0,1,0,1,1,0,1,0,12570000
Bengaluru,Yelahanka,560029,Apartment,1056,874,2,2,2,2,1,10,1,2,Semi-Furnished,New,13.112577,77.588089,5,0,1,1,0,0,0,0,1,1,0,1,0,9430000
Kolkata,Salt Lake (Sector V),700009,Independent House,1471,1263,3,3,2,0,0,2,1,1,Unfurnished,New,22.579943,88.42682,6,1,1,0,0,0,0,1,1,0,0,1,1,14770000
Bengaluru,Hebbal,560045,Apartment,1648,1449,3,3,3,3,1,10,8,1,Semi-Furnished,Good,13.029595,77.590762,8,1,1,1,0,0,0,0,1,1,1,1,1,17230000
Kolkata,New Town (Action Area 1),700006,Villa,1388,1098,4,4,4,3,0,3,1,2,Semi-Furnished,New,22.582811,88.471855,6,1,1,0,0,0,1,0,0,1,0,1,1,15530000
Nagpur,Dharampeth,440014,Apartment,1522,1280,3,3,2,3,5,7,5,1,Semi-Furnished,Good,21.141986,79.080943,10,0,0,1,1,1,1,1,1,1,1,1,1,13920000
Pune,Baner,411012,Apartment,555,486,1,1,1,3,5,7,5,0,Unfurnished,Average,18.552624,73.787791,8,1,1,1,0,0,0,1,1,1,0,1,1,5360000
Delhi NCR,Rohini (Delhi),110033,Apartment,1703,1454,3,3,3,3,8,14,2,1,Semi-Furnished,New,28.698086,77.108032,9,1,1,1,0,0,1,1,1,1,0,1,1,19770000
Pune,Magarpatta,411022,Apartment,641,523,1,1,1,1,11,18,5,0,Semi-Furnished,Good,18.515852,73.931539,9,0,1,1,1,0,0,1,1,1,1,1,1,6640000
Bengaluru,Sarjapur Road,560015,Independent House,1216,990,2,2,2,2,0,1,0,2,Fully Furnished,New,12.918241,77.674241,7,1,0,1,1,1,0,0,1,0,1,1,0,14470000
Hyderabad,Madhapur,500037,Independent House,770,606,2,2,2,1,0,1,3,0,Semi-Furnished,Good,17.453724,78.381222,6,1,0,0,1,1,1,0,1,0,0,1,0,9430000
Chennai,T Nagar,600037,Independent House,627,524,1,1,1,0,0,1,2,2,Semi-Furnished,New,13.041271,80.236171,5,1,1,1,0,0,0,0,1,0,1,0,0,12270000
Nagpur,Pratap Nagar,440039,Apartment,1549,1213,3,3,4,0,17,28,2,1,Unfurnished,New,21.116094,79.046403,6,1,1,0,0,0,0,0,1,1,1,1,0,12090000
Mumbai,Navi Mumbai - Vashi,400041,Apartment,967,849,2,2,1,3,9,22,8,2,Fully Furnished,Good,19.077292,72.992595,7,1,1,1,0,0,0,0,1,1,0,1,1,15450000
Pune,Kalyani Nagar,411032,Apartment,1400,1208,3,3,2,2,2,4,3,1,Semi-Furnished,Good,18.535299,73.8996,10,1,1,1,0,0,1,1,1,1,1,1,1,20120000
Pune,Magarpatta,411039,Apartment,1078,881,3,3,3,2,13,28,5,2,Unfurnished,Good,18.525053,73.937357,10,0,1,1,1,1,1,1,1,1,0,1,1,10710000
Pune,Hadapsar,411033,Villa,1742,1513,3,3,3,2,0,1,3,2,Semi-Furnished,Good,18.507751,73.929248,6,1,1,1,0,0,0,1,1,0,1,0,0,19020000
Mumbai,Navi Mumbai - Vashi,400030,Independent House,1107,887,2,2,2,3,0,3,2,1,Unfurnished,New,19.080349,72.992087,3,1,0,0,0,0,1,0,0,0,0,0,1,18280000
Delhi NCR,Sector 150 (Noida),110041,Apartment,700,568,2,2,1,0,4,35,1,0,Semi-Furnished,New,28.456504,77.48258,5,1,1,0,0,0,0,0,0,1,1,1,0,7520000
Chennai,Velachery,600023,Apartment,3132,2681,5,5,5,2,1,18,2,0,Semi-Furnished,New,12.972244,80.212543,8,1,1,0,1,1,1,0,1,1,0,1,0,33130000
Bengaluru,Yelahanka,560008,Independent House,867,749,2,2,2,1,0,2,0,1,Unfurnished,New,13.101847,77.587695,5,1,0,0,0,0,1,0,1,1,1,0,0,8110000
Bengaluru,Koramangala,560008,Independent House,1284,1084,3,3,3,3,0,1,18,2,Fully Furnished,Average,12.943574,77.630688,4,0,0,0,0,0,1,0,1,1,0,0,1,17790000
Bengaluru,Yelahanka,560010,Apartment,1368,1199,3,3,3,2,16,18,8,1,Semi-Furnished,Good,13.096291,77.584945,9,1,1,1,1,0,1,0,1,1,0,1,1,10320000
Mumbai,Thane West,400019,Apartment,600,484,1,1,1,1,12,22,8,1,Unfurnished,Good,19.220902,72.979288,8,1,1,1,0,1,1,0,1,0,0,1,1,8240000
Mumbai,Borivali West,400028,Apartment,1635,1420,3,3,2,3,3,14,2,1,Semi-Furnished,New,19.231208,72.862326,9,0,1,1,1,1,1,0,1,1,0,1,1,30940000
Hyderabad,HITEC City,500040,Apartment,350,301,2,2,3,3,14,35,3,1,Fully Furnished,Good,17.44577,78.365802,7,1,1,1,0,0,1,0,1,0,1,1,0,4630000
Bengaluru,Indiranagar,560014,Apartment,1985,1569,4,4,4,2,1,7,5,1,Unfurnished,New,12.991099,77.644,8,1,1,1,0,0,0,1,1,1,1,1,0,31220000
Hyderabad,Jubilee Hills,500011,Apartment,1610,1360,3,3,3,1,10,22,2,1,Semi-Furnished,New,17.434848,78.403639,10,1,1,1,1,0,1,1,1,1,1,1,0,35000000
Mumbai,Borivali West,400033,Apartment,1120,895,3,3,2,2,5,10,3,1,Semi-Furnished,Good,19.233286,72.844319,9,1,0,1,1,1,0,1,1,1,0,1,1,21900000
Mumbai,Powai,400014,Apartment,983,814,2,2,1,2,1,10,0,2,Semi-Furnished,New,19.131012,72.89348,9,1,1,1,1,1,1,0,1,1,0,1,0,24850000
Bengaluru,Indiranagar,560019,Apartment,1607,1411,3,3,2,0,9,28,0,2,Semi-Furnished,Good,12.981083,77.642242,9,1,1,1,1,0,0,1,1,1,1,1,0,26860000
Hyderabad,Uppal,500012,Apartment,518,420,1,1,2,1,3,4,8,0,Unfurnished,Good,17.41176,78.559788,8,1,1,0,1,1,0,0,1,1,1,1,0,2810000
Hyderabad,Uppal,500019,Apartment,567,492,1,1,1,2,4,10,0,3,Fully Furnished,New,17.392335,78.56767,7,1,1,0,0,0,0,0,1,1,1,1,1,4540000
Delhi NCR,Indirapuram (Ghaziabad),110041,Apartment,1981,1680,3,3,2,1,8,22,18,0,Semi-Furnished,Average,28.631875,77.381581,4,1,1,1,0,0,0,0,0,0,0,1,0,10260000
Hyderabad,HITEC City,500021,Apartment,1439,1125,3,3,2,3,8,28,0,2,Semi-Furnished,Good,17.451312,78.360623,10,1,1,1,1,1,1,1,1,1,1,0,0,18240000
Hyderabad,Manikonda,500005,Apartment,1258,1101,3,3,4,2,13,22,3,0,Unfurnished,Good,17.398584,78.392482,8,1,1,1,0,1,0,0,1,1,1,1,0,10640000
Hyderabad,Madhapur,500021,Apartment,927,762,2,2,3,0,7,7,18,0,Fully Furnished,Average,17.449944,78.392414,7,0,0,1,1,1,1,0,1,1,0,1,0,8290000
Hyderabad,Uppal,500007,Apartment,466,383,1,1,1,1,18,28,3,1,Semi-Furnished,Good,17.410668,78.562562,8,1,1,0,1,0,0,0,1,1,1,1,1,3200000
Pune,Hadapsar,411032,Independent House,812,638,2,2,2,2,0,3,1,1,Semi-Furnished,New,18.505226,73.924491,5,0,1,1,0,0,1,0,1,0,0,0,1,7930000
Kolkata,Ballygunge,700005,Apartment,661,554,2,2,3,1,10,35,0,1,Unfurnished,Good,22.523194,88.36918,9,1,0,1,1,1,1,0,1,1,0,1,1,9380000
Kolkata,New Town (Action Area 1),700024,Villa,1714,1447,4,4,4,2,0,1,2,1,Semi-Furnished,Average,22.588483,88.468357,5,1,1,0,0,0,0,0,1,0,1,1,0,15870000
Chennai,Sholinganallur,600021,Plot,2015,2015,0,0,0,0,0,0,5,0,Unfurnished,Average,12.918324,80.236337,2,0,0,1,0,0,0,0,0,0,0,1,0,11320000
Delhi NCR,Indirapuram (Ghaziabad),110041,Independent House,1694,1368,3,3,2,0,0,2,2,2,Unfurnished,Good,28.632009,77.365221,6,1,0,0,0,0,1,0,1,1,1,0,1,13270000
Bengaluru,Bellandur,560044,Apartment,2604,2224,4,4,4,2,27,35,0,1,Fully Furnished,Good,12.921622,77.666189,10,1,1,1,1,1,0,1,1,0,1,1,1,32590000
Chennai,Adyar,600024,Plot,2177,2177,0,0,0,0,0,0,5,0,Unfurnished,Average,12.999291,80.258647,2,0,0,1,0,0,0,0,0,0,0,1,0,24350000
Nagpur,Dharampeth,440004,Apartment,1786,1568,4,4,4,3,4,10,18,1,Fully Furnished,Good,21.149885,79.055586,7,0,1,1,0,0,1,0,1,1,1,1,0,14210000
Nagpur,Khamla,440018,Independent House,651,534,1,1,1,2,0,3,1,0,Fully Furnished,Average,21.109865,79.053445,4,0,0,1,0,1,0,0,0,1,1,0,0,5290000
Hyderabad,Kukatpally,500019,Apartment,1183,969,3,3,4,2,22,28,1,1,Semi-Furnished,New,17.491722,78.404046,9,1,1,1,1,1,1,0,1,1,0,1,0,12170000
Delhi NCR,Dwarka (Delhi),110005,Villa,1053,884,2,2,2,2,0,2,0,2,Unfurnished,New,28.595881,77.050246,7,1,1,0,0,0,0,1,1,1,1,0,1,17710000
Kolkata,Rajarhat,700008,Villa,969,783,2,2,1,2,0,1,25,0,Semi-Furnished,Average,22.619762,88.492573,4,1,0,0,0,0,1,0,1,0,0,1,0,5580000
Bengaluru,Electronic City,560031,Apartment,1495,1294,3,3,4,3,3,4,12,1,Semi-Furnished,Good,12.837408,77.677469,7,0,0,1,1,1,0,1,1,1,0,0,1,8570000
Mumbai,Thane West,400028,Independent House,895,718,2,2,3,3,0,2,3,1,Semi-Furnished,Average,19.229427,72.98065,5,0,0,0,0,1,0,1,1,0,1,1,0,14220000
Pune,Aundh,411029,Apartment,1274,1007,2,2,1,2,7,10,5,1,Unfurnished,Good,18.551713,73.799824,7,0,1,1,0,0,1,0,1,1,1,1,0,16320000
Nagpur,Pratap Nagar,440040,Apartment,584,469,1,1,1,3,5,7,3,2,Semi-Furnished,New,21.119059,79.039406,8,1,1,1,0,0,1,1,1,0,0,1,1,4910000
Bengaluru,Yelahanka,560019,Apartment,636,556,1,1,2,2,18,18,2,1,Unfurnished,New,13.091944,77.595178,7,1,0,1,0,0,0,1,1,1,0,1,1,5270000
Nagpur,Khamla,440045,Apartment,993,794,2,2,1,2,4,4,1,1,Semi-Furnished,New,21.106046,79.068016,5,1,1,1,1,0,0,0,0,1,0,0,0,7520000
Bengaluru,Hebbal,560041,Apartment,1308,1120,3,3,3,1,5,10,1,1,Fully Furnished,New,13.034069,77.595909,6,1,1,1,1,0,0,0,1,1,0,0,0,15670000
Nagpur,Sadar,440014,Villa,874,746,2,2,1,1,0,3,1,1,Semi-Furnished,Good,21.160838,79.094903,4,0,0,0,0,0,0,0,1,1,1,0,1,10460000
Delhi NCR,Indirapuram (Ghaziabad),110009,Apartment,1109,948,2,2,1,3,4,14,0,2,Fully Furnished,New,28.642959,77.366061,8,1,1,1,0,1,0,0,0,1,1,1,1,10050000
Kolkata,Alipore,700010,Apartment,1115,964,2,2,2,3,2,10,1,1,Semi-Furnished,New,22.520934,88.335092,7,0,1,0,0,0,1,1,1,1,1,1,0,24300000
Delhi NCR,Rohini (Delhi),110022,Apartment,1131,972,2,2,2,2,10,28,1,2,Fully Furnished,New,28.721312,77.111747,10,1,1,1,1,1,0,0,1,1,1,1,1,15100000
Kolkata,Rajarhat,700027,Independent House,827,703,2,2,3,1,0,2,0,2,Fully Furnished,New,22.626367,88.495235,7,1,1,1,0,1,0,0,0,0,1,1,1,7630000
Bengaluru,Sarjapur Road,560042,Apartment,1175,986,2,2,1,0,4,7,0,1,Unfurnished,Good,12.90599,77.683504,5,0,1,1,0,0,0,1,1,0,0,1,0,10200000
Nagpur,Khamla,440015,Apartment,1140,981,3,3,3,0,2,10,12,2,Semi-Furnished,Average,21.116815,79.044249,8,1,1,1,0,0,1,1,0,1,0,1,1,7030000
Nagpur,Manish Nagar,440017,Independent House,957,838,2,2,1,2,0,3,8,1,Semi-Furnished,Needs Renovation,21.086933,79.076725,8,1,0,1,0,1,0,1,1,0,1,1,1,5620000
Pune,Kalyani Nagar,411003,Apartment,1067,894,2,2,2,2,1,7,1,1,Semi-Furnished,New,18.550682,73.897656,5,0,1,1,0,0,0,1,0,1,0,1,0,14980000
Hyderabad,Miyapur,500035,Apartment,1565,1330,3,3,3,0,11,14,3,2,Semi-Furnished,Good,17.491021,78.361879,9,0,1,1,1,0,1,1,1,1,0,1,1,11200000
Delhi NCR,Indirapuram (Ghaziabad),110037,Villa,1003,847,2,2,2,2,0,3,0,1,Unfurnished,Good,28.646866,77.364896,4,1,0,0,1,0,1,0,1,0,0,0,0,8620000
Nagpur,Wardha Road,440006,Apartment,1257,1053,3,3,3,2,5,10,1,0,Semi-Furnished,New,21.094412,79.086177,8,1,1,1,1,0,1,0,1,1,0,1,0,8610000
Bengaluru,Electronic City,560023,Independent House,917,724,2,2,3,1,0,2,2,1,Semi-Furnished,New,12.825643,77.658256,5,0,0,1,0,0,0,0,1,1,1,0,1,7550000
Chennai,Besant Nagar,600021,Apartment,916,752,2,2,2,2,25,35,2,1,Fully Furnished,New,13.010605,80.273642,5,0,0,1,0,1,1,0,1,1,0,0,0,19510000
Delhi NCR,Cyber City (Gurugram),110019,Apartment,797,634,2,2,3,0,12,14,5,2,Semi-Furnished,Average,28.487314,77.091533,8,0,1,1,1,1,1,0,1,0,1,1,0,13580000
Pune,Wakad,411030,Apartment,1017,864,2,2,2,2,7,18,5,2,Fully Furnished,Good,18.590423,73.774005,5,1,1,1,0,0,0,0,0,0,0,1,1,9890000
Pune,Baner,411010,Apartment,468,367,1,1,1,0,9,14,8,0,Semi-Furnished,Good,18.552725,73.792308,5,0,0,1,0,0,0,0,1,1,0,1,1,4690000
Pune,Kothrud,411031,Apartment,2700,2277,4,4,4,2,19,35,1,1,Unfurnished,Good,18.511409,73.803807,9,0,1,1,1,1,1,0,1,1,0,1,1,34360000
Hyderabad,Kukatpally,500040,Apartment,960,841,2,2,3,3,3,7,25,1,Semi-Furnished,Good,17.488973,78.392299,5,1,1,0,0,0,1,1,0,0,0,1,0,5770000
Bengaluru,Electronic City,560002,Apartment,1613,1280,3,3,2,2,3,4,2,1,Semi-Furnished,New,12.84473,77.689123,8,1,1,0,1,0,1,1,1,1,0,1,0,11610000
Delhi NCR,Greater Noida West,110004,Apartment,2732,2288,4,4,5,1,1,4,2,3,Semi-Furnished,Good,28.582793,77.426899,7,1,0,1,0,0,1,1,1,1,0,1,0,15840000
Pune,Kharadi,411046,Apartment,1931,1591,4,4,5,3,2,4,0,0,Fully Furnished,New,18.54757,73.939307,5,0,0,1,0,1,0,1,0,0,0,1,1,21630000
Pune,Viman Nagar,411007,Independent House,746,639,2,2,1,3,0,3,8,1,Fully Furnished,Good,18.564758,73.911328,2,0,0,0,0,0,1,0,1,0,0,0,0,8940000
Pune,Magarpatta,411038,Independent House,1152,967,3,3,4,2,0,1,2,1,Semi-Furnished,New,18.509633,73.938669,5,1,0,1,0,0,1,1,0,0,1,0,0,14970000
Hyderabad,Gachibowli,500034,Apartment,1063,833,2,2,3,0,19,22,0,2,Fully Furnished,Good,17.428111,78.358454,5,0,0,0,0,0,0,0,1,1,1,1,1,13500000
Mumbai,Thane West,400008,Apartment,608,533,2,2,2,3,1,4,2,0,Semi-Furnished,New,19.212657,72.982066,6,1,0,1,0,0,0,0,1,1,1,0,1,9730000
Mumbai,Kandivali East,400020,Independent House,833,699,2,2,1,2,0,3,2,0,Semi-Furnished,New,19.203756,72.863921,8,1,1,1,0,0,1,1,1,0,1,0,1,18040000
Pune,Kalyani Nagar,411007,Villa,1701,1443,3,3,3,2,0,2,12,1,Semi-Furnished,Good,18.540132,73.911307,4,1,0,0,1,0,0,1,0,0,0,0,1,25960000
Hyderabad,Manikonda,500045,Apartment,805,692,2,2,2,2,1,18,1,1,Semi-Furnished,New,17.410749,78.396775,8,1,1,1,0,0,0,1,0,1,1,1,1,7530000
Nagpur,Sadar,440027,Villa,724,595,2,2,3,0,0,3,5,1,Semi-Furnished,Average,21.159272,79.088584,7,1,0,0,0,0,1,1,1,1,1,0,1,7660000
Delhi NCR,Indirapuram (Ghaziabad),110024,Villa,766,618,2,2,2,2,0,2,18,1,Unfurnished,Needs Renovation,28.643667,77.369282,6,1,0,0,1,0,0,0,1,0,1,1,1,5200000
Hyderabad,Manikonda,500033,Apartment,1789,1486,3,3,2,2,2,35,3,1,Fully Furnished,Good,17.409033,78.400288,8,1,0,1,1,1,0,1,1,1,0,1,0,15990000
Pune,Hinjewadi,411012,Apartment,659,549,1,1,1,0,2,14,0,1,Semi-Furnished,New,18.603122,73.740864,7,0,1,1,0,0,1,0,1,1,1,0,1,5760000
Bengaluru,Indiranagar,560015,Villa,402,353,1,1,1,1,0,1,3,1,Unfurnished,Average,12.977735,77.647387,7,1,1,1,0,0,0,1,1,0,1,0,1,7940000
Nagpur,Dharampeth,440045,Apartment,1527,1223,3,3,3,1,10,28,1,1,Semi-Furnished,New,21.14007,79.044885,8,1,1,1,0,1,1,0,0,1,1,1,0,15300000
Delhi NCR,Vasant Kunj (Delhi),110002,Independent House,897,789,2,2,1,0,0,3,3,2,Semi-Furnished,Good,28.517497,77.160948,4,1,0,0,0,0,0,0,1,1,0,1,0,23290000
Nagpur,Trimurti Nagar,440034,Apartment,971,774,2,2,1,3,13,18,2,1,Unfurnished,Average,21.116266,79.036926,9,1,1,1,0,1,0,1,1,1,0,1,1,6300000
Hyderabad,Jubilee Hills,500010,Apartment,1191,937,3,3,3,0,2,4,0,2,Unfurnished,New,17.432862,78.410906,8,1,1,1,1,1,0,0,1,1,1,0,0,22780000
Mumbai,Powai,400042,Independent House,1028,806,2,2,2,2,0,2,0,0,Semi-Furnished,Good,19.12107,72.891825,6,0,1,1,1,0,0,0,1,0,0,1,1,29230000
Mumbai,Thane West,400046,Apartment,835,688,2,2,1,1,1,7,3,1,Fully Furnished,New,19.209533,72.969264,8,1,1,1,0,1,0,0,1,1,0,1,1,14610000
Nagpur,Besha,440040,Apartment,1343,1055,3,3,2,2,6,10,0,3,Fully Furnished,New,21.060544,79.094824,9,0,1,0,1,1,1,0,1,1,1,1,1,8120000
Kolkata,Alipore,700012,Villa,3280,2679,5,5,4,1,0,2,1,1,Semi-Furnished,New,22.532908,88.337085,6,0,0,1,0,1,1,1,0,0,1,0,1,92210000
Bengaluru,HSR Layout,560041,Plot,3851,3851,0,0,0,0,0,0,1,0,Unfurnished,Average,12.901183,77.64418,1,0,0,1,0,0,0,0,0,0,0,0,0,34960000
Kolkata,Garia,700034,Apartment,1024,833,2,2,2,2,16,18,8,2,Semi-Furnished,New,22.465725,88.38718,8,1,1,1,1,0,0,1,1,1,0,1,0,6300000
Bengaluru,Koramangala,560024,Apartment,759,625,2,2,3,1,2,35,2,1,Fully Furnished,New,12.943103,77.628174,8,1,0,1,0,0,1,1,1,1,1,1,0,14100000
Mumbai,Thane West,400018,Apartment,1321,1033,3,3,2,2,35,35,5,2,Semi-Furnished,Good,19.213045,72.969473,7,0,0,1,1,0,1,1,1,1,0,1,0,21380000
Mumbai,Juhu,400013,Apartment,1137,932,3,3,3,3,7,10,2,1,Fully Furnished,New,19.122289,72.815839,9,0,1,1,1,0,1,1,1,1,1,1,0,57890000
Bengaluru,JP Nagar,560040,Apartment,1217,1014,2,2,3,1,6,14,3,2,Semi-Furnished,Average,12.911093,77.587105,8,1,1,1,1,0,0,0,1,1,1,0,1,11700000
Delhi NCR,Rohini (Delhi),110002,Apartment,1051,919,3,3,3,1,4,4,0,1,Semi-Furnished,Good,28.71616,77.122049,6,1,1,0,0,0,1,0,1,1,0,1,0,10690000
Pune,Magarpatta,411010,Apartment,1112,963,3,3,3,2,6,22,3,2,Semi-Furnished,Good,18.496135,73.919354,8,1,1,1,1,1,1,0,0,1,0,0,1,12070000
Mumbai,Navi Mumbai - Vashi,400020,Apartment,1223,1064,2,2,2,1,3,4,8,1,Unfurnished,Good,19.082485,73.001041,9,1,1,1,0,1,1,0,1,1,1,1,0,16610000
Hyderabad,Miyapur,500011,Apartment,850,732,2,2,3,2,2,4,0,2,Semi-Furnished,New,17.508045,78.363006,7,1,1,1,0,0,1,1,1,1,0,0,0,5730000
Pune,Hinjewadi,411018,Apartment,1230,997,3,3,4,3,16,22,2,1,Semi-Furnished,Good,18.584434,73.73453,8,0,1,1,0,1,0,1,1,1,1,1,0,10880000
Bengaluru,Whitefield,560025,Independent House,1372,1085,3,3,2,2,0,1,12,3,Semi-Furnished,Average,12.969185,77.760508,7,1,1,1,0,1,0,0,1,0,1,1,0,12330000
Bengaluru,Yelahanka,560037,Apartment,1869,1536,3,3,3,3,1,28,5,1,Unfurnished,Good,13.09533,77.597014,7,1,0,1,1,1,1,0,0,1,0,1,0,13060000
Kolkata,Ballygunge,700034,Villa,971,775,2,2,2,2,0,1,3,1,Fully Furnished,Good,22.531557,88.368471,4,1,1,0,0,0,0,0,1,1,0,0,0,18490000
Nagpur,Khamla,440041,Independent House,757,663,2,2,1,1,0,2,1,1,Semi-Furnished,Good,21.135025,79.054128,7,1,1,1,0,0,0,0,1,1,1,0,1,6490000
Hyderabad,Banjara Hills,500035,Apartment,994,797,3,3,4,3,1,4,0,1,Fully Furnished,New,17.413363,78.434682,10,1,1,1,1,1,0,1,1,1,0,1,1,21460000
Mumbai,Thane West,400040,Independent House,1070,892,4,4,4,3,0,2,0,1,Semi-Furnished,Good,19.219629,72.968902,9,1,1,0,1,0,1,1,1,0,1,1,1,20060000
Bengaluru,Hebbal,560034,Apartment,1708,1473,4,4,3,2,16,22,12,2,Unfurnished,Average,13.028956,77.594811,6,0,0,1,0,1,0,1,1,1,0,1,0,14140000
Mumbai,Navi Mumbai - Vashi,400014,Apartment,1280,1096,3,3,3,1,6,35,3,1,Semi-Furnished,Average,19.067553,72.983935,9,1,1,1,0,0,0,1,1,1,1,1,1,19990000
Mumbai,Juhu,400037,Apartment,444,370,1,1,1,2,14,18,2,3,Semi-Furnished,New,19.106071,72.832323,7,1,1,0,1,0,1,0,1,0,0,1,1,20540000
Mumbai,Thane West,400037,Apartment,1192,966,3,3,3,3,1,4,3,1,Semi-Furnished,Good,19.22011,72.987043,8,0,1,0,1,1,1,1,0,1,0,1,1,16870000
Mumbai,Andheri East,400013,Apartment,1362,1127,3,3,4,3,23,28,1,0,Semi-Furnished,New,19.09974,72.866554,9,1,1,1,0,0,1,1,1,1,0,1,1,33230000
Mumbai,Juhu,400030,Independent House,1776,1477,4,4,3,1,0,3,8,1,Semi-Furnished,New,19.103844,72.815034,6,1,1,0,1,0,1,0,1,0,1,0,0,85430000
Mumbai,Kandivali East,400044,Apartment,1666,1340,3,3,3,3,4,7,0,1,Semi-Furnished,New,19.197423,72.863719,11,1,0,1,1,1,1,1,1,1,1,1,1,33580000
Mumbai,Navi Mumbai - Vashi,400033,Apartment,1157,911,2,2,2,3,2,35,8,1,Unfurnished,Average,19.065154,72.99725,5,1,0,1,1,0,0,0,0,1,1,0,0,14570000
Mumbai,Bandra West,400012,Apartment,932,776,2,2,2,2,6,28,5,1,Unfurnished,Good,19.039786,72.833509,8,1,1,1,0,0,1,1,1,0,1,1,0,43330000
Chennai,Sholinganallur,600006,Villa,969,785,2,2,2,2,0,1,1,1,Unfurnished,Good,12.892751,80.223795,6,1,1,1,0,0,1,0,0,0,0,1,1,10090000
Delhi NCR,Sector 62 (Noida),110041,Apartment,1629,1391,3,3,2,0,6,7,5,2,Semi-Furnished,Average,28.63212,77.364851,10,1,1,1,1,1,1,0,1,1,0,1,1,13110000
Mumbai,Navi Mumbai - Vashi,400029,Independent House,1349,1075,3,3,2,1,0,3,1,1,Semi-Furnished,Good,19.076477,73.002997,5,1,1,1,0,0,1,0,0,0,0,0,1,26060000
Bengaluru,Whitefield,560028,Independent House,1141,913,2,2,2,0,0,1,5,1,Semi-Furnished,Good,12.958445,77.751792,4,0,0,0,0,1,0,0,1,0,0,1,1,12240000
Mumbai,Thane West,400037,Independent House,1555,1218,3,3,4,2,0,2,2,2,Semi-Furnished,New,19.213266,73.001413,7,1,0,1,1,0,1,0,0,0,1,1,1,27440000
Pune,Kothrud,411027,Independent House,764,664,2,2,2,1,0,1,2,2,Unfurnished,Good,18.509269,73.824634,6,1,1,1,0,0,0,0,1,1,1,0,0,10010000
Bengaluru,Yelahanka,560038,Independent House,1333,1139,3,3,4,2,0,1,0,1,Semi-Furnished,New,13.109318,77.596157,2,0,0,1,0,0,0,0,1,0,0,0,0,12350000
Delhi NCR,Cyber City (Gurugram),110002,Apartment,639,553,1,1,1,0,9,14,1,2,Unfurnished,Good,28.49718,77.097744,8,1,1,1,0,0,0,1,1,1,0,1,1,11770000
Delhi NCR,Greater Noida West,110023,Independent House,1002,876,2,2,2,0,0,3,12,2,Unfurnished,Good,28.592334,77.436713,4,1,1,0,0,0,1,0,1,0,0,0,0,6190000
Bengaluru,Whitefield,560019,Apartment,959,789,2,2,2,0,10,35,0,1,Unfurnished,New,12.969795,77.759573,6,1,1,1,1,0,0,0,0,1,0,1,0,10190000
Bengaluru,HSR Layout,560041,Apartment,1530,1272,4,4,3,2,9,14,3,1,Unfurnished,Good,12.91218,77.63909,9,1,1,0,1,1,0,1,1,1,1,1,0,18430000
Chennai,OMR (Thoraipakkam),600046,Independent House,1501,1181,3,3,3,0,0,1,8,2,Unfurnished,New,12.948356,80.236103,4,1,1,0,0,0,0,0,1,0,1,0,0,11670000
Nagpur,Sadar,440046,Apartment,1735,1521,4,4,5,3,2,14,0,2,Semi-Furnished,New,21.170172,79.060077,10,1,1,1,1,1,1,1,0,1,1,0,1,17980000
Mumbai,Powai,400028,Apartment,2297,1820,4,4,4,2,14,14,8,2,Semi-Furnished,Good,19.128129,72.904411,8,1,1,0,1,1,1,0,0,1,1,1,0,47850000
Nagpur,Dharampeth,440011,Apartment,1023,801,2,2,3,3,12,14,2,1,Unfurnished,Good,21.154597,79.068098,10,1,1,1,1,1,1,0,1,1,0,1,1,9250000
Bengaluru,Hebbal,560023,Apartment,964,793,2,2,2,2,17,22,1,3,Unfurnished,New,13.031537,77.590446,5,0,0,1,0,1,1,0,0,1,0,1,0,11570000
Hyderabad,Miyapur,500035,Apartment,1098,964,3,3,4,1,6,10,2,1,Unfurnished,New,17.489649,78.352568,9,1,0,1,1,0,1,0,1,1,1,1,1,7170000
Nagpur,Ramdaspeth,440026,Independent House,975,815,2,2,3,2,0,3,0,1,Semi-Furnished,Good,21.144492,79.073921,4,1,0,0,1,1,0,0,1,0,0,0,0,10640000
Pune,Hadapsar,411004,Apartment,2417,2018,4,4,4,0,2,4,0,2,Semi-Furnished,New,18.522386,73.92073,9,1,1,0,1,1,1,1,1,1,0,1,0,22170000
Nagpur,Civil Lines,440033,Apartment,1038,817,2,2,2,2,9,10,2,1,Unfurnished,Good,21.167975,79.064841,7,0,1,1,0,0,1,0,1,1,0,1,1,9120000
Pune,Kalyani Nagar,411023,Apartment,645,505,1,1,1,2,2,4,0,0,Semi-Furnished,New,18.552693,73.903349,11,0,1,1,1,1,1,1,1,1,1,1,1,9800000
Nagpur,Khamla,440006,Independent House,1120,895,2,2,1,1,0,2,3,1,Semi-Furnished,Good,21.119224,79.051853,6,1,0,0,1,0,1,0,1,1,0,0,1,8950000
Pune,Baner,411040,Apartment,718,562,2,2,2,3,8,14,0,1,Semi-Furnished,New,18.564487,73.784702,8,1,1,1,0,0,0,0,1,1,1,1,1,8710000
Mumbai,Powai,400017,Apartment,944,754,2,2,2,0,2,7,1,1,Semi-Furnished,New,19.117922,72.913159,8,0,1,1,0,1,1,0,1,1,0,1,1,24590000
Chennai,T Nagar,600006,Independent House,563,475,1,1,1,3,0,3,2,1,Semi-Furnished,New,13.047909,80.237306,4,1,0,1,0,0,0,0,1,0,0,1,0,11130000
Hyderabad,Kukatpally,500028,Apartment,1368,1124,3,3,3,0,10,35,0,2,Semi-Furnished,New,17.493614,78.403642,5,0,0,1,0,0,0,0,1,1,0,1,1,11840000
Mumbai,Bandra West,400021,Apartment,539,432,1,1,2,1,19,28,1,2,Unfurnished,New,19.07535,72.837018,9,1,1,1,1,0,1,0,1,1,0,1,1,26930000
Bengaluru,Electronic City,560036,Apartment,639,505,1,1,1,2,18,28,18,1,Semi-Furnished,Average,12.840847,77.680132,7,1,1,1,0,1,1,0,0,0,1,1,0,3640000
Kolkata,Salt Lake (Sector V),700003,Apartment,1153,979,2,2,1,3,2,4,3,1,Unfurnished,Average,22.582765,88.429503,6,1,1,1,0,0,1,0,0,1,0,1,0,9450000
Mumbai,Andheri West,400042,Apartment,1458,1138,3,3,4,3,15,18,1,1,Semi-Furnished,New,19.137272,72.830212,11,1,1,1,1,1,0,1,1,1,1,1,1,45630000
Nagpur,Khamla,440045,Villa,1402,1207,3,3,3,2,0,1,12,1,Semi-Furnished,Average,21.110306,79.051991,6,1,1,1,0,0,0,0,1,0,1,1,0,10080000
Bengaluru,Indiranagar,560042,Independent House,1049,882,3,3,3,3,0,1,2,1,Unfurnished,New,12.971362,77.639406,4,1,1,0,0,0,0,1,0,0,0,0,1,19240000
Delhi NCR,Sector 62 (Noida),110016,Apartment,903,706,2,2,2,0,14,18,3,1,Unfurnished,Good,28.608154,77.374597,6,0,1,0,0,0,1,1,0,1,0,1,1,8020000
Nagpur,Besha,440012,Villa,1026,889,2,2,3,1,0,2,5,1,Semi-Furnished,Good,21.08926,79.083181,6,0,0,1,0,0,1,0,1,1,1,0,1,7380000
Chennai,Sholinganallur,600036,Apartment,1156,954,3,3,3,0,9,14,3,1,Unfurnished,New,12.90291,80.217709,6,1,0,1,0,1,0,1,1,0,0,1,0,8850000
Bengaluru,Hebbal,560031,Apartment,1497,1176,3,3,3,2,5,10,0,1,Semi-Furnished,New,13.034562,77.602711,8,0,1,1,0,1,1,1,0,1,1,1,0,17900000
Bengaluru,Koramangala,560038,Apartment,1268,1070,3,3,2,3,12,28,5,1,Fully Furnished,Good,12.930665,77.630987,8,0,0,1,1,0,1,1,1,1,1,1,0,20690000
Chennai,Sholinganallur,600019,Villa,1630,1359,3,3,4,1,0,1,3,0,Semi-Furnished,Good,12.910782,80.21455,4,1,0,0,0,0,1,0,0,0,1,1,0,16530000
Pune,Kalyani Nagar,411040,Apartment,1302,1031,2,2,1,3,25,28,3,1,Semi-Furnished,New,18.548316,73.908093,7,1,1,1,0,0,1,0,1,1,0,1,0,21700000
Pune,Kharadi,411027,Apartment,1330,1067,3,3,3,2,6,7,2,1,Semi-Furnished,Average,18.553058,73.924586,5,0,0,1,0,0,0,0,1,1,1,1,0,12210000
Chennai,Porur,600003,Apartment,1035,875,2,2,2,1,3,22,0,1,Fully Furnished,New,13.042329,80.165023,7,1,1,1,0,1,0,0,1,1,1,0,0,8580000
Pune,Baner,411045,Apartment,1265,1093,3,3,3,1,11,18,3,1,Semi-Furnished,Good,18.574164,73.785597,9,0,1,1,1,1,1,1,0,1,1,1,0,14630000
Nagpur,Civil Lines,440020,Villa,938,822,2,2,2,3,0,3,1,2,Fully Furnished,New,21.148427,79.081988,3,1,0,0,0,0,0,0,0,1,0,0,1,13160000
Hyderabad,Kondapur,500024,Apartment,1673,1454,4,4,4,2,23,35,0,2,Fully Furnished,Average,17.466294,78.341786,6,0,0,1,1,0,1,1,0,1,0,1,0,16720000
Mumbai,Andheri West,400014,Apartment,784,646,2,2,3,0,9,18,0,1,Semi-Furnished,New,19.141239,72.822313,8,1,1,1,0,1,0,1,0,1,1,1,0,24600000
Delhi NCR,Sohna Road (Gurugram),110005,Apartment,1752,1390,3,3,3,2,1,4,12,1,Semi-Furnished,Average,28.401249,77.040277,8,1,1,1,1,1,0,0,1,1,0,1,0,13580000
Delhi NCR,Sector 150 (Noida),110016,Apartment,689,549,2,2,3,2,5,7,3,0,Semi-Furnished,Average,28.45393,77.471116,7,1,1,1,0,0,1,0,0,1,1,1,0,6530000
Delhi NCR,Vasant Kunj (Delhi),110003,Apartment,2048,1793,3,3,4,3,10,10,1,2,Semi-Furnished,New,28.523999,77.140071,6,1,0,1,0,0,1,0,1,1,0,1,0,46680000
Hyderabad,Gachibowli,500022,Apartment,970,808,2,2,2,3,6,18,18,1,Semi-Furnished,Needs Renovation,17.440799,78.343053,9,1,0,1,0,1,1,0,1,1,1,1,1,7000000
Pune,Viman Nagar,411021,Apartment,737,629,2,2,2,2,7,7,12,0,Semi-Furnished,Good,18.560341,73.919466,5,0,0,1,0,1,1,0,0,0,1,0,1,7170000
Nagpur,Ramdaspeth,440015,Apartment,1535,1213,3,3,2,1,31,35,12,2,Fully Furnished,Average,21.124244,79.089519,8,1,1,0,0,1,0,1,1,1,1,1,0,14610000
Kolkata,Alipore,700007,Apartment,3071,2412,5,5,5,2,3,4,12,1,Unfurnished,Good,22.533645,88.325477,4,1,1,1,0,0,0,0,0,1,0,0,0,44920000
Mumbai,Navi Mumbai - Vashi,400005,Apartment,1048,911,2,2,1,0,15,28,3,1,Fully Furnished,Average,19.084785,73.004932,7,1,1,1,0,0,0,1,0,1,0,1,1,16970000
Pune,Hinjewadi,411010,Plot,1254,1254,0,0,0,0,0,0,1,0,Unfurnished,Average,18.590127,73.757693,2,0,0,1,0,0,0,0,0,0,0,1,0,7820000
Nagpur,Besha,440043,Apartment,1167,928,3,3,4,1,25,28,1,2,Semi-Furnished,Good,21.0748,79.088319,7,0,1,1,1,1,0,0,0,1,1,1,0,6780000
Nagpur,Manish Nagar,440008,Apartment,739,611,2,2,3,0,16,35,0,1,Semi-Furnished,Average,21.087805,79.097892,3,1,1,0,0,0,0,0,0,1,0,0,0,4820000
Kolkata,New Town (Action Area 1),700006,Independent House,772,678,3,3,3,2,0,3,5,0,Semi-Furnished,Good,22.604734,88.480717,6,1,0,0,0,1,1,1,1,0,1,0,0,6480000
Hyderabad,Manikonda,500015,Independent House,1072,933,2,2,2,3,0,3,0,1,Semi-Furnished,New,17.397325,78.385638,6,1,0,0,1,0,1,0,1,0,1,0,1,11930000
Nagpur,Wardha Road,440026,Villa,1331,1128,3,3,3,2,0,2,5,1,Unfurnished,Average,21.065042,79.069494,6,1,0,0,1,0,1,1,1,0,1,0,0,8680000
Mumbai,Andheri West,400042,Apartment,1701,1334,3,3,4,3,25,28,0,1,Semi-Furnished,New,19.136415,72.824327,9,1,1,1,0,1,0,1,1,1,1,1,0,57510000
Pune,Magarpatta,411046,Independent House,970,795,2,2,1,2,0,3,1,2,Semi-Furnished,Average,18.5098,73.93644,9,1,1,0,0,1,1,1,1,0,1,1,1,11880000
Chennai,Sholinganallur,600035,Independent House,950,797,2,2,2,3,0,2,25,1,Semi-Furnished,Needs Renovation,12.902423,80.219335,6,1,1,0,0,0,1,0,1,0,1,0,1,5040000
Pune,Magarpatta,411027,Apartment,950,820,2,2,1,0,18,35,1,2,Fully Furnished,New,18.514243,73.937379,7,0,1,1,0,1,0,0,0,1,1,1,1,12670000
Pune,Viman Nagar,411010,Independent House,669,546,1,1,1,2,0,2,5,0,Fully Furnished,Good,18.567975,73.92275,3,0,1,0,0,1,0,0,0,0,0,0,1,9220000
Pune,Viman Nagar,411039,Villa,1403,1233,3,3,2,3,0,3,0,1,Semi-Furnished,New,18.567794,73.906664,5,1,0,1,0,0,1,1,1,0,0,0,0,23880000
Mumbai,Thane West,400035,Apartment,1389,1209,3,3,4,2,2,7,5,1,Semi-Furnished,Good,19.214284,72.986952,8,1,0,1,1,0,0,1,1,1,0,1,1,19230000
Hyderabad,Banjara Hills,500027,Apartment,1293,1068,3,3,4,1,6,18,3,2,Semi-Furnished,Good,17.423822,78.438224,9,0,1,1,0,0,1,1,1,1,1,1,1,23440000
Hyderabad,Gachibowli,500046,Apartment,2194,1866,4,4,5,3,1,4,3,1,Semi-Furnished,New,17.441535,78.336767,8,1,1,1,1,1,0,0,0,1,0,1,1,23240000
Pune,Baner,411034,Apartment,748,648,1,1,1,2,5,22,3,1,Semi-Furnished,Good,18.553725,73.784254,6,1,1,0,1,0,0,0,1,1,0,1,0,7960000
Kolkata,Jadavpur,700042,Apartment,1378,1094,3,3,3,1,8,14,5,0,Unfurnished,Good,22.493335,88.374894,8,1,1,1,1,1,1,0,1,0,1,0,0,9410000
Chennai,Besant Nagar,600013,Apartment,1594,1249,3,3,3,3,16,22,0,1,Semi-Furnished,New,12.991792,80.263977,7,0,1,1,1,0,0,0,1,1,1,1,0,31190000
Bengaluru,HSR Layout,560033,Apartment,1027,810,2,2,3,1,7,14,8,0,Semi-Furnished,Good,12.905754,77.651925,5,1,1,1,1,0,0,0,0,0,0,1,0,12420000
Bengaluru,Bellandur,560009,Apartment,476,418,1,1,1,2,5,28,0,1,Semi-Furnished,New,12.922073,77.671945,6,1,0,1,0,0,1,0,1,1,0,1,0,6030000
Bengaluru,Yelahanka,560017,Villa,535,458,1,1,1,0,0,3,0,1,Fully Furnished,Good,13.114121,77.586167,6,1,0,0,0,0,1,1,1,1,1,0,0,5920000
Mumbai,Andheri East,400035,Apartment,832,703,2,2,3,3,18,28,12,1,Unfurnished,Needs Renovation,19.106834,72.867557,7,1,1,0,0,0,1,0,0,1,1,1,1,12070000
Pune,Baner,411039,Apartment,1193,1048,3,3,2,2,7,18,8,0,Fully Furnished,New,18.568268,73.79659,10,1,1,1,1,1,0,1,1,1,0,1,1,15070000
Kolkata,New Town (Action Area 1),700024,Apartment,1039,852,2,2,2,1,7,28,3,1,Semi-Furnished,Average,22.595742,88.468024,8,1,1,1,1,0,0,0,1,0,1,1,1,7340000
Pune,Baner,411017,Apartment,1012,860,2,2,1,3,7,18,8,0,Semi-Furnished,Average,18.549611,73.778849,7,1,1,1,0,0,0,1,1,1,0,1,0,10180000
Nagpur,Trimurti Nagar,440029,Independent House,1275,1006,2,2,2,2,0,1,2,1,Semi-Furnished,New,21.121146,79.047852,7,1,1,0,1,1,1,0,1,0,0,0,1,10700000
Hyderabad,Banjara Hills,500024,Apartment,1062,920,3,3,4,1,13,35,3,1,Unfurnished,New,17.420497,78.440254,10,1,1,1,0,1,0,1,1,1,1,1,1,19940000
Pune,Aundh,411017,Apartment,908,798,2,2,3,1,9,28,0,1,Semi-Furnished,New,18.570298,73.800814,10,1,0,1,1,0,1,1,1,1,1,1,1,13000000
Mumbai,Juhu,400042,Apartment,777,634,2,2,2,2,6,10,0,0,Unfurnished,New,19.10818,72.817597,8,0,1,1,1,1,0,0,1,1,1,1,0,33300000
Bengaluru,Electronic City,560007,Apartment,1222,1006,3,3,3,0,6,7,8,2,Semi-Furnished,Average,12.837815,77.665101,9,0,1,1,0,0,1,1,1,1,1,1,1,7800000
Bengaluru,Electronic City,560004,Apartment,2571,2021,4,4,5,2,2,18,1,1,Unfurnished,New,12.840984,77.689331,8,0,1,1,0,1,0,1,1,1,1,1,0,19250000
Delhi NCR,Sector 62 (Noida),110020,Apartment,2393,1933,4,4,4,3,21,28,3,1,Semi-Furnished,Good,28.627597,77.36218,8,0,1,1,0,0,1,1,1,1,0,1,1,23130000
Pune,Viman Nagar,411041,Independent House,883,719,2,2,3,1,0,2,3,1,Semi-Furnished,Good,18.55284,73.918236,6,1,0,1,0,0,0,0,1,1,1,0,1,11280000
Bengaluru,Yelahanka,560038,Apartment,1157,1003,3,3,2,1,2,7,8,2,Unfurnished,Average,13.100702,77.595539,6,1,1,0,0,1,0,0,0,0,1,1,1,6980000
Pune,Baner,411017,Apartment,978,805,2,2,2,2,2,7,12,0,Semi-Furnished,New,18.566729,73.777773,7,1,1,1,0,0,0,0,1,0,1,1,1,10440000
Delhi NCR,Rohini (Delhi),110029,Villa,417,339,1,1,2,3,0,2,18,0,Fully Furnished,Average,28.726939,77.10671,4,0,1,1,0,0,0,0,1,0,0,1,0,4480000
Chennai,OMR (Thoraipakkam),600010,Apartment,626,497,2,2,2,1,14,35,2,0,Unfurnished,New,12.942503,80.238828,8,1,0,0,1,0,1,1,1,1,0,1,1,5260000
Pune,Kothrud,411024,Apartment,521,431,1,1,1,1,2,18,12,1,Unfurnished,Good,18.499827,73.816744,8,1,1,1,0,0,1,0,1,1,0,1,1,5430000
Mumbai,Thane West,400027,Villa,4087,3559,5,5,6,3,0,2,5,2,Fully Furnished,Average,19.214088,72.974622,3,1,0,0,0,0,1,0,0,0,0,0,1,78830000
Hyderabad,Gachibowli,500030,Apartment,672,537,2,2,2,3,3,10,3,3,Semi-Furnished,Good,17.430392,78.35768,6,1,1,1,0,0,0,0,1,1,1,0,0,6710000
Chennai,Sholinganallur,600024,Apartment,941,782,3,3,3,1,7,14,5,1,Fully Furnished,Average,12.915948,80.216749,10,1,1,1,0,1,1,1,1,1,0,1,1,7420000
Kolkata,Jadavpur,700017,Apartment,1417,1124,3,3,2,2,11,22,1,2,Semi-Furnished,New,22.475515,88.368861,7,1,1,1,1,0,0,1,1,0,1,0,0,11820000
Mumbai,Andheri West,400043,Independent House,1010,791,2,2,2,3,0,1,5,1,Semi-Furnished,Good,19.143528,72.8246,6,1,0,0,1,0,1,0,1,0,1,1,0,31070000
Nagpur,Sadar,440030,Independent House,832,698,2,2,3,1,0,3,5,1,Fully Furnished,Good,21.151716,79.071618,5,1,1,0,0,0,1,0,1,0,0,1,0,8110000
Kolkata,Jadavpur,700040,Apartment,1122,918,2,2,3,2,10,28,0,2,Semi-Furnished,New,22.485883,88.373192,5,0,1,1,0,0,1,0,0,0,0,1,1,8990000
Nagpur,Ramdaspeth,440044,Apartment,932,814,2,2,1,2,5,7,8,1,Unfurnished,Good,21.146109,79.071893,7,1,1,1,1,0,0,1,1,0,0,1,0,8560000
Bengaluru,Electronic City,560028,Apartment,1409,1167,3,3,3,1,1,14,1,0,Semi-Furnished,New,12.838684,77.6954,9,1,1,1,1,1,1,0,1,1,0,1,0,9890000
Mumbai,Bandra West,400009,Villa,1170,985,2,2,3,0,0,1,0,1,Semi-Furnished,New,19.064851,72.825664,4,1,0,0,1,0,0,0,0,0,1,0,1,82330000
Hyderabad,Gachibowli,500008,Independent House,387,311,1,1,1,2,0,2,5,3,Semi-Furnished,New,17.435926,78.339232,8,1,1,1,1,0,1,1,1,0,1,0,0,5220000
Mumbai,Kandivali East,400029,Apartment,759,602,2,2,2,2,9,22,0,1,Semi-Furnished,New,19.209665,72.867209,8,1,1,1,0,0,0,0,1,1,1,1,1,14520000
Mumbai,Juhu,400046,Villa,1016,806,2,2,2,1,0,3,1,0,Unfurnished,New,19.105351,72.817591,6,1,1,1,1,0,0,0,0,1,1,0,0,64450000
Mumbai,Juhu,400040,Apartment,866,704,2,2,1,0,14,18,8,0,Unfurnished,Good,19.089759,72.819563,9,1,1,1,1,0,0,1,1,1,1,1,0,32140000
Bengaluru,Bellandur,560002,Apartment,1091,857,2,2,2,2,4,7,0,1,Semi-Furnished,Good,12.928573,77.67939,7,1,1,1,0,0,1,0,1,0,0,1,1,11430000
Hyderabad,Kukatpally,500040,Apartment,1329,1130,3,3,2,2,1,7,0,2,Semi-Furnished,New,17.491833,78.39895,8,1,1,1,1,1,0,1,1,0,1,0,0,12120000
Bengaluru,Yelahanka,560026,Apartment,1007,808,2,2,2,1,26,28,3,1,Fully Furnished,Good,13.104701,77.600296,7,1,1,1,0,0,0,0,1,1,1,1,0,9580000
Mumbai,Andheri East,400010,Apartment,999,789,2,2,3,0,8,28,3,1,Semi-Furnished,Good,19.116471,72.87921,10,1,1,1,0,0,1,1,1,1,1,1,1,20900000
Mumbai,Andheri West,400046,Independent House,803,669,2,2,1,3,0,1,0,1,Fully Furnished,Average,19.126813,72.829163,6,1,1,0,1,0,1,1,1,0,0,0,0,23460000
Hyderabad,Miyapur,500024,Villa,1029,880,2,2,1,2,0,1,3,2,Fully Furnished,Good,17.495926,78.370477,7,1,0,1,0,1,1,0,1,1,1,0,0,9710000
Bengaluru,HSR Layout,560012,Apartment,1348,1125,3,3,4,3,22,22,3,0,Fully Furnished,Good,12.921078,77.655665,5,1,0,0,1,0,1,0,0,0,1,1,0,18260000
Nagpur,Manish Nagar,440018,Independent House,1445,1231,3,3,4,0,0,3,3,1,Semi-Furnished,Good,21.093455,79.086389,4,0,0,1,0,1,0,0,1,1,0,0,0,10390000
Hyderabad,HITEC City,500025,Apartment,1722,1481,3,3,2,2,4,35,0,1,Unfurnished,Average,17.428382,78.373831,8,1,1,0,1,1,0,1,1,1,0,0,1,18850000
Nagpur,Dharampeth,440017,Apartment,1028,871,2,2,2,2,7,10,5,1,Semi-Furnished,Good,21.155222,79.070286,7,1,1,0,0,1,0,0,1,1,0,1,1,9190000
Nagpur,Wardha Road,440039,Apartment,1727,1426,3,3,3,2,9,14,12,1,Unfurnished,Average,21.074288,79.077447,9,1,1,1,0,0,1,1,1,1,0,1,1,8830000
Nagpur,Sadar,440020,Apartment,1157,995,2,2,3,0,6,7,0,1,Fully Furnished,Good,21.163846,79.079346,8,1,1,1,0,0,1,1,1,1,0,1,0,10690000
Nagpur,Civil Lines,440014,Independent House,1003,870,2,2,1,2,0,3,2,0,Fully Furnished,Good,21.146078,79.062655,3,0,0,0,0,0,1,0,1,0,1,0,0,10930000
Delhi NCR,Sector 150 (Noida),110020,Apartment,1283,1124,3,3,3,0,4,14,1,1,Semi-Furnished,New,28.454776,77.480189,7,1,1,1,0,1,0,0,1,1,0,1,0,13430000
Kolkata,Rajarhat,700044,Apartment,2504,2055,4,4,4,1,11,22,1,1,Fully Furnished,Good,22.618334,88.483698,10,1,1,1,1,1,1,1,1,1,0,1,0,19140000
Bengaluru,JP Nagar,560008,Apartment,1285,1029,2,2,2,2,28,35,3,1,Semi-Furnished,Good,12.908981,77.582797,10,1,1,1,0,1,1,1,0,1,1,1,1,14010000
Hyderabad,Uppal,500046,Apartment,557,440,1,1,1,3,14,35,3,1,Semi-Furnished,New,17.403679,78.557099,10,1,1,1,1,0,1,1,0,1,1,1,1,3670000
Bengaluru,Sarjapur Road,560026,Apartment,1778,1540,4,4,3,0,14,28,12,0,Semi-Furnished,Good,12.921936,77.696472,5,0,1,0,1,1,0,0,1,0,0,1,0,13780000
Bengaluru,Yelahanka,560014,Plot,1103,1103,0,0,0,0,0,0,5,0,Unfurnished,Average,13.106082,77.586871,1,0,0,1,0,0,0,0,0,0,0,0,0,6410000
Hyderabad,Kondapur,500044,Apartment,991,777,2,2,3,2,4,10,3,2,Semi-Furnished,Good,17.477497,78.344079,7,0,1,1,0,1,1,0,0,0,1,1,1,9610000
Delhi NCR,Sector 62 (Noida),110035,Independent House,1398,1170,3,3,3,2,0,3,3,1,Semi-Furnished,New,28.633815,77.369319,8,1,1,1,1,1,1,0,1,0,0,1,0,15140000
Kolkata,Salt Lake (Sector V),700009,Villa,847,676,2,2,3,0,0,1,25,2,Semi-Furnished,Good,22.586238,88.429519,9,1,1,0,1,0,1,1,1,0,1,1,1,7710000
Chennai,Velachery,600024,Villa,1168,1003,3,3,3,3,0,3,0,2,Semi-Furnished,New,12.969683,80.213918,7,1,0,0,0,1,1,1,1,0,1,0,1,17050000
Pune,Kothrud,411022,Apartment,1444,1130,3,3,3,1,1,10,3,1,Semi-Furnished,Good,18.503162,73.814139,7,1,1,1,0,1,0,1,0,1,0,0,1,16800000
Nagpur,Dharampeth,440009,Apartment,966,767,2,2,2,2,2,4,0,0,Semi-Furnished,Good,21.142963,79.066933,10,1,1,1,1,0,1,0,1,1,1,1,1,8580000
Hyderabad,Jubilee Hills,500018,Apartment,804,655,2,2,2,0,11,14,0,1,Fully Furnished,New,17.418794,78.405223,9,1,1,1,0,1,0,0,1,1,1,1,1,19350000
Mumbai,Kandivali East,400002,Apartment,527,436,1,1,1,1,4,7,1,2,Unfurnished,New,19.202115,72.875674,7,0,0,1,0,0,1,1,1,1,0,1,1,9910000
Nagpur,Manish Nagar,440037,Apartment,1377,1166,3,3,2,0,4,35,2,1,Semi-Furnished,New,21.096578,79.074784,5,0,0,1,0,1,1,0,1,0,0,1,0,9950000
Delhi NCR,Rohini (Delhi),110010,Apartment,1941,1544,3,3,4,1,14,18,8,1,Unfurnished,Good,28.71417,77.093325,10,1,1,1,1,0,1,1,1,1,1,1,0,18340000
Delhi NCR,Rohini (Delhi),110042,Apartment,1554,1238,3,3,4,2,12,14,3,1,Fully Furnished,Average,28.706628,77.120178,8,1,1,1,1,1,0,0,1,1,0,1,0,17100000
Delhi NCR,Sector 150 (Noida),110029,Apartment,1221,1066,3,3,3,1,3,10,0,0,Semi-Furnished,New,28.455258,77.470849,7,1,1,1,0,0,0,0,1,1,1,1,0,13020000
Nagpur,Besha,440030,Apartment,855,742,2,2,1,1,4,18,8,1,Semi-Furnished,Good,21.083398,79.107928,10,1,1,1,1,1,0,1,1,1,0,1,1,4050000
Bengaluru,Hebbal,560022,Apartment,621,521,2,2,1,2,7,14,2,1,Fully Furnished,New,13.033839,77.584853,6,1,0,1,0,0,0,0,1,1,0,1,1,7750000
Pune,Hinjewadi,411045,Independent House,1588,1379,3,3,3,3,0,1,1,0,Unfurnished,Good,18.603253,73.740511,6,1,1,1,0,0,1,0,1,0,1,0,0,13870000
Hyderabad,Banjara Hills,500018,Villa,901,704,3,3,4,2,0,3,1,1,Semi-Furnished,New,17.415809,78.43627,7,1,0,0,1,0,1,0,1,0,1,1,1,23450000
Mumbai,Navi Mumbai - Vashi,400046,Villa,1832,1517,4,4,3,3,0,1,1,1,Fully Furnished,New,19.07362,72.986776,6,0,0,1,1,0,1,0,1,1,0,0,1,39180000
Nagpur,Sadar,440014,Apartment,1680,1440,4,4,4,1,17,22,0,1,Unfurnished,New,21.150437,79.084694,10,1,1,1,1,0,0,1,1,1,1,1,1,15990000
Delhi NCR,Sohna Road (Gurugram),110033,Apartment,1264,1018,3,3,3,3,5,14,3,0,Unfurnished,New,28.387125,77.016139,10,1,1,1,0,1,1,1,1,1,0,1,1,12950000
Pune,Hadapsar,411011,Apartment,1147,933,3,3,2,3,5,14,5,2,Fully Furnished,New,18.505601,73.914261,11,1,1,1,1,0,1,1,1,1,1,1,1,11980000
Nagpur,Manish Nagar,440037,Villa,974,852,2,2,3,0,0,2,5,1,Unfurnished,Good,21.084489,79.080262,5,1,1,1,0,0,0,0,1,0,0,0,1,8130000
Chennai,T Nagar,600009,Apartment,2072,1718,4,4,3,2,20,22,8,1,Semi-Furnished,Needs Renovation,13.040346,80.226569,7,1,1,1,0,1,0,0,1,1,0,1,0,25890000
Nagpur,Besha,440026,Apartment,3107,2631,5,5,5,0,8,10,0,1,Unfurnished,New,21.076604,79.099797,9,1,1,1,1,0,0,0,1,1,1,1,1,15340000
Kolkata,New Town (Action Area 1),700022,Apartment,757,614,2,2,1,2,2,7,18,1,Fully Furnished,Average,22.590354,88.471972,9,0,1,1,1,1,0,1,1,1,0,1,1,4870000
Mumbai,Borivali West,400028,Apartment,1369,1083,3,3,3,3,4,28,1,1,Semi-Furnished,New,19.233965,72.849474,10,1,1,0,1,1,1,1,0,1,1,1,1,30160000
Bengaluru,Sarjapur Road,560007,Independent House,625,509,1,1,2,3,0,2,1,1,Unfurnished,New,12.907741,77.697807,8,0,0,0,0,1,1,1,1,1,1,1,1,7300000
Mumbai,Juhu,400032,Apartment,1109,915,2,2,2,3,2,4,0,1,Fully Furnished,New,19.083352,72.838932,8,1,1,1,0,0,0,0,1,1,1,1,1,56960000
Pune,Kalyani Nagar,411004,Apartment,1905,1492,3,3,2,2,4,4,1,2,Fully Furnished,New,18.5562,73.915927,9,1,1,1,1,1,1,1,0,1,0,1,0,32440000
Delhi NCR,Greater Noida West,110028,Apartment,720,604,1,1,2,2,3,18,2,2,Semi-Furnished,New,28.605953,77.436732,9,1,1,1,0,0,1,1,1,1,0,1,1,4740000
Hyderabad,Madhapur,500046,Apartment,1322,1123,3,3,3,2,5,28,0,1,Semi-Furnished,Good,17.45142,78.392099,9,1,1,1,0,1,1,0,1,1,1,0,1,14490000
Pune,Wakad,411009,Apartment,988,843,3,3,3,3,3,4,3,3,Semi-Furnished,Good,18.592771,73.775262,2,0,0,1,0,0,0,0,0,1,0,0,0,9190000
Nagpur,Dharampeth,440044,Apartment,1106,944,2,2,2,3,4,18,0,2,Unfurnished,New,21.152859,79.060053,8,1,1,1,0,0,1,0,1,1,1,0,1,9870000
Chennai,OMR (Thoraipakkam),600026,Apartment,2937,2407,5,5,4,3,3,35,2,0,Semi-Furnished,Good,12.94093,80.233024,7,1,1,1,1,1,0,0,1,1,0,0,0,23610000
Hyderabad,Uppal,500017,Apartment,1025,870,2,2,2,2,16,28,1,1,Semi-Furnished,Good,17.408624,78.557975,8,0,1,1,0,1,1,0,1,1,0,1,1,6290000
Kolkata,Alipore,700039,Apartment,1278,1069,3,3,2,0,9,14,5,1,Fully Furnished,Average,22.53135,88.339782,10,1,1,1,1,1,0,1,1,1,0,1,1,23540000
Kolkata,Garia,700041,Apartment,2293,1852,4,4,5,2,4,4,5,1,Unfurnished,Average,22.466321,88.390351,8,1,1,1,0,1,0,0,1,1,0,1,1,11800000
Delhi NCR,Sector 62 (Noida),110037,Apartment,511,406,1,1,1,2,4,28,3,1,Unfurnished,Good,28.622399,77.361905,7,1,1,1,0,0,1,1,0,0,1,1,0,4140000
Bengaluru,Whitefield,560016,Apartment,2292,1820,4,4,5,3,2,7,8,2,Semi-Furnished,Average,12.964094,77.75181,8,1,1,1,1,1,0,1,0,1,0,1,0,19010000
Bengaluru,Bellandur,560038,Apartment,1454,1139,3,3,3,2,12,28,3,0,Fully Furnished,New,12.922322,77.673487,8,1,1,1,0,1,0,0,1,0,1,1,1,17670000
Bengaluru,HSR Layout,560042,Apartment,1450,1181,3,3,2,3,4,4,0,0,Fully Furnished,Good,12.912066,77.658243,8,1,0,1,1,0,0,1,0,1,1,1,1,19080000
Mumbai,Thane West,400039,Apartment,1383,1192,3,3,4,1,14,35,1,3,Unfurnished,Good,19.205711,72.981077,6,1,1,1,0,1,0,0,1,0,0,1,0,19760000
Hyderabad,Banjara Hills,500023,Plot,2034,2034,0,0,0,0,0,0,1,0,Unfurnished,Average,17.413374,78.432723,2,0,0,1,0,0,0,0,0,0,0,1,0,27020000
Pune,Kalyani Nagar,411042,Apartment,855,694,2,2,2,2,15,28,2,2,Semi-Furnished,Good,18.541538,73.914787,6,0,1,0,0,0,0,0,1,1,1,1,1,12730000
Chennai,Porur,600018,Apartment,1887,1480,4,4,3,0,1,22,8,1,Semi-Furnished,Good,13.036193,80.169663,8,0,1,1,0,1,1,1,1,0,0,1,1,12680000
Nagpur,Sadar,440015,Independent House,832,669,2,2,3,2,0,1,2,1,Semi-Furnished,New,21.15752,79.077607,4,1,0,0,0,0,0,0,1,0,1,0,1,8510000
Chennai,Anna Nagar,600034,Independent House,446,372,1,1,1,2,0,3,3,1,Semi-Furnished,Good,13.076006,80.203365,4,1,0,0,0,0,0,1,0,0,1,0,1,7620000
Nagpur,Pratap Nagar,440002,Apartment,884,720,2,2,2,2,2,4,0,1,Semi-Furnished,New,21.119343,79.059161,10,1,1,1,1,0,0,1,1,1,1,1,1,7740000
Bengaluru,Hebbal,560010,Villa,901,709,2,2,2,1,0,2,0,0,Unfurnished,New,13.030753,77.590085,4,0,0,0,0,0,0,1,1,1,0,0,1,13080000
Mumbai,Borivali West,400006,Villa,1348,1105,3,3,3,2,0,2,0,1,Semi-Furnished,New,19.227608,72.850191,4,1,1,0,0,0,0,0,1,0,1,0,0,34590000
Pune,Wakad,411026,Apartment,1004,874,2,2,2,1,2,14,1,0,Semi-Furnished,New,18.588176,73.776759,10,1,1,1,0,1,1,0,1,1,1,1,1,9750000
Bengaluru,Bellandur,560036,Apartment,2043,1600,4,4,4,1,10,28,12,1,Semi-Furnished,Average,12.915304,77.676101,6,1,0,1,0,1,0,0,0,1,1,1,0,17240000
Nagpur,Khamla,440037,Villa,941,749,2,2,2,0,0,2,1,1,Semi-Furnished,New,21.126774,79.059422,6,1,0,0,0,1,0,1,0,1,0,1,1,8980000
Mumbai,Borivali West,400042,Apartment,505,406,1,1,2,1,19,28,5,2,Semi-Furnished,Average,19.235461,72.86709,9,1,1,1,0,1,0,0,1,1,1,1,1,9680000
Nagpur,Dharampeth,440036,Apartment,1067,934,2,2,2,3,28,35,0,1,Fully Furnished,New,21.149278,79.072053,6,1,1,1,0,0,0,0,1,1,0,1,0,11290000
Hyderabad,Miyapur,500038,Apartment,649,519,1,1,1,0,11,14,1,2,Fully Furnished,New,17.50467,78.35069,7,0,1,1,1,0,1,0,1,1,0,1,0,5200000
Mumbai,Juhu,400031,Apartment,804,697,2,2,3,1,2,18,12,1,Fully Furnished,Good,19.10167,72.822446,8,1,1,0,0,1,1,0,1,1,0,1,1,32890000
Pune,Aundh,411039,Apartment,1618,1344,3,3,3,3,2,10,1,2,Fully Furnished,New,18.571251,73.801997,10,1,1,1,1,0,1,0,1,1,1,1,1,23950000
Delhi NCR,Rohini (Delhi),110018,Independent House,1175,923,2,2,2,3,0,1,8,2,Fully Furnished,Good,28.715174,77.110663,6,1,1,0,0,0,1,1,0,0,0,1,1,14410000
Nagpur,Trimurti Nagar,440035,Apartment,944,751,2,2,2,3,6,7,8,1,Fully Furnished,Average,21.122197,79.036311,6,1,1,1,0,0,0,0,0,1,1,1,0,6170000
Hyderabad,HITEC City,500015,Plot,2501,2501,0,0,0,0,0,0,4,0,Unfurnished,Average,17.431416,78.371698,0,0,0,0,0,0,0,0,0,0,0,0,0,19890000
Mumbai,Kandivali East,400046,Apartment,2984,2463,5,5,6,2,7,7,2,1,Fully Furnished,Good,19.198788,72.864432,8,1,1,0,0,1,0,0,1,1,1,1,1,53290000
Pune,Kothrud,411036,Independent House,1538,1265,3,3,3,2,0,1,1,0,Semi-Furnished,New,18.50674,73.794058,6,1,0,0,0,0,1,0,1,1,0,1,1,22420000
Bengaluru,JP Nagar,560016,Apartment,1007,885,2,2,1,3,7,7,0,1,Fully Furnished,Good,12.901956,77.580124,9,1,1,1,1,0,1,0,1,1,1,1,0,12180000
Pune,Kalyani Nagar,411017,Independent House,1008,835,2,2,1,0,0,2,8,0,Semi-Furnished,Average,18.534809,73.907701,3,1,1,0,0,0,0,0,1,0,0,0,0,13010000
Delhi NCR,Greater Noida West,110029,Apartment,946,780,2,2,2,0,3,10,25,2,Fully Furnished,Average,28.589717,77.430783,8,1,1,1,0,0,1,0,1,1,0,1,1,4450000
Bengaluru,Indiranagar,560008,Independent House,901,762,2,2,3,2,0,2,0,0,Fully Furnished,New,12.991403,77.629907,5,1,1,1,0,0,0,0,1,0,0,0,1,20890000
Hyderabad,Kondapur,500002,Independent House,1334,1126,3,3,3,0,0,1,12,1,Semi-Furnished,Good,17.470183,78.349106,5,1,0,0,0,1,0,1,1,0,1,0,0,12020000
Bengaluru,Sarjapur Road,560025,Apartment,864,736,2,2,2,1,5,7,12,1,Semi-Furnished,Average,12.901934,77.683329,9,1,1,1,0,0,1,0,1,1,1,1,1,6560000
Pune,Hinjewadi,411039,Independent House,1866,1522,3,3,3,1,0,3,2,1,Semi-Furnished,New,18.581972,73.739722,4,1,0,0,0,0,0,1,1,1,0,0,0,18180000
Mumbai,Juhu,400021,Independent House,766,618,2,2,1,0,0,2,0,1,Unfurnished,New,19.112995,72.823113,4,1,0,0,0,0,1,0,1,0,1,0,0,33240000
Bengaluru,Sarjapur Road,560009,Villa,1566,1311,3,3,3,2,0,2,0,2,Unfurnished,Good,12.901364,77.676618,3,0,1,0,0,0,0,0,0,1,1,0,0,18160000
Bengaluru,HSR Layout,560020,Plot,2912,2912,0,0,0,0,0,0,4,0,Unfurnished,Average,12.909323,77.651942,2,0,0,1,0,0,0,0,0,0,0,1,0,27520000
Bengaluru,HSR Layout,560034,Apartment,512,402,1,1,1,2,7,10,2,0,Fully Furnished,Good,12.918446,77.638556,8,1,1,1,0,0,0,1,1,1,1,1,0,7790000
Nagpur,Trimurti Nagar,440046,Plot,846,846,0,0,0,0,0,0,5,0,Unfurnished,Average,21.112456,79.047209,1,0,0,0,0,0,0,0,0,0,0,1,0,4180000
Hyderabad,Kukatpally,500021,Apartment,2219,1827,4,4,4,3,4,14,3,1,Fully Furnished,Good,17.489436,78.398389,7,0,0,1,1,1,1,1,1,1,0,0,0,17060000
Delhi NCR,Dwarka (Delhi),110038,Apartment,1456,1192,3,3,3,0,2,4,5,0,Fully Furnished,Good,28.594897,77.047068,9,1,1,1,1,0,0,1,1,1,1,1,0,16950000
Bengaluru,Whitefield,560026,Apartment,1621,1348,4,4,5,2,3,10,12,1,Semi-Furnished,Average,12.963815,77.752333,8,1,1,1,1,1,1,0,0,1,0,1,0,12960000
Bengaluru,Koramangala,560026,Apartment,920,739,2,2,3,3,2,35,3,1,Unfurnished,Good,12.940282,77.61629,6,0,1,1,0,0,1,0,1,0,1,0,1,13430000
Hyderabad,Gachibowli,500025,Villa,1031,811,2,2,3,1,0,2,18,1,Semi-Furnished,Average,17.44312,78.347444,9,1,0,1,1,0,1,0,1,1,1,1,1,11800000
Pune,Hadapsar,411039,Apartment,3484,2904,5,5,5,0,1,18,3,0,Semi-Furnished,Good,18.501153,73.927886,8,0,1,0,1,1,1,0,1,1,1,0,1,30210000
Mumbai,Thane West,400027,Apartment,1251,1006,3,3,4,0,7,28,0,2,Semi-Furnished,New,19.227014,72.981156,7,1,0,1,0,0,1,1,0,1,1,1,0,18760000
Nagpur,Besha,440010,Apartment,1001,804,2,2,1,3,11,18,5,1,Semi-Furnished,Good,21.070752,79.095297,7,1,1,1,1,0,1,0,0,1,0,1,0,5440000
Hyderabad,HITEC City,500027,Apartment,3312,2902,5,5,5,0,4,10,3,2,Unfurnished,Good,17.456822,78.37577,9,1,1,1,1,0,1,1,1,0,1,1,0,38240000
Pune,Baner,411004,Apartment,2404,2007,4,4,4,2,12,22,8,1,Unfurnished,Needs Renovation,18.558221,73.79303,9,1,1,1,1,1,0,0,1,1,0,1,1,19530000
Bengaluru,Electronic City,560038,Independent House,1293,1063,3,3,2,1,0,3,1,1,Fully Furnished,New,12.8294,77.678931,5,1,0,1,0,0,1,0,1,0,0,1,0,12060000
Nagpur,Khamla,440022,Apartment,703,577,1,1,1,3,3,22,0,1,Semi-Furnished,New,21.121329,79.055722,9,1,1,1,1,1,0,0,1,1,1,1,0,5210000
Chennai,Porur,600014,Apartment,2263,1912,4,4,5,0,1,4,12,1,Semi-Furnished,Good,13.047086,80.162541,6,1,1,1,0,0,1,1,0,1,0,0,0,14850000
Delhi NCR,Sohna Road (Gurugram),110008,Apartment,1346,1103,3,3,3,2,2,4,0,0,Fully Furnished,Good,28.391267,77.036105,8,1,1,1,0,0,0,1,1,1,1,1,0,13870000
Mumbai,Bandra West,400004,Independent House,936,769,2,2,1,0,0,2,2,1,Semi-Furnished,Average,19.061253,72.828466,6,1,0,1,1,0,1,1,1,0,0,0,0,46870000
Mumbai,Thane West,400024,Villa,817,718,2,2,2,3,0,3,0,0,Unfurnished,New,19.225833,72.978712,5,1,1,0,0,1,1,0,1,0,0,0,0,16240000
Hyderabad,Miyapur,500002,Apartment,822,661,2,2,2,2,1,14,5,0,Semi-Furnished,Average,17.486145,78.371864,8,1,1,1,1,0,0,0,1,1,1,1,0,5070000
Nagpur,Sadar,440007,Apartment,990,795,3,3,2,1,10,10,3,1,Fully Furnished,Good,21.169105,79.08938,5,0,1,1,0,0,0,0,1,1,0,1,0,9380000
Hyderabad,Miyapur,500026,Apartment,2704,2148,4,4,3,2,10,10,3,1,Semi-Furnished,Good,17.498534,78.350065,7,1,1,1,1,1,0,0,0,1,1,0,0,18770000
Nagpur,Manish Nagar,440009,Independent House,1461,1266,3,3,2,0,0,2,2,1,Unfurnished,Good,21.086274,79.087988,6,1,1,0,1,0,0,1,0,1,0,1,0,9590000
Mumbai,Kandivali East,400018,Apartment,1119,898,2,2,3,2,3,4,2,1,Fully Furnished,New,19.199175,72.86082,7,1,1,0,0,0,0,0,1,1,1,1,1,21810000
Bengaluru,Koramangala,560031,Apartment,1509,1323,3,3,3,2,2,4,2,1,Fully Furnished,New,12.936511,77.618559,8,1,1,1,1,0,0,0,1,0,1,1,1,25980000
Nagpur,Trimurti Nagar,440037,Apartment,1671,1435,4,4,4,0,1,18,5,1,Semi-Furnished,Average,21.116203,79.0476,11,1,1,1,1,1,1,1,0,1,1,1,1,10670000
Delhi NCR,Greater Noida West,110044,Independent House,1616,1398,3,3,3,2,0,3,1,2,Fully Furnished,New,28.601643,77.430296,3,0,0,0,1,0,0,0,1,0,0,1,0,13110000
Delhi NCR,Indirapuram (Ghaziabad),110016,Apartment,1321,1103,2,2,1,3,4,4,1,1,Unfurnished,Good,28.651555,77.361621,8,1,1,1,1,0,0,0,1,1,1,1,0,9670000
Pune,Kharadi,411033,Independent House,3200,2800,5,5,5,3,0,2,3,1,Semi-Furnished,Good,18.558212,73.92914,5,1,1,0,0,0,1,0,1,0,1,0,0,34110000
Hyderabad,Gachibowli,500034,Apartment,1229,977,3,3,3,1,6,7,0,1,Semi-Furnished,New,17.435525,78.355423,7,1,0,1,1,1,0,1,0,1,1,0,0,13200000
Pune,Magarpatta,411041,Independent House,1864,1553,4,4,3,1,0,3,8,0,Semi-Furnished,Good,18.501488,73.935257,7,1,1,0,0,1,1,1,1,0,0,0,1,22520000
Nagpur,Pratap Nagar,440043,Apartment,1317,1117,3,3,4,2,5,22,3,1,Semi-Furnished,Good,21.118616,79.052626,9,0,1,1,1,0,1,1,1,0,1,1,1,10630000
Hyderabad,Madhapur,500009,Apartment,1502,1213,3,3,2,1,9,35,3,0,Semi-Furnished,New,17.44272,78.378549,8,1,1,1,0,1,1,0,0,1,1,1,0,16860000
Mumbai,Andheri West,400043,Apartment,1418,1174,3,3,3,3,2,18,2,0,Fully Furnished,Good,19.131057,72.82926,6,0,1,0,0,1,0,0,0,1,1,1,1,39270000
Mumbai,Andheri East,400005,Apartment,1133,976,3,3,2,2,11,14,1,1,Semi-Furnished,New,19.104184,72.882199,7,1,1,0,1,0,0,0,1,1,1,0,1,26970000
Bengaluru,Sarjapur Road,560010,Villa,1836,1444,3,3,3,1,0,2,0,1,Unfurnished,New,12.91462,77.68156,3,0,0,0,0,0,0,1,1,0,1,0,0,22980000
Pune,Hadapsar,411046,Apartment,944,763,2,2,1,2,26,35,1,3,Unfurnished,Good,18.510667,73.925557,6,1,1,0,0,1,1,0,0,1,0,0,1,7410000
Hyderabad,HITEC City,500007,Apartment,747,612,1,1,1,2,20,22,3,0,Semi-Furnished,Average,17.447428,78.379839,9,1,1,1,0,0,1,0,1,1,1,1,1,8740000
Hyderabad,Uppal,500026,Independent House,1441,1265,3,3,4,1,0,2,8,1,Semi-Furnished,Good,17.397022,78.565133,7,1,0,1,1,0,0,1,1,0,1,1,0,9090000
Bengaluru,Indiranagar,560024,Independent House,981,787,2,2,2,0,0,2,25,2,Semi-Furnished,Average,12.982893,77.639211,5,1,1,0,1,0,0,0,0,1,0,0,1,12860000
Hyderabad,Banjara Hills,500011,Plot,1752,1752,0,0,0,0,0,0,1,0,Unfurnished,Average,17.407669,78.427973,1,0,0,0,0,0,0,0,0,0,0,1,0,22960000
Hyderabad,Miyapur,500006,Independent House,1066,882,2,2,2,2,0,2,12,2,Unfurnished,Average,17.481801,78.365576,6,1,0,1,0,0,0,1,1,1,0,0,1,6400000
Kolkata,Ballygunge,700037,Independent House,917,720,2,2,3,3,0,2,2,1,Unfurnished,New,22.517284,88.358187,6,1,0,0,0,0,1,0,1,0,1,1,1,15800000
Pune,Kharadi,411044,Plot,1950,1950,0,0,0,0,0,0,0,0,Unfurnished,Average,18.551863,73.932038,1,0,0,0,0,0,0,0,0,0,0,1,0,14180000
Pune,Aundh,411036,Apartment,1033,861,2,2,1,2,6,10,0,1,Semi-Furnished,New,18.566124,73.8081,8,1,1,1,0,0,1,1,1,1,0,1,0,15540000
Hyderabad,Gachibowli,500041,Apartment,1115,921,2,2,1,2,1,22,2,1,Semi-Furnished,New,17.443407,78.349337,8,1,1,1,0,0,0,0,1,1,1,1,1,12620000
Nagpur,Wardha Road,440002,Apartment,1479,1205,3,3,3,1,18,28,0,2,Fully Furnished,New,21.088486,79.077196,7,1,1,1,1,0,0,0,1,1,1,0,0,10360000
Bengaluru,Indiranagar,560011,Apartment,764,644,2,2,2,2,9,14,0,1,Unfurnished,New,12.97279,77.648609,5,1,0,1,1,0,0,0,1,0,0,1,0,11830000
Nagpur,Trimurti Nagar,440029,Apartment,1499,1310,3,3,4,3,16,28,8,1,Fully Furnished,Good,21.1209,79.048301,8,1,0,1,1,0,1,1,1,1,0,1,0,11020000
Bengaluru,Yelahanka,560039,Plot,2249,2249,0,0,0,0,0,0,3,0,Unfurnished,Average,13.089954,77.588625,1,0,0,1,0,0,0,0,0,0,0,0,0,11940000
Hyderabad,Banjara Hills,500025,Apartment,1264,1074,3,3,2,3,5,7,5,2,Unfurnished,Good,17.414137,78.426376,10,1,1,1,1,1,0,1,1,1,1,0,1,22650000
Hyderabad,Banjara Hills,500038,Apartment,723,587,2,2,2,0,6,18,2,1,Fully Furnished,New,17.426369,78.445181,8,1,0,1,0,0,1,1,0,1,1,1,1,15590000
Bengaluru,Koramangala,560016,Plot,2374,2374,0,0,0,0,0,0,4,0,Unfurnished,Average,12.92965,77.62724,1,0,0,1,0,0,0,0,0,0,0,0,0,24420000
Hyderabad,Madhapur,500034,Apartment,1629,1382,3,3,4,0,13,14,0,2,Unfurnished,New,17.447708,78.388225,9,1,1,1,0,1,0,1,1,1,0,1,1,18460000
Hyderabad,Banjara Hills,500005,Independent House,526,447,2,2,2,2,0,2,8,1,Unfurnished,Good,17.407292,78.444602,6,1,1,1,0,0,1,0,1,0,0,0,1,9260000
Pune,Kalyani Nagar,411003,Apartment,1357,1153,3,3,3,1,1,4,1,1,Unfurnished,New,18.551544,73.917745,6,0,1,0,1,0,1,0,0,1,1,1,0,19860000
Mumbai,Powai,400017,Apartment,783,657,2,2,2,2,14,35,1,1,Unfurnished,Average,19.102059,72.924877,6,1,1,1,0,0,0,0,0,1,1,1,0,18620000
Delhi NCR,Greater Noida West,110032,Apartment,1447,1215,3,3,3,0,14,22,0,3,Fully Furnished,New,28.579836,77.442706,8,1,1,1,0,1,0,1,1,0,1,1,0,11450000
Chennai,Velachery,600009,Apartment,1371,1144,3,3,2,1,9,18,3,2,Semi-Furnished,Good,12.988656,80.220675,8,1,1,1,1,0,1,0,0,1,1,0,1,12790000
Kolkata,Salt Lake (Sector V),700028,Apartment,1318,1150,3,3,2,2,16,35,1,0,Semi-Furnished,New,22.585289,88.434082,8,1,1,1,1,0,1,0,0,1,0,1,1,13880000
Chennai,Velachery,600006,Apartment,677,529,1,1,2,2,3,22,5,1,Fully Furnished,New,12.978606,80.219429,7,1,1,1,0,0,0,1,0,1,0,1,1,6080000
Pune,Kharadi,411031,Independent House,533,447,1,1,1,3,0,2,3,1,Semi-Furnished,Average,18.557711,73.931977,5,1,0,1,0,0,1,0,0,1,1,0,0,5480000
Hyderabad,Manikonda,500017,Apartment,471,408,1,1,1,2,7,14,5,1,Semi-Furnished,Good,17.412227,78.393788,7,1,1,1,1,0,0,0,1,1,0,1,0,4060000
Kolkata,Garia,700044,Apartment,964,840,3,3,3,0,3,10,0,1,Semi-Furnished,Good,22.462716,88.387759,8,1,0,1,0,1,1,0,1,1,1,1,0,5830000
Mumbai,Navi Mumbai - Vashi,400033,Apartment,844,712,2,2,2,1,8,10,1,1,Semi-Furnished,Good,19.074331,73.005397,6,0,1,1,0,0,1,0,1,1,0,1,0,12390000
Bengaluru,Yelahanka,560012,Villa,1847,1506,3,3,2,3,0,1,8,2,Unfurnished,Good,13.104571,77.595961,7,1,1,0,1,0,0,1,1,1,0,0,1,17680000
Bengaluru,HSR Layout,560038,Apartment,701,605,2,2,2,3,5,22,12,0,Semi-Furnished,Needs Renovation,12.906782,77.643631,9,1,1,1,0,1,1,0,1,1,0,1,1,6910000
Hyderabad,Uppal,500024,Apartment,1388,1171,3,3,3,2,10,28,2,1,Semi-Furnished,New,17.4054,78.555483,9,1,1,1,1,1,1,0,1,1,1,0,0,9790000
Delhi NCR,Sector 150 (Noida),110030,Apartment,1822,1575,3,3,2,2,9,22,0,1,Semi-Furnished,New,28.462964,77.477348,5,1,1,1,1,0,0,0,1,0,0,0,0,20340000
Delhi NCR,Golf Course Road (Gurugram),110024,Apartment,1545,1290,3,3,2,1,3,28,0,0,Unfurnished,New,28.463553,77.103296,8,1,1,0,1,1,0,1,1,0,0,1,1,33570000
Chennai,Adyar,600014,Apartment,3126,2537,5,5,5,3,7,7,2,1,Semi-Furnished,New,13.006335,80.253435,7,0,0,1,0,0,1,0,1,1,1,1,1,50370000
Kolkata,Jadavpur,700046,Apartment,903,731,2,2,3,1,1,4,0,1,Unfurnished,Good,22.49739,88.357707,11,1,1,1,1,0,1,1,1,1,1,1,1,6880000
Bengaluru,Sarjapur Road,560028,Apartment,702,566,3,3,3,2,6,7,0,1,Fully Furnished,Average,12.932019,77.697015,8,1,1,1,1,0,0,1,0,1,1,1,0,6710000
Bengaluru,Sarjapur Road,560024,Independent House,2103,1668,4,4,5,2,0,3,1,0,Unfurnished,New,12.912724,77.680287,8,1,1,1,0,1,1,0,0,1,1,0,1,22760000
Mumbai,Navi Mumbai - Vashi,400033,Apartment,564,450,1,1,2,0,3,14,8,0,Fully Furnished,Average,19.076346,73.000052,7,1,0,1,0,0,0,1,1,1,0,1,1,7700000
Bengaluru,Koramangala,560023,Apartment,956,799,2,2,3,0,21,22,8,1,Unfurnished,Good,12.936508,77.625531,8,1,1,1,0,0,1,0,1,1,0,1,1,13860000
Kolkata,Jadavpur,700042,Apartment,1144,982,2,2,1,2,9,10,0,2,Semi-Furnished,Average,22.495171,88.372819,7,1,1,1,0,0,0,0,1,1,1,1,0,8820000
Chennai,Anna Nagar,600016,Apartment,571,463,1,1,2,2,8,10,18,1,Semi-Furnished,Good,13.086716,80.209229,9,0,1,1,1,0,1,0,1,1,1,1,1,7550000
Mumbai,Bandra West,400036,Villa,2002,1585,4,4,3,0,0,2,1,1,Fully Furnished,Good,19.069867,72.828671,6,1,0,0,1,0,0,1,1,0,1,1,0,129790000
Hyderabad,Miyapur,500021,Independent House,2356,1969,4,4,4,2,0,1,3,3,Fully Furnished,Average,17.494363,78.366364,5,1,0,0,1,0,1,0,1,0,0,1,0,15940000
Mumbai,Thane West,400024,Apartment,1401,1157,3,3,3,0,5,7,0,1,Fully Furnished,New,19.214623,72.969594,9,1,1,1,0,1,0,1,1,1,1,1,0,24880000
Hyderabad,Kukatpally,500016,Independent House,851,715,2,2,2,2,0,3,8,0,Semi-Furnished,Good,17.494416,78.388661,5,1,1,1,0,0,1,0,1,0,0,0,0,7210000
Bengaluru,Yelahanka,560033,Apartment,1183,981,2,2,3,1,1,10,1,2,Semi-Furnished,New,13.102947,77.602772,6,1,1,0,0,0,0,1,1,0,1,1,0,10430000
Pune,Viman Nagar,411034,Apartment,1161,944,2,2,1,3,18,18,3,1,Semi-Furnished,Good,18.582861,73.910306,10,1,1,1,1,1,1,0,1,1,0,1,1,14320000
Pune,Viman Nagar,411035,Apartment,1083,890,2,2,2,2,27,35,18,2,Unfurnished,Good,18.573566,73.920505,5,1,1,1,0,0,0,0,1,1,0,0,0,11300000
Pune,Hadapsar,411003,Apartment,951,747,2,2,2,3,32,35,1,1,Semi-Furnished,Average,18.512309,73.918057,8,1,1,1,0,0,0,1,1,1,0,1,1,9280000
Pune,Kharadi,411026,Apartment,892,743,2,2,2,3,6,10,12,0,Unfurnished,Good,18.549134,73.932326,9,1,1,1,0,0,1,0,1,1,1,1,1,7250000
Chennai,Besant Nagar,600024,Apartment,1216,999,3,3,3,2,1,4,0,1,Semi-Furnished,New,12.99601,80.255774,5,1,1,1,0,0,0,0,0,1,0,1,0,21350000
Mumbai,Powai,400005,Villa,1891,1519,3,3,3,0,0,2,3,3,Semi-Furnished,Good,19.123485,72.913407,5,1,1,0,0,0,0,1,1,0,1,0,0,60390000
Delhi NCR,Sector 150 (Noida),110039,Apartment,1263,1019,2,2,1,1,6,18,0,2,Semi-Furnished,New,28.440829,77.468161,7,0,1,1,0,0,1,0,1,1,1,1,0,13480000
Bengaluru,Electronic City,560032,Apartment,1281,1059,3,3,3,3,10,35,12,1,Unfurnished,Needs Renovation,12.837495,77.673424,5,1,1,0,1,0,0,0,0,0,1,1,0,6220000
Mumbai,Andheri West,400010,Apartment,3220,2598,5,5,5,3,5,22,2,2,Semi-Furnished,Good,19.130517,72.810296,7,1,1,0,1,1,0,0,0,1,1,1,0,83120000
Nagpur,Dharampeth,440016,Apartment,522,420,1,1,1,0,14,18,1,0,Fully Furnished,New,21.142423,79.051663,6,1,1,1,0,0,0,1,1,0,0,1,0,5560000
Chennai,Besant Nagar,600006,Apartment,756,647,2,2,2,3,10,14,3,2,Semi-Furnished,Good,12.999193,80.258115,9,0,0,1,0,1,1,1,1,1,1,1,1,13260000
Bengaluru,JP Nagar,560029,Apartment,726,587,2,2,2,2,1,18,2,2,Semi-Furnished,New,12.905072,77.578768,5,0,1,1,0,0,1,0,1,1,0,0,0,8380000
Bengaluru,Sarjapur Road,560041,Apartment,1502,1206,3,3,3,2,19,22,1,2,Semi-Furnished,New,12.909741,77.67862,8,1,1,1,0,0,1,1,1,1,0,0,1,16130000
Pune,Hadapsar,411040,Apartment,1574,1264,3,3,4,2,4,10,18,0,Fully Furnished,Average,18.510042,73.93873,9,1,1,1,0,1,1,1,0,1,0,1,1,11260000
Nagpur,Trimurti Nagar,440015,Apartment,1630,1292,3,3,4,0,4,14,2,2,Unfurnished,Average,21.119069,79.044405,11,1,1,1,1,1,0,1,1,1,1,1,1,10050000
Mumbai,Thane West,400002,Apartment,1284,1068,3,3,3,0,6,7,3,1,Unfurnished,Average,19.221095,72.980837,10,1,1,1,0,0,1,1,1,1,1,1,1,18000000
Pune,Aundh,411042,Apartment,2515,1979,4,4,4,1,23,35,1,1,Semi-Furnished,Average,18.5512,73.800904,11,1,1,1,1,1,1,1,1,1,1,1,0,34700000
Chennai,Sholinganallur,600016,Apartment,504,393,1,1,1,3,17,35,0,1,Unfurnished,New,12.928022,80.232026,7,1,1,1,1,0,1,0,1,0,0,1,0,4220000
Mumbai,Powai,400013,Plot,1125,1125,0,0,0,0,0,0,1,0,Unfurnished,Average,19.113476,72.902159,0,0,0,0,0,0,0,0,0,0,0,0,0,19180000
Mumbai,Powai,400017,Apartment,969,777,2,2,1,0,4,10,0,1,Semi-Furnished,New,19.113946,72.903815,4,0,1,0,0,0,0,0,1,0,1,1,0,25440000
Mumbai,Andheri East,400005,Apartment,1186,1000,2,2,1,2,11,14,0,2,Fully Furnished,Good,19.115616,72.85897,7,0,1,1,0,0,1,0,0,1,1,1,1,28780000
Mumbai,Powai,400040,Independent House,1791,1552,3,3,4,0,0,2,3,1,Unfurnished,Good,19.128558,72.911875,5,1,1,0,0,0,1,0,1,0,1,0,0,47380000
Bengaluru,Bellandur,560029,Independent House,959,833,2,2,2,1,0,1,0,0,Semi-Furnished,Good,12.931025,77.670754,4,1,0,0,0,1,0,0,0,0,0,1,1,11500000
Mumbai,Juhu,400004,Apartment,1177,975,2,2,2,2,7,18,8,0,Semi-Furnished,Good,19.102785,72.819408,5,1,0,0,0,0,0,0,1,1,0,1,1,46040000
Hyderabad,Gachibowli,500020,Apartment,1342,1061,3,3,4,3,2,10,12,0,Semi-Furnished,Good,17.445293,78.345274,9,0,1,1,1,1,1,0,0,1,1,1,1,13230000
Nagpur,Besha,440008,Independent House,445,360,1,1,2,3,0,3,5,1,Fully Furnished,Good,21.08403,79.084881,7,1,0,0,0,0,1,0,1,1,1,1,1,2650000
Mumbai,Borivali West,400045,Apartment,2189,1861,4,4,4,2,6,14,8,1,Fully Furnished,Good,19.228663,72.847823,7,0,1,1,0,0,1,0,1,1,1,0,1,38840000
Delhi NCR,Vasant Kunj (Delhi),110044,Independent House,2096,1781,4,4,3,0,0,2,5,2,Unfurnished,Good,28.527807,77.16068,3,0,1,0,1,0,0,0,1,0,0,0,0,45170000
Pune,Aundh,411013,Apartment,2281,1987,4,4,5,2,32,35,1,1,Semi-Furnished,Average,18.562382,73.797262,11,1,1,1,1,1,1,1,1,1,1,1,0,29380000
Mumbai,Bandra West,400021,Apartment,1348,1093,3,3,3,0,13,14,2,2,Semi-Furnished,New,19.058315,72.836308,9,1,1,0,1,1,1,1,1,1,1,0,0,73620000
Pune,Kharadi,411045,Apartment,1053,924,2,2,3,0,4,10,0,0,Semi-Furnished,Good,18.549358,73.924055,5,1,0,1,0,0,1,0,0,1,0,1,0,10580000
Bengaluru,Yelahanka,560009,Apartment,1532,1196,3,3,3,2,1,4,0,3,Semi-Furnished,Average,13.081592,77.589625,9,1,1,1,1,0,1,1,0,1,1,0,1,11500000
Delhi NCR,Indirapuram (Ghaziabad),110045,Apartment,1429,1184,3,3,3,0,19,28,8,2,Semi-Furnished,Average,28.633573,77.374695,7,1,0,1,0,1,1,1,0,1,0,1,0,9930000
Pune,Kharadi,411002,Independent House,922,748,2,2,2,0,0,1,1,0,Unfurnished,New,18.545869,73.929988,8,1,1,1,1,0,1,0,1,0,0,1,1,10230000
Delhi NCR,Sector 62 (Noida),110011,Apartment,3418,2930,5,5,6,1,34,35,8,1,Semi-Furnished,Good,28.631569,77.355835,8,0,1,1,0,1,1,0,0,1,1,1,1,32430000
Mumbai,Andheri East,400007,Apartment,547,448,1,1,2,2,5,18,18,1,Semi-Furnished,Needs Renovation,19.125841,72.864563,8,1,0,1,0,1,1,1,1,1,0,1,0,7020000
Hyderabad,Kondapur,500017,Independent House,1018,846,2,2,3,2,0,2,2,0,Semi-Furnished,Good,17.471888,78.358075,7,1,0,1,1,0,1,0,1,0,0,1,1,10660000
Hyderabad,Gachibowli,500025,Apartment,944,822,2,2,2,3,1,18,8,3,Semi-Furnished,Good,17.43601,78.346481,7,0,1,1,1,0,1,0,1,1,0,1,0,9600000
Kolkata,Ballygunge,700024,Villa,981,824,2,2,3,2,0,2,0,1,Unfurnished,New,22.53288,88.363145,6,1,0,0,1,0,1,0,0,0,1,1,1,18670000
Mumbai,Powai,400031,Apartment,1109,866,3,3,3,2,12,35,12,1,Semi-Furnished,Average,19.11464,72.879431,9,1,1,1,0,0,1,1,1,1,1,1,0,21950000
Delhi NCR,Vasant Kunj (Delhi),110029,Independent House,1379,1172,3,3,2,1,0,2,0,0,Semi-Furnished,Good,28.524509,77.153851,8,1,1,1,1,0,1,0,1,0,0,1,1,35810000
Hyderabad,Madhapur,500046,Apartment,850,735,3,3,4,3,4,18,0,1,Fully Furnished,New,17.447845,78.378064,5,1,0,0,1,0,0,0,1,1,0,1,0,10190000
Hyderabad,Uppal,500036,Villa,917,732,2,2,1,3,0,3,8,0,Fully Furnished,Good,17.41201,78.56317,4,1,0,0,1,0,0,0,0,1,0,1,0,7240000
Pune,Baner,411035,Independent House,1395,1187,3,3,3,2,0,1,0,1,Semi-Furnished,New,18.553291,73.782448,5,1,0,1,0,0,0,0,1,0,1,0,1,19320000
Chennai,Anna Nagar,600028,Villa,713,571,2,2,3,0,0,3,8,1,Semi-Furnished,Good,13.089744,80.206892,7,1,1,0,0,0,1,0,1,0,1,1,1,13560000
Pune,Magarpatta,411006,Apartment,680,549,1,1,1,2,26,35,12,1,Semi-Furnished,Good,18.502415,73.922547,8,1,1,1,1,0,1,0,1,1,1,0,0,6780000
Bengaluru,Yelahanka,560008,Apartment,640,526,2,2,3,2,2,7,5,1,Semi-Furnished,Good,13.09244,77.61583,9,1,1,1,0,1,0,1,1,0,1,1,1,5150000
Delhi NCR,Dwarka (Delhi),110039,Apartment,1883,1558,3,3,4,1,8,14,8,1,Semi-Furnished,New,28.598733,77.040065,9,1,1,1,1,0,0,1,1,1,0,1,1,24350000
Hyderabad,Banjara Hills,500041,Apartment,1548,1254,3,3,3,2,20,28,1,1,Semi-Furnished,New,17.4191,78.431081,8,1,1,1,0,1,1,1,1,1,0,0,0,29480000
Delhi NCR,Sohna Road (Gurugram),110011,Villa,1512,1254,2,2,2,1,0,3,3,1,Semi-Furnished,New,28.393871,77.039394,5,1,1,0,0,0,0,1,0,1,0,0,1,19520000
Bengaluru,Indiranagar,560003,Villa,1338,1057,3,3,3,1,0,3,25,1,Semi-Furnished,Average,12.979382,77.651096,3,1,0,0,0,0,0,1,1,0,0,0,0,18940000
Pune,Wakad,411042,Independent House,458,358,1,1,2,3,0,3,5,2,Unfurnished,Good,18.597407,73.765085,6,1,1,0,0,0,0,1,1,1,1,0,0,4850000
Nagpur,Besha,440014,Plot,3480,3480,0,0,0,0,0,0,5,0,Unfurnished,Average,21.083369,79.09186,1,0,0,1,0,0,0,0,0,0,0,0,0,11780000
Chennai,Sholinganallur,600037,Apartment,1091,913,3,3,3,2,4,4,3,1,Semi-Furnished,Good,12.901121,80.230591,7,1,1,1,1,0,0,1,0,1,0,1,0,8050000
Pune,Hadapsar,411046,Independent House,1278,1018,3,3,4,0,0,3,5,1,Semi-Furnished,Good,18.504158,73.925713,5,1,0,0,1,0,1,0,0,1,0,0,1,10710000
Hyderabad,Madhapur,500042,Apartment,761,641,2,2,2,1,9,22,8,1,Unfurnished,Needs Renovation,17.443284,78.40116,7,1,0,1,0,1,0,0,1,1,0,1,1,6000000
Nagpur,Dharampeth,440020,Apartment,1445,1233,3,3,3,1,10,18,5,0,Semi-Furnished,Good,21.146212,79.071083,7,1,0,1,1,1,0,0,0,1,0,1,1,13810000
Hyderabad,Madhapur,500033,Apartment,940,785,2,2,2,2,27,35,5,2,Fully Furnished,Average,17.444496,78.386189,10,1,1,1,0,1,1,1,0,1,1,1,1,11260000
Pune,Baner,411040,Apartment,534,440,1,1,2,3,8,14,1,1,Semi-Furnished,New,18.563429,73.790162,7,1,1,1,0,0,0,0,1,1,0,1,1,6660000
Delhi NCR,Rohini (Delhi),110015,Apartment,1717,1490,3,3,2,0,13,35,5,1,Semi-Furnished,Good,28.724903,77.110997,8,1,1,1,1,0,1,0,0,1,1,0,1,18820000
Delhi NCR,Indirapuram (Ghaziabad),110046,Villa,889,720,2,2,3,0,0,2,3,1,Semi-Furnished,Good,28.64948,77.383492,8,1,1,1,0,0,1,0,1,0,1,1,1,9370000
Mumbai,Bandra West,400013,Apartment,1423,1211,3,3,3,3,1,18,2,0,Semi-Furnished,New,19.054253,72.818344,8,0,1,1,1,0,1,1,0,1,0,1,1,70580000
Bengaluru,HSR Layout,560041,Apartment,1212,1020,2,2,2,3,5,18,1,2,Semi-Furnished,New,12.909621,77.650881,8,1,1,1,1,0,0,0,1,1,1,1,0,17390000
Pune,Kharadi,411018,Independent House,1328,1109,3,3,4,1,0,1,1,2,Semi-Furnished,New,18.562131,73.911831,4,0,0,0,1,0,0,1,0,0,1,1,0,15090000
Hyderabad,Madhapur,500024,Apartment,484,394,1,1,2,2,3,18,2,2,Unfurnished,New,17.441742,78.39419,9,1,1,1,1,0,1,0,1,1,0,1,1,5700000
Hyderabad,Miyapur,500012,Plot,1237,1237,0,0,0,0,0,0,1,0,Unfurnished,Average,17.499952,78.366169,1,0,0,0,0,0,0,0,0,0,0,1,0,5830000
Kolkata,Alipore,700029,Apartment,1093,942,3,3,3,2,3,28,3,1,Semi-Furnished,Average,22.534171,88.324958,6,1,0,1,1,1,0,0,0,1,1,0,0,17100000
Pune,Kharadi,411025,Apartment,681,535,1,1,1,0,17,18,0,2,Unfurnished,New,18.562761,73.947557,8,1,1,1,0,0,1,1,1,1,0,0,1,7580000
Hyderabad,Miyapur,500038,Apartment,1557,1316,3,3,3,0,14,14,1,1,Unfurnished,New,17.507759,78.356269,9,1,1,1,0,0,0,1,1,1,1,1,1,11880000
Delhi NCR,Sector 150 (Noida),110034,Independent House,2204,1722,4,4,5,2,0,2,5,0,Semi-Furnished,Good,28.46231,77.479489,5,1,0,1,0,0,0,0,0,1,1,1,0,25390000
Pune,Baner,411004,Apartment,1456,1271,3,3,2,0,1,7,0,1,Fully Furnished,New,18.547128,73.798415,8,1,1,0,0,1,0,0,1,1,1,1,1,17970000
Pune,Kothrud,411041,Apartment,1164,1002,2,2,1,0,12,35,3,0,Semi-Furnished,New,18.506678,73.817108,7,1,0,1,0,1,1,1,0,1,0,1,0,16240000
Bengaluru,Hebbal,560027,Apartment,1023,829,2,2,3,3,1,14,3,0,Semi-Furnished,Good,13.039868,77.600381,8,0,1,1,1,0,1,0,1,1,0,1,1,9860000
Bengaluru,Whitefield,560026,Apartment,970,796,2,2,1,0,7,18,1,2,Semi-Furnished,New,12.960871,77.751369,7,1,1,1,0,1,1,0,0,1,1,0,0,9710000
Bengaluru,Electronic City,560021,Apartment,747,590,2,2,3,2,16,18,12,1,Semi-Furnished,Good,12.852739,77.685556,7,0,1,1,0,0,0,0,1,1,1,1,1,4880000
Delhi NCR,Sector 150 (Noida),110036,Independent House,981,773,2,2,1,2,0,1,25,1,Unfurnished,Average,28.453017,77.482559,8,0,1,1,1,1,0,0,1,0,1,1,1,7310000
Delhi NCR,Vasant Kunj (Delhi),110028,Apartment,1650,1388,3,3,3,0,6,7,3,1,Unfurnished,Average,28.517975,77.152641,7,1,0,0,0,0,0,1,1,1,1,1,1,30740000
Mumbai,Andheri West,400003,Independent House,518,425,1,1,1,1,0,3,1,1,Fully Furnished,Good,19.138929,72.823401,5,0,0,1,0,0,1,0,1,0,1,0,1,17720000
Mumbai,Navi Mumbai - Vashi,400002,Apartment,1157,980,2,2,3,2,20,35,8,1,Unfurnished,Needs Renovation,19.071345,72.997555,7,1,1,1,1,0,0,0,0,1,1,1,0,14230000
Nagpur,Pratap Nagar,440005,Independent House,1290,1082,3,3,2,3,0,1,0,1,Unfurnished,New,21.124715,79.053443,7,1,0,1,1,1,0,0,1,0,0,1,1,11970000
Mumbai,Thane West,400038,Apartment,1870,1483,4,4,4,3,6,7,2,1,Unfurnished,New,19.210758,72.975639,9,0,1,1,0,1,0,1,1,1,1,1,1,27840000
Mumbai,Navi Mumbai - Vashi,400036,Apartment,1046,868,2,2,1,3,19,22,0,1,Semi-Furnished,Good,19.067806,73.017264,5,0,1,0,0,0,0,0,1,1,0,1,1,18520000
Nagpur,Civil Lines,440046,Apartment,952,819,2,2,2,2,4,7,3,2,Semi-Furnished,Good,21.161939,79.055906,7,1,1,1,0,0,0,0,1,1,0,1,1,10340000
Bengaluru,Whitefield,560041,Apartment,1251,1019,3,3,3,0,3,7,12,1,Semi-Furnished,Good,12.968836,77.735153,5,0,0,1,1,1,0,0,0,1,0,1,0,10500000
Mumbai,Bandra West,400023,Plot,2907,2907,0,0,0,0,0,0,5,0,Unfurnished,Average,19.050749,72.830313,2,0,0,1,0,0,0,0,0,0,0,1,0,94100000
Hyderabad,Gachibowli,500025,Independent House,1128,940,3,3,3,1,0,3,5,1,Fully Furnished,Good,17.433665,78.350706,5,0,0,0,1,1,0,0,1,1,0,1,0,13010000
Pune,Magarpatta,411013,Apartment,821,648,2,2,1,0,14,18,1,1,Unfurnished,New,18.521106,73.94802,8,0,1,1,1,0,1,0,1,1,1,1,0,9570000
Delhi NCR,Indirapuram (Ghaziabad),110014,Villa,793,627,2,2,2,2,0,2,5,1,Semi-Furnished,Good,28.637063,77.375253,4,0,0,1,0,0,1,0,1,0,0,0,1,7350000
Hyderabad,Gachibowli,500025,Independent House,1627,1298,3,3,3,1,0,1,0,0,Unfurnished,New,17.44184,78.356163,6,1,1,1,1,1,0,0,0,0,1,0,0,19350000
Nagpur,Manish Nagar,440036,Apartment,2601,2129,4,4,3,0,2,22,8,1,Semi-Furnished,Good,21.089768,79.07563,10,1,1,1,1,1,1,0,1,1,0,1,1,17720000
Bengaluru,Koramangala,560037,Apartment,637,535,2,2,3,1,17,35,5,1,Semi-Furnished,Average,12.92929,77.619484,8,1,1,1,0,0,0,0,1,1,1,1,1,10560000
Bengaluru,Koramangala,560045,Apartment,2782,2380,4,4,4,1,8,28,1,0,Fully Furnished,Good,12.947151,77.621855,8,1,1,1,0,1,1,1,1,0,0,1,0,53390000
Chennai,T Nagar,600044,Apartment,1012,790,2,2,2,2,6,14,3,1,Semi-Furnished,Average,13.049618,80.235538,6,1,1,0,0,0,1,0,0,1,1,0,1,15650000
Pune,Kharadi,411007,Independent House,1336,1050,3,3,3,2,0,3,2,1,Semi-Furnished,New,18.549923,73.939968,4,0,0,1,0,1,0,0,1,0,1,0,0,16010000
Mumbai,Goregaon West,400033,Plot,1277,1277,0,0,0,0,0,0,0,0,Unfurnished,Average,19.164348,72.852776,0,0,0,0,0,0,0,0,0,0,0,0,0,17260000
Hyderabad,Gachibowli,500005,Apartment,1528,1302,3,3,3,3,21,22,0,1,Fully Furnished,New,17.445842,78.358076,9,1,1,1,0,0,1,1,1,1,0,1,1,20120000
Pune,Viman Nagar,411031,Independent House,3319,2837,5,5,4,2,0,2,12,1,Semi-Furnished,Good,18.575788,73.926229,5,0,0,1,0,0,1,0,1,0,1,0,1,38410000
Bengaluru,Hebbal,560021,Apartment,2200,1881,4,4,3,0,6,22,0,1,Fully Furnished,New,13.049229,77.580008,9,1,1,1,1,1,1,1,1,0,0,1,0,27700000
Nagpur,Trimurti Nagar,440038,Apartment,1769,1409,3,3,4,0,3,4,3,1,Semi-Furnished,Good,21.12674,79.04318,10,1,1,1,1,1,0,1,0,1,1,1,1,11990000
Pune,Hinjewadi,411017,Independent House,2692,2214,5,5,5,2,0,2,5,1,Semi-Furnished,New,18.58657,73.751284,7,1,1,0,1,1,0,0,1,1,1,0,0,25060000
Nagpur,Besha,440026,Plot,1818,1818,0,0,0,0,0,0,0,0,Unfurnished,Average,21.074811,79.08497,0,0,0,0,0,0,0,0,0,0,0,0,0,7120000
Hyderabad,Madhapur,500010,Apartment,857,711,2,2,2,0,4,4,3,1,Unfurnished,Average,17.447519,78.378033,7,1,1,1,0,0,1,0,1,1,0,1,0,7530000
Pune,Kothrud,411002,Apartment,1401,1232,3,3,4,1,11,14,12,1,Semi-Furnished,Average,18.496799,73.824541,11,1,1,1,1,1,1,1,0,1,1,1,1,13810000
Kolkata,Jadavpur,700032,Apartment,1198,1035,3,3,3,2,8,28,3,0,Semi-Furnished,Good,22.498134,88.368079,8,1,1,0,1,0,0,1,1,0,1,1,1,8390000
Nagpur,Pratap Nagar,440033,Apartment,786,618,2,2,2,1,3,7,3,2,Semi-Furnished,Good,21.113075,79.046706,7,1,1,1,0,1,0,0,1,0,1,1,0,6470000
Delhi NCR,Sohna Road (Gurugram),110021,Apartment,588,514,1,1,1,0,1,4,0,1,Semi-Furnished,New,28.404463,77.046056,9,1,1,1,0,1,1,0,1,1,0,1,1,6460000
Mumbai,Andheri East,400010,Villa,694,560,3,3,4,2,0,3,2,1,Semi-Furnished,New,19.111164,72.880157,6,1,0,0,0,0,0,1,1,1,1,0,1,19580000
Nagpur,Khamla,440020,Villa,2766,2217,4,4,4,2,0,3,2,2,Fully Furnished,New,21.126871,79.054247,7,0,1,0,1,0,1,0,1,1,1,0,1,28670000
Hyderabad,Uppal,500003,Apartment,1144,965,3,3,3,3,4,7,3,1,Semi-Furnished,Good,17.396763,78.550339,8,1,1,1,1,0,1,0,1,1,0,0,1,7280000
Chennai,Sholinganallur,600029,Apartment,701,580,2,2,1,2,1,4,0,1,Semi-Furnished,Good,12.90583,80.232925,9,1,1,1,0,1,0,0,1,1,1,1,1,5200000
Nagpur,Trimurti Nagar,440039,Apartment,1790,1458,3,3,3,0,6,18,1,2,Fully Furnished,New,21.122109,79.044998,7,1,1,1,0,1,0,0,1,1,0,1,0,13970000
Bengaluru,Yelahanka,560039,Apartment,1556,1347,3,3,3,1,10,22,3,3,Semi-Furnished,Good,13.109711,77.595511,6,0,1,1,0,0,1,0,1,1,0,1,0,13670000
Pune,Viman Nagar,411009,Independent House,3225,2587,5,5,4,2,0,2,3,1,Semi-Furnished,Good,18.577026,73.916644,7,1,0,0,0,0,1,1,1,1,1,0,1,44710000
Pune,Kalyani Nagar,411021,Plot,3119,3119,0,0,0,0,0,0,2,0,Unfurnished,Average,18.532929,73.906268,1,0,0,0,0,0,0,0,0,0,0,1,0,30560000
Chennai,OMR (Thoraipakkam),600045,Apartment,1186,1042,3,3,3,3,19,22,12,1,Fully Furnished,Average,12.956953,80.23529,9,1,1,1,1,1,1,0,1,1,1,0,0,8810000
Mumbai,Powai,400046,Apartment,888,739,2,2,3,2,5,28,5,1,Fully Furnished,Average,19.107196,72.917471,5,1,1,1,0,0,0,0,0,0,0,1,1,19300000
Pune,Kharadi,411021,Apartment,1040,888,2,2,2,3,5,7,5,2,Unfurnished,New,18.562449,73.931099,7,0,1,1,0,1,0,0,1,1,0,1,1,10340000
Delhi NCR,Rohini (Delhi),110009,Apartment,1140,991,3,3,3,3,1,4,3,1,Semi-Furnished,Good,28.729566,77.117491,7,1,1,1,1,0,0,1,0,1,0,1,0,11420000
Mumbai,Kandivali East,400037,Apartment,2754,2215,5,5,4,3,9,10,0,1,Semi-Furnished,New,19.205288,72.86598,9,1,1,1,1,0,0,1,1,0,1,1,1,58850000
Nagpur,Ramdaspeth,440039,Villa,740,604,2,2,2,0,0,3,3,2,Semi-Furnished,Good,21.136278,79.075253,6,1,0,1,0,0,0,1,0,0,1,1,1,9850000
Delhi NCR,Greater Noida West,110035,Apartment,1372,1187,3,3,3,2,2,4,2,1,Unfurnished,New,28.589071,77.441985,8,0,1,1,1,0,0,0,1,1,1,1,1,8880000
Chennai,OMR (Thoraipakkam),600012,Villa,1021,810,2,2,3,1,0,1,8,1,Semi-Furnished,Good,12.918728,80.239398,5,1,0,1,0,0,0,0,1,0,0,1,1,9270000
Mumbai,Thane West,400041,Apartment,1562,1219,3,3,4,0,14,28,2,1,Semi-Furnished,New,19.230096,72.97069,11,1,1,1,1,1,0,1,1,1,1,1,1,26900000
Bengaluru,Bellandur,560022,Apartment,847,671,2,2,3,1,9,22,25,2,Semi-Furnished,Average,12.935883,77.67696,7,1,1,1,0,0,0,0,1,1,0,1,1,6840000
Hyderabad,Uppal,500012,Apartment,1020,863,2,2,2,2,6,10,18,1,Semi-Furnished,Good,17.40374,78.560746,6,1,1,0,0,0,1,0,1,1,0,0,1,5330000
Pune,Hinjewadi,411011,Plot,3913,3913,0,0,0,0,0,0,4,0,Unfurnished,Average,18.577399,73.739583,2,0,0,1,0,0,0,0,0,0,0,1,0,22470000
Pune,Hinjewadi,411014,Apartment,1582,1306,3,3,3,0,3,4,2,2,Semi-Furnished,New,18.589798,73.73059,6,0,0,1,1,1,0,1,0,1,0,1,0,13370000
Kolkata,New Town (Action Area 1),700037,Independent House,1690,1457,4,4,5,3,0,3,12,1,Unfurnished,Needs Renovation,22.579598,88.477817,6,1,1,0,0,0,0,0,1,1,1,1,0,10570000
Bengaluru,HSR Layout,560029,Apartment,1517,1187,3,3,3,1,4,22,5,1,Fully Furnished,Good,12.922523,77.63928,8,1,1,1,0,1,0,1,1,1,0,1,0,18780000
Nagpur,Dharampeth,440011,Independent House,572,499,1,1,2,3,0,1,0,1,Unfurnished,Good,21.14162,79.053962,5,0,1,1,0,0,0,0,1,0,1,0,1,5840000
Mumbai,Andheri West,400006,Independent House,845,682,2,2,3,0,0,2,1,0,Semi-Furnished,New,19.121612,72.824171,6,1,1,0,0,0,1,0,1,1,0,1,0,26490000
Mumbai,Navi Mumbai - Vashi,400026,Villa,604,471,1,1,1,1,0,3,2,2,Unfurnished,New,19.071852,73.007493,5,1,1,0,0,1,1,0,0,0,0,1,0,13390000
Kolkata,Ballygunge,700044,Apartment,1066,896,2,2,2,2,15,18,2,1,Semi-Furnished,New,22.515592,88.377042,6,0,1,1,1,0,0,0,1,1,0,1,0,17980000
Pune,Baner,411022,Apartment,2107,1801,4,4,3,2,2,35,1,2,Semi-Furnished,New,18.569583,73.782387,9,1,1,1,0,1,1,1,1,0,0,1,1,23210000
Pune,Aundh,411038,Apartment,1208,1041,3,3,2,2,7,10,0,1,Semi-Furnished,Good,18.576434,73.796771,5,1,1,1,0,0,0,1,1,0,0,0,0,15870000
Hyderabad,Kondapur,500011,Apartment,955,759,2,2,2,2,2,14,3,3,Fully Furnished,Good,17.465796,78.354252,9,1,1,1,1,0,1,0,1,1,1,1,0,9970000
Delhi NCR,Sector 62 (Noida),110003,Apartment,853,734,2,2,2,1,17,28,1,1,Unfurnished,New,28.615624,77.36372,8,0,0,1,0,1,1,0,1,1,1,1,1,8490000
Bengaluru,Whitefield,560033,Apartment,2428,2007,4,4,4,1,2,4,1,1,Semi-Furnished,New,12.963322,77.73999,9,1,1,1,1,0,0,1,1,1,0,1,1,24690000
Mumbai,Andheri West,400030,Villa,1218,1004,2,2,3,2,0,3,8,1,Unfurnished,Good,19.141465,72.833332,5,0,0,1,0,0,1,0,1,1,1,0,0,38640000
Nagpur,Pratap Nagar,440008,Villa,1021,860,2,2,1,2,0,1,2,1,Semi-Furnished,New,21.121965,79.054298,4,1,0,0,0,1,0,0,0,0,1,0,1,10120000
Kolkata,Jadavpur,700002,Apartment,1043,887,3,3,2,2,3,7,1,1,Unfurnished,Average,22.503784,88.380902,10,1,1,1,1,0,0,1,1,1,1,1,1,6690000
Bengaluru,Whitefield,560017,Apartment,1090,870,2,2,1,3,1,7,2,1,Semi-Furnished,Good,12.983246,77.749982,8,0,1,1,1,0,0,0,1,1,1,1,1,10090000
Delhi NCR,Golf Course Road (Gurugram),110045,Apartment,1431,1136,3,3,4,0,2,4,5,1,Fully Furnished,Good,28.455096,77.089466,8,1,1,1,1,0,0,1,0,1,1,1,0,30480000
Nagpur,Sadar,440037,Apartment,995,844,3,3,4,2,2,22,0,1,Unfurnished,Good,21.151449,79.082154,8,1,1,1,1,0,1,0,0,1,0,1,1,8510000
Kolkata,Garia,700044,Independent House,1008,834,2,2,3,2,0,1,8,0,Semi-Furnished,New,22.479002,88.390836,5,1,0,0,0,1,1,0,1,0,1,0,0,6700000
Nagpur,Dharampeth,440038,Apartment,783,688,2,2,3,2,1,10,3,1,Unfurnished,Needs Renovation,21.150544,79.056489,7,1,1,1,0,1,1,0,0,0,0,1,1,5570000
Bengaluru,Koramangala,560006,Plot,3730,3730,0,0,0,0,0,0,3,0,Unfurnished,Average,12.934329,77.632764,0,0,0,0,0,0,0,0,0,0,0,0,0,38330000
Bengaluru,Hebbal,560008,Apartment,1884,1655,5,5,5,2,7,18,2,1,Semi-Furnished,New,13.034093,77.600748,8,1,1,1,0,0,1,1,1,1,0,1,0,22180000
Pune,Hinjewadi,411009,Apartment,2565,2063,4,4,4,1,2,28,2,2,Fully Furnished,New,18.594799,73.734389,5,1,1,0,0,0,0,1,1,0,0,1,0,20700000
Bengaluru,Bellandur,560036,Independent House,2010,1742,4,4,4,2,0,1,3,2,Unfurnished,Good,12.934224,77.673064,6,1,1,1,1,0,0,0,1,0,1,0,0,22350000
Hyderabad,HITEC City,500034,Apartment,1506,1262,3,3,2,3,21,28,3,1,Semi-Furnished,New,17.435378,78.382186,4,0,1,1,0,1,0,0,1,0,0,0,0,20610000
Chennai,OMR (Thoraipakkam),600002,Apartment,561,484,1,1,2,1,8,14,12,1,Semi-Furnished,Needs Renovation,12.933967,80.236467,5,0,1,1,0,0,0,0,1,1,0,1,0,3020000
Delhi NCR,Rohini (Delhi),110010,Apartment,1007,796,2,2,1,1,6,10,3,2,Semi-Furnished,Average,28.713618,77.123405,9,1,1,1,1,1,1,0,0,0,1,1,1,9970000
Nagpur,Manish Nagar,440009,Apartment,1502,1171,3,3,3,2,8,14,12,1,Fully Furnished,Needs Renovation,21.08421,79.080549,8,0,1,1,1,0,0,1,0,1,1,1,1,7370000
Mumbai,Bandra West,400039,Apartment,1350,1182,3,3,3,2,4,7,5,1,Unfurnished,Good,19.057158,72.831894,10,0,1,1,1,1,1,1,0,1,1,1,1,57840000
Hyderabad,Uppal,500022,Apartment,1421,1110,3,3,3,2,2,4,3,1,Fully Furnished,Good,17.399133,78.557548,7,0,1,1,1,0,1,0,0,1,0,1,1,9320000
Mumbai,Juhu,400030,Apartment,1410,1228,3,3,4,0,2,18,8,1,Semi-Furnished,Good,19.113589,72.825335,7,1,1,0,0,0,1,1,1,1,0,0,1,54310000
Bengaluru,Sarjapur Road,560015,Apartment,919,741,2,2,2,2,16,35,3,1,Unfurnished,Average,12.904583,77.682121,8,1,1,0,1,1,1,1,0,1,0,1,0,8460000
Hyderabad,Banjara Hills,500002,Plot,3405,3405,0,0,0,0,0,0,2,0,Unfurnished,Average,17.408299,78.433471,1,0,0,0,0,0,0,0,0,0,0,1,0,42860000
Mumbai,Andheri East,400004,Apartment,1337,1134,3,3,2,2,7,10,1,1,Semi-Furnished,Good,19.11095,72.871934,9,1,1,1,1,0,0,1,1,1,0,1,1,26840000
Nagpur,Ramdaspeth,440005,Independent House,688,575,1,1,1,3,0,2,3,1,Semi-Furnished,Good,21.140261,79.065457,3,1,0,0,0,0,1,0,0,0,0,1,0,6920000
Nagpur,Manish Nagar,440025,Apartment,477,374,1,1,1,1,1,4,18,2,Fully Furnished,Good,21.089159,79.104042,8,0,1,0,0,0,1,1,1,1,1,1,1,2980000
Mumbai,Bandra West,400044,Independent House,1416,1144,4,4,5,2,0,3,0,1,Semi-Furnished,New,19.054083,72.829074,4,0,0,1,0,0,1,0,0,1,0,0,1,82060000
Mumbai,Andheri East,400002,Independent House,725,631,2,2,1,2,0,3,1,1,Semi-Furnished,New,19.11252,72.863959,9,1,1,1,0,0,1,1,1,1,1,1,0,18250000
Nagpur,Wardha Road,440015,Apartment,3349,2632,5,5,4,1,21,28,2,0,Semi-Furnished,New,21.086191,79.076728,8,1,1,1,1,0,0,1,1,1,0,1,0,22820000
Mumbai,Powai,400008,Apartment,528,424,1,1,1,0,7,7,8,2,Semi-Furnished,Good,19.123316,72.908472,7,1,1,1,0,1,0,0,1,1,0,1,0,11930000
Hyderabad,Madhapur,500046,Independent House,845,684,2,2,3,3,0,3,8,1,Unfurnished,Good,17.444325,78.392091,6,1,1,0,1,0,1,0,1,0,1,0,0,10420000
Hyderabad,Madhapur,500004,Apartment,1001,814,2,2,2,2,1,18,1,2,Semi-Furnished,New,17.44341,78.384841,7,1,1,1,0,0,1,0,0,0,1,1,1,11600000
Bengaluru,Electronic City,560022,Apartment,1322,1141,2,2,1,3,33,35,18,1,Semi-Furnished,Good,12.836706,77.684255,5,1,0,1,1,0,0,0,1,0,0,1,0,7780000
Hyderabad,Manikonda,500032,Apartment,994,810,2,2,3,2,6,22,5,2,Unfurnished,Good,17.410534,78.384825,10,1,1,1,0,1,0,1,1,1,1,1,1,7770000
Kolkata,Salt Lake (Sector V),700018,Apartment,1233,977,2,2,1,0,7,10,12,2,Semi-Furnished,Needs Renovation,22.587877,88.436325,7,1,1,1,0,0,1,0,1,1,0,1,0,8800000
Kolkata,Garia,700036,Apartment,1028,870,2,2,1,1,20,35,12,1,Semi-Furnished,Average,22.480142,88.390351,5,0,1,0,0,0,0,1,1,1,1,0,0,5330000
Chennai,Velachery,600026,Apartment,1034,812,3,3,3,2,6,35,1,1,Fully Furnished,New,12.9749,80.208393,10,1,1,1,1,0,1,1,0,1,1,1,1,12640000
Kolkata,Salt Lake (Sector V),700022,Apartment,513,418,2,2,3,0,7,7,1,2,Semi-Furnished,Average,22.576782,88.40605,6,1,1,1,0,0,0,0,0,1,0,1,1,4500000
Hyderabad,Uppal,500002,Apartment,866,734,2,2,1,2,11,14,12,1,Semi-Furnished,Average,17.412879,78.563373,8,1,1,0,0,1,1,0,1,0,1,1,1,4470000
Delhi NCR,Indirapuram (Ghaziabad),110036,Apartment,1668,1399,3,3,3,1,3,7,0,1,Semi-Furnished,New,28.640143,77.375301,8,0,1,1,0,1,0,0,1,1,1,1,1,13030000
Kolkata,Ballygunge,700002,Apartment,1150,897,3,3,2,2,1,10,5,1,Semi-Furnished,Good,22.521399,88.365372,6,0,1,1,0,0,0,0,1,1,1,1,0,15670000
Chennai,Anna Nagar,600014,Apartment,1214,947,2,2,2,2,7,14,0,1,Unfurnished,Good,13.08808,80.188339,6,1,1,1,1,0,1,0,0,0,0,0,1,17620000
Mumbai,Thane West,400026,Independent House,1034,835,3,3,4,0,0,1,0,0,Semi-Furnished,New,19.210572,72.971603,5,0,0,1,0,0,0,1,1,1,1,0,0,18660000
Delhi NCR,Sector 62 (Noida),110007,Apartment,1053,846,3,3,3,2,9,18,0,1,Unfurnished,New,28.628628,77.350714,10,1,1,1,0,1,0,1,1,1,1,1,1,10160000
Nagpur,Pratap Nagar,440015,Apartment,1332,1062,2,2,3,1,27,28,1,0,Semi-Furnished,New,21.110365,79.046724,7,1,1,1,0,0,0,0,1,1,1,1,0,10110000
Nagpur,Civil Lines,440006,Independent House,898,782,2,2,2,2,0,1,1,1,Fully Furnished,Good,21.160142,79.074765,5,1,1,0,0,0,1,1,1,0,0,0,0,10870000
Hyderabad,Jubilee Hills,500034,Apartment,1624,1294,3,3,3,1,4,4,5,1,Unfurnished,Good,17.452268,78.420998,8,1,1,1,1,1,0,0,1,1,1,0,0,26510000
Nagpur,Pratap Nagar,440039,Independent House,428,368,1,1,2,1,0,2,1,1,Semi-Furnished,Good,21.117751,79.041424,6,1,1,1,0,0,0,0,1,0,1,1,0,3870000
Mumbai,Goregaon West,400005,Apartment,748,634,2,2,2,3,4,4,0,2,Fully Furnished,Good,19.164017,72.847404,9,1,1,1,0,0,1,1,1,1,0,1,1,17830000
Pune,Magarpatta,411039,Apartment,2654,2317,5,5,6,1,4,4,0,2,Unfurnished,Good,18.525199,73.912168,9,1,0,1,0,1,0,1,1,1,1,1,1,27190000
Bengaluru,Bellandur,560043,Apartment,1389,1137,3,3,4,0,14,14,18,1,Unfurnished,Good,12.926127,77.677644,9,1,1,1,1,1,1,0,0,1,0,1,1,11920000
Chennai,Besant Nagar,600038,Independent House,943,799,2,2,3,1,0,2,0,2,Semi-Furnished,New,12.997256,80.263439,5,0,1,0,0,0,1,0,1,1,1,0,0,19820000
Nagpur,Manish Nagar,440032,Apartment,2397,1976,4,4,4,0,19,22,3,2,Semi-Furnished,Average,21.085928,79.090174,9,1,1,1,0,1,1,0,1,1,1,1,0,15740000
Bengaluru,Hebbal,560017,Apartment,860,678,2,2,2,3,17,18,5,1,Fully Furnished,Good,13.040747,77.59118,8,1,0,1,1,0,1,1,1,1,0,1,0,10610000
Delhi NCR,Dwarka (Delhi),110034,Independent House,986,808,2,2,2,1,0,1,12,2,Semi-Furnished,Good,28.587329,77.050229,6,1,1,0,0,0,0,1,1,1,1,0,0,13330000
Bengaluru,Hebbal,560018,Apartment,700,592,1,1,1,2,3,7,0,1,Unfurnished,New,13.043529,77.60093,8,1,1,1,0,0,0,1,0,1,1,1,1,7450000
Nagpur,Khamla,440038,Apartment,1368,1159,2,2,1,3,8,10,3,1,Semi-Furnished,Good,21.103771,79.065594,5,1,0,1,0,0,0,0,1,0,1,1,0,9610000
Mumbai,Thane West,400035,Apartment,457,358,1,1,2,2,24,28,8,2,Unfurnished,Good,19.217306,72.97747,8,1,0,1,1,0,1,0,1,1,1,1,0,7200000
Bengaluru,Hebbal,560009,Apartment,828,675,2,2,3,0,5,7,0,2,Semi-Furnished,New,13.033704,77.578311,8,1,1,1,1,0,1,0,0,1,1,1,0,10810000
Bengaluru,Koramangala,560037,Apartment,468,374,1,1,1,0,3,7,3,2,Unfurnished,New,12.937815,77.623689,9,1,1,1,0,0,1,0,1,1,1,1,1,7440000
Nagpur,Besha,440002,Plot,3478,3478,0,0,0,0,0,0,0,0,Unfurnished,Average,21.080479,79.10437,1,0,0,0,0,0,0,0,0,0,0,1,0,13440000
Bengaluru,HSR Layout,560036,Villa,1565,1345,3,3,2,3,0,3,12,2,Unfurnished,Good,12.914731,77.65274,2,1,0,0,0,0,0,0,1,0,0,0,0,20120000
Nagpur,Dharampeth,440017,Apartment,1670,1465,3,3,3,0,7,35,0,1,Fully Furnished,New,21.153284,79.06936,8,1,1,1,1,1,1,0,1,1,0,0,0,17900000
Mumbai,Goregaon West,400025,Plot,2611,2611,0,0,0,0,0,0,5,0,Unfurnished,Average,19.163253,72.842616,1,0,0,0,0,0,0,0,0,0,0,1,0,36350000
Bengaluru,Electronic City,560019,Independent House,1801,1541,3,3,2,1,0,1,0,1,Semi-Furnished,Good,12.839802,77.679271,4,0,0,0,0,0,0,0,1,1,0,1,1,14110000
Mumbai,Juhu,400003,Plot,1239,1239,0,0,0,0,0,0,0,0,Unfurnished,Average,19.096885,72.821468,1,0,0,1,0,0,0,0,0,0,0,0,0,39490000
Chennai,Velachery,600045,Apartment,1065,924,2,2,3,0,1,4,2,1,Unfurnished,New,12.982794,80.220774,8,0,1,1,1,0,0,0,1,1,1,1,1,10010000
Mumbai,Goregaon West,400015,Apartment,1525,1261,3,3,4,2,8,22,2,1,Semi-Furnished,New,19.176463,72.846338,6,1,1,1,0,0,0,0,1,1,0,1,0,35840000
Nagpur,Civil Lines,440017,Apartment,610,478,1,1,1,3,13,28,0,1,Semi-Furnished,New,21.142975,79.060643,6,1,0,1,0,1,0,0,0,1,1,1,0,6770000
Pune,Hinjewadi,411012,Apartment,578,499,1,1,1,1,12,18,3,1,Unfurnished,New,18.594819,73.752311,11,1,1,1,0,1,1,1,1,1,1,1,1,5220000
Kolkata,Jadavpur,700002,Villa,1717,1353,3,3,4,2,0,2,3,1,Semi-Furnished,Good,22.498757,88.364542,6,1,0,0,1,0,1,0,1,1,0,1,0,16280000
Delhi NCR,Rohini (Delhi),110030,Apartment,812,652,2,2,2,2,6,28,0,1,Semi-Furnished,Average,28.722466,77.116323,6,1,1,1,0,0,0,0,0,1,0,1,1,8260000
Chennai,Adyar,600027,Apartment,709,609,1,1,1,2,10,35,3,1,Semi-Furnished,New,12.98504,80.261205,9,1,1,1,0,0,0,1,1,1,1,1,1,11540000
Bengaluru,Yelahanka,560017,Villa,579,455,1,1,2,0,0,2,5,2,Semi-Furnished,Average,13.098206,77.601594,7,1,0,0,1,1,1,1,1,0,1,0,0,5700000
Bengaluru,Electronic City,560025,Apartment,2608,2077,4,4,4,3,2,4,18,1,Unfurnished,Average,12.835085,77.682673,10,1,1,1,1,1,1,0,1,1,1,1,0,13160000
Mumbai,Andheri West,400028,Apartment,670,530,2,2,1,2,7,10,0,1,Semi-Furnished,Good,19.128951,72.826501,8,1,1,1,0,0,1,0,1,1,1,1,0,19920000
Chennai,Anna Nagar,600021,Independent House,1029,885,2,2,2,3,0,2,5,1,Unfurnished,Good,13.07566,80.208877,5,1,0,0,0,1,0,0,1,1,0,0,1,17190000
Nagpur,Trimurti Nagar,440017,Apartment,969,772,2,2,2,2,13,28,2,1,Fully Furnished,New,21.115381,79.042934,8,1,1,1,0,0,1,0,1,1,0,1,1,8300000
Hyderabad,Gachibowli,500016,Apartment,1285,1061,3,3,3,0,22,28,3,1,Semi-Furnished,New,17.444121,78.346269,7,1,0,1,1,1,1,0,1,0,0,1,0,15410000
Hyderabad,Gachibowli,500007,Apartment,1442,1144,3,3,2,1,2,7,18,1,Semi-Furnished,Average,17.443956,78.342827,9,1,1,1,1,1,0,0,1,1,1,1,0,10960000
Mumbai,Andheri West,400041,Apartment,1111,930,2,2,3,1,14,22,1,1,Semi-Furnished,Good,19.135665,72.82998,9,1,1,1,0,0,0,1,1,1,1,1,1,31750000
Bengaluru,Bellandur,560011,Apartment,1626,1412,3,3,3,2,25,28,3,2,Unfurnished,Needs Renovation,12.921138,77.675115,8,1,1,1,0,1,1,0,0,1,1,1,0,14760000
Bengaluru,Indiranagar,560033,Plot,2060,2060,0,0,0,0,0,0,5,0,Unfurnished,Average,12.987784,77.63661,1,0,0,1,0,0,0,0,0,0,0,0,0,25380000
Bengaluru,Bellandur,560003,Apartment,2218,1940,4,4,4,2,3,4,18,0,Unfurnished,Average,12.917657,77.679152,6,1,0,1,1,0,1,0,0,0,1,1,0,15370000
Hyderabad,Gachibowli,500024,Villa,2264,1926,4,4,5,3,0,3,1,1,Fully Furnished,Good,17.439757,78.349494,4,1,0,0,0,0,0,1,1,0,0,0,1,31440000
Hyderabad,Manikonda,500023,Apartment,1119,924,2,2,1,1,2,10,3,1,Semi-Furnished,Good,17.394951,78.38053,7,1,1,1,1,1,0,0,0,1,0,1,0,9350000
Mumbai,Andheri West,400024,Apartment,1224,1074,2,2,3,3,16,28,0,1,Semi-Furnished,Good,19.133479,72.833308,6,1,1,1,0,1,0,0,0,1,0,0,1,36670000
Hyderabad,Manikonda,500007,Apartment,665,582,1,1,2,2,5,7,2,0,Semi-Furnished,New,17.40171,78.380672,5,1,1,1,0,0,0,0,1,1,0,0,0,5150000
Nagpur,Besha,440027,Apartment,552,453,1,1,1,2,5,18,8,1,Semi-Furnished,Good,21.083425,79.082007,4,1,1,0,0,0,0,0,1,0,0,1,0,2760000
Delhi NCR,Golf Course Road (Gurugram),110045,Apartment,1160,982,3,3,4,0,9,28,1,1,Fully Furnished,New,28.460349,77.100062,9,1,1,1,1,0,1,1,0,0,1,1,1,27410000
Hyderabad,Manikonda,500007,Apartment,2164,1690,4,4,4,2,13,22,8,1,Fully Furnished,Average,17.400879,78.395041,7,1,0,0,1,0,0,1,0,1,1,1,1,17560000
Mumbai,Borivali West,400026,Independent House,959,808,2,2,2,3,0,1,3,0,Unfurnished,Good,19.243167,72.861998,5,1,0,0,0,0,1,0,1,0,1,0,1,18650000
Pune,Aundh,411029,Independent House,935,743,2,2,2,3,0,1,1,1,Semi-Furnished,Good,18.561993,73.809343,6,1,1,1,0,0,0,0,1,0,1,0,1,15700000
Hyderabad,Miyapur,500016,Apartment,1013,834,2,2,3,2,1,4,12,1,Unfurnished,Average,17.480513,78.357058,6,1,1,1,0,0,0,0,1,1,0,1,0,4750000
Delhi NCR,Greater Noida West,110004,Apartment,893,704,2,2,1,1,12,28,5,1,Unfurnished,Average,28.574102,77.428027,7,1,1,1,0,0,0,0,1,1,0,1,1,4650000
Hyderabad,Kondapur,500007,Apartment,1015,860,2,2,2,2,27,28,5,0,Unfurnished,Good,17.469904,78.360224,7,1,1,1,1,1,1,0,0,0,0,1,0,9200000
Bengaluru,Yelahanka,560008,Apartment,1048,844,3,3,4,3,3,7,5,1,Fully Furnished,Needs Renovation,13.104808,77.611678,11,1,0,1,1,1,1,1,1,1,1,1,1,7560000
Mumbai,Juhu,400031,Apartment,877,731,2,2,2,0,13,22,0,0,Unfurnished,New,19.096075,72.819035,7,0,1,1,0,1,1,1,1,0,0,1,0,40210000
Chennai,T Nagar,600024,Apartment,1133,888,2,2,1,2,2,14,5,1,Unfurnished,New,13.043887,80.240499,8,1,1,1,1,0,1,0,1,1,0,1,0,19010000
Bengaluru,Koramangala,560044,Apartment,1036,823,2,2,2,3,4,7,1,2,Unfurnished,New,12.929932,77.625891,6,0,1,1,0,0,0,0,0,1,1,1,1,15570000
Bengaluru,Hebbal,560006,Independent House,581,494,1,1,1,2,0,1,0,2,Fully Furnished,Good,13.038447,77.61043,4,1,0,0,0,0,1,0,1,0,0,0,1,7510000
Pune,Magarpatta,411034,Apartment,1521,1272,3,3,3,2,1,7,3,1,Semi-Furnished,New,18.52765,73.933271,7,1,1,1,1,0,1,0,1,0,0,0,1,17450000
Bengaluru,Bellandur,560014,Villa,1548,1313,3,3,2,2,0,2,2,1,Semi-Furnished,New,12.936387,77.6675,7,1,0,1,0,0,0,1,1,1,1,0,1,21120000
Pune,Viman Nagar,411041,Apartment,948,789,2,2,1,0,3,18,1,3,Semi-Furnished,New,18.550611,73.924145,6,0,1,1,0,0,1,0,1,1,0,1,0,12780000
Chennai,Anna Nagar,600042,Apartment,875,757,2,2,2,0,14,14,0,1,Semi-Furnished,New,13.082034,80.209421,6,0,1,1,1,0,0,0,1,0,0,1,1,14560000
Delhi NCR,Vasant Kunj (Delhi),110024,Apartment,971,853,2,2,3,1,4,4,8,1,Semi-Furnished,Average,28.524466,77.154619,7,1,1,1,0,0,0,1,1,1,0,1,0,18390000
Nagpur,Ramdaspeth,440043,Independent House,626,533,1,1,1,2,0,1,2,2,Semi-Furnished,Good,21.130344,79.086081,4,1,0,1,0,0,1,1,0,0,0,0,0,6870000
Delhi NCR,Sohna Road (Gurugram),110019,Apartment,934,821,2,2,2,3,5,14,0,2,Fully Furnished,New,28.402735,77.036215,10,1,1,1,1,1,1,1,0,1,0,1,1,11040000
Pune,Viman Nagar,411037,Apartment,1042,864,2,2,2,2,9,35,2,1,Semi-Furnished,New,18.561016,73.91372,8,1,1,1,1,0,0,1,1,1,0,0,1,13380000
Delhi NCR,Greater Noida West,110045,Apartment,1260,1003,3,3,3,0,18,18,8,1,Semi-Furnished,Good,28.608413,77.428895,7,1,1,1,0,0,0,0,1,1,1,1,0,8190000
Delhi NCR,Vasant Kunj (Delhi),110028,Apartment,882,737,2,2,2,2,4,7,5,1,Semi-Furnished,Good,28.511307,77.156823,4,0,0,1,0,0,0,0,1,1,0,0,1,18080000
Nagpur,Manish Nagar,440022,Apartment,1631,1391,3,3,3,2,2,7,3,0,Semi-Furnished,Good,21.103598,79.106962,8,1,1,1,0,0,0,1,1,1,0,1,1,10600000
Hyderabad,Uppal,500006,Apartment,836,674,2,2,1,2,23,35,1,1,Semi-Furnished,New,17.405423,78.55807,6,1,1,1,1,0,1,0,1,0,0,0,0,6230000
Pune,Kharadi,411034,Apartment,1073,882,3,3,2,2,4,4,3,2,Semi-Furnished,Good,18.570547,73.941948,7,0,1,1,0,1,0,0,1,1,0,1,1,9710000
Mumbai,Juhu,400046,Apartment,1221,985,3,3,3,2,8,10,3,3,Semi-Furnished,Good,19.114029,72.835711,10,1,1,1,1,1,0,1,1,1,1,1,0,51050000
Delhi NCR,Sohna Road (Gurugram),110003,Apartment,1071,850,2,2,1,3,3,4,2,1,Fully Furnished,New,28.379421,77.041285,5,1,1,1,0,0,0,0,1,0,0,0,1,11740000
Pune,Kharadi,411036,Apartment,1261,1061,3,3,4,2,12,14,0,1,Fully Furnished,New,18.539545,73.93627,7,0,0,1,0,1,1,0,1,1,0,1,1,14690000
Bengaluru,HSR Layout,560017,Apartment,645,555,1,1,1,1,25,35,0,2,Fully Furnished,New,12.905017,77.638419,8,1,1,1,1,0,1,0,0,1,0,1,1,9620000
Hyderabad,Kukatpally,500010,Apartment,1442,1188,3,3,3,0,2,22,0,2,Semi-Furnished,Good,17.493513,78.390093,9,1,1,1,1,0,0,1,1,1,1,1,0,12240000
Nagpur,Manish Nagar,440027,Apartment,687,545,1,1,1,1,3,18,2,2,Semi-Furnished,New,21.089375,79.085545,11,1,1,1,1,1,1,1,1,1,0,1,1,5210000
Nagpur,Ramdaspeth,440039,Apartment,1096,958,3,3,4,1,7,10,0,1,Semi-Furnished,New,21.151653,79.071633,6,0,0,1,1,1,0,0,0,1,1,1,0,12450000
Delhi NCR,Sohna Road (Gurugram),110046,Apartment,1081,939,2,2,1,2,22,22,18,0,Semi-Furnished,Average,28.393883,77.046854,7,1,0,1,0,0,0,1,1,1,0,1,1,8230000
Hyderabad,Uppal,500021,Apartment,431,352,1,1,1,3,13,18,5,1,Semi-Furnished,Good,17.399142,78.5553,6,1,1,1,0,0,0,0,1,1,0,1,0,2680000
Bengaluru,Bellandur,560013,Apartment,727,599,2,2,2,3,6,14,1,1,Semi-Furnished,New,12.935011,77.689016,7,1,1,0,0,0,0,0,1,1,1,1,1,8560000
Hyderabad,Manikonda,500043,Apartment,1167,945,2,2,3,1,11,22,0,1,Semi-Furnished,Good,17.401443,78.38431,7,0,1,1,1,1,0,0,1,1,0,1,0,9930000
Mumbai,Andheri East,400012,Apartment,1562,1319,3,3,4,1,7,14,2,1,Semi-Furnished,New,19.115417,72.869082,9,1,1,1,1,0,0,1,1,1,1,1,0,37580000
Hyderabad,Uppal,500044,Apartment,1019,870,2,2,3,2,2,10,2,1,Semi-Furnished,Good,17.395091,78.554753,6,1,1,0,0,0,0,0,0,1,1,1,1,6460000
Delhi NCR,Sohna Road (Gurugram),110014,Independent House,1128,969,2,2,2,0,0,1,3,1,Unfurnished,New,28.399413,77.057175,7,1,1,0,1,0,0,0,1,1,1,1,0,13130000
Bengaluru,Whitefield,560014,Independent House,626,537,1,1,1,2,0,3,1,2,Semi-Furnished,Good,12.963091,77.73952,6,1,0,0,0,1,0,1,0,0,1,1,1,7030000
Delhi NCR,Cyber City (Gurugram),110015,Apartment,2384,2034,4,4,4,2,3,18,2,0,Semi-Furnished,New,28.509613,77.09284,11,1,1,1,0,1,1,1,1,1,1,1,1,47910000
Kolkata,Salt Lake (Sector V),700033,Independent House,908,769,2,2,3,2,0,1,3,2,Semi-Furnished,Good,22.584982,88.436587,5,1,0,0,0,0,1,0,1,1,0,0,1,8730000
Kolkata,Salt Lake (Sector V),700028,Villa,1295,1094,3,3,4,0,0,3,8,1,Semi-Furnished,Good,22.587598,88.432196,6,0,0,1,1,0,1,1,1,0,0,0,1,13790000
Mumbai,Borivali West,400036,Apartment,534,434,2,2,2,2,10,14,0,0,Semi-Furnished,New,19.227774,72.856127,6,1,0,1,0,0,0,0,1,1,1,1,0,10710000
Hyderabad,Madhapur,500004,Apartment,974,851,2,2,3,2,9,10,0,1,Unfurnished,New,17.452351,78.396865,7,1,0,1,0,1,1,0,0,1,1,0,1,10040000
Mumbai,Bandra West,400015,Apartment,442,382,1,1,1,3,13,18,25,1,Fully Furnished,Average,19.057163,72.834077,6,0,1,0,0,0,0,0,1,1,1,1,1,16220000
Nagpur,Civil Lines,440038,Apartment,1518,1184,3,3,2,2,13,18,2,1,Unfurnished,New,21.151933,79.066379,8,1,1,1,0,0,1,1,1,1,0,1,0,14850000
Hyderabad,Miyapur,500012,Apartment,660,575,1,1,1,1,3,7,1,0,Unfurnished,New,17.489436,78.3682,9,0,1,1,0,1,1,0,1,1,1,1,1,4590000
Hyderabad,Kukatpally,500030,Apartment,942,759,2,2,3,2,18,22,0,1,Unfurnished,Good,17.489546,78.388756,9,1,1,1,0,0,0,1,1,1,1,1,1,7670000
Kolkata,Jadavpur,700009,Apartment,1316,1042,3,3,3,1,4,7,0,1,Semi-Furnished,New,22.479048,88.369421,8,1,0,0,1,1,0,1,1,1,1,1,0,11050000
Delhi NCR,Cyber City (Gurugram),110010,Apartment,1046,825,2,2,3,2,1,14,1,1,Semi-Furnished,New,28.49103,77.089875,7,1,1,1,0,1,0,0,1,1,0,1,0,18840000
Mumbai,Juhu,400009,Apartment,2156,1736,4,4,4,0,3,14,25,0,Semi-Furnished,Good,19.119821,72.834048,8,0,1,1,0,0,0,1,1,1,1,1,1,69670000
Mumbai,Powai,400019,Apartment,865,752,2,2,2,3,3,18,5,1,Semi-Furnished,Good,19.1236,72.892505,7,1,1,1,0,0,0,0,1,1,0,1,1,19390000
Bengaluru,Sarjapur Road,560007,Apartment,2320,1852,4,4,5,2,33,35,2,1,Fully Furnished,Good,12.916223,77.690359,5,0,0,1,1,1,0,0,1,1,0,0,0,24430000
Delhi NCR,Sector 62 (Noida),110044,Independent House,916,724,2,2,3,2,0,3,18,1,Semi-Furnished,Needs Renovation,28.631304,77.354377,4,0,0,1,0,0,1,0,1,1,0,0,0,5820000
Bengaluru,HSR Layout,560016,Apartment,960,843,2,2,2,1,21,28,2,1,Semi-Furnished,New,12.913486,77.629995,5,0,0,1,0,0,0,0,1,1,1,1,0,13680000
Mumbai,Kandivali East,400026,Apartment,1594,1350,3,3,4,2,4,10,8,2,Semi-Furnished,Good,19.205582,72.887696,8,1,1,1,1,1,0,0,1,1,0,1,0,25310000
Nagpur,Trimurti Nagar,440024,Independent House,2992,2497,5,5,5,3,0,2,3,2,Unfurnished,Good,21.114839,79.03839,3,1,0,0,0,0,0,0,1,0,0,0,1,20990000
Hyderabad,Manikonda,500010,Apartment,1045,886,3,3,3,1,8,22,8,0,Unfurnished,Good,17.399828,78.388619,11,1,1,1,1,1,0,1,1,1,1,1,1,8440000
Delhi NCR,Cyber City (Gurugram),110046,Apartment,1326,1129,2,2,2,2,13,22,1,1,Semi-Furnished,New,28.505684,77.083297,6,1,0,1,0,1,0,0,0,1,1,1,0,24550000
Pune,Hinjewadi,411020,Apartment,2039,1613,4,4,3,2,16,18,12,0,Unfurnished,Average,18.605576,73.737577,6,1,0,0,0,0,1,0,1,0,1,1,1,12290000
Kolkata,Rajarhat,700017,Apartment,1273,1086,3,3,3,1,3,7,12,0,Semi-Furnished,Average,22.626056,88.49552,6,1,0,1,1,0,0,1,0,1,0,1,0,6580000
Mumbai,Navi Mumbai - Vashi,400008,Apartment,1066,925,2,2,2,2,22,35,1,1,Fully Furnished,Good,19.058915,72.999431,7,1,1,1,1,0,0,0,0,1,0,1,1,20390000
Chennai,Anna Nagar,600025,Independent House,1190,959,3,3,2,3,0,3,3,1,Semi-Furnished,Average,13.078309,80.195068,3,0,1,0,0,0,1,0,0,0,1,0,0,19350000
Delhi NCR,Sector 150 (Noida),110046,Apartment,504,405,1,1,1,1,6,7,12,0,Semi-Furnished,Average,28.456928,77.482831,8,0,1,1,0,1,0,0,1,1,1,1,1,4460000
Pune,Magarpatta,411021,Apartment,2041,1688,4,4,3,0,13,14,0,1,Semi-Furnished,New,18.511485,73.928585,7,1,0,1,0,0,0,1,1,1,0,1,1,25890000
Nagpur,Ramdaspeth,440035,Apartment,920,739,2,2,1,3,4,4,0,2,Semi-Furnished,New,21.127561,79.063074,8,1,0,1,1,0,1,0,1,1,0,1,1,9670000
Mumbai,Navi Mumbai - Vashi,400018,Independent House,1617,1322,3,3,4,2,0,1,2,2,Semi-Furnished,New,19.074535,72.99374,5,1,1,1,0,1,0,0,0,0,0,0,1,29700000
Delhi NCR,Sohna Road (Gurugram),110039,Independent House,964,828,2,2,1,1,0,3,1,1,Semi-Furnished,New,28.393084,77.039815,6,1,0,1,0,0,1,0,1,1,1,0,0,11950000
Mumbai,Juhu,400044,Apartment,1787,1560,3,3,4,0,3,14,8,0,Semi-Furnished,Good,19.09462,72.828921,6,0,1,1,0,0,0,0,1,1,0,1,1,66860000
Hyderabad,Gachibowli,500028,Villa,1337,1161,3,3,2,2,0,2,2,1,Unfurnished,New,17.442574,78.347198,6,1,1,0,1,1,0,0,1,0,0,1,0,18320000
Pune,Viman Nagar,411035,Apartment,1569,1348,3,3,3,2,7,35,3,1,Unfurnished,Good,18.570257,73.909125,9,1,1,1,0,1,1,1,1,1,0,1,0,17330000
Pune,Aundh,411043,Independent House,1037,867,3,3,3,1,0,2,0,1,Semi-Furnished,New,18.555769,73.824397,7,1,0,0,1,1,1,0,1,1,0,1,0,16320000
Hyderabad,Manikonda,500023,Plot,955,955,0,0,0,0,0,0,0,0,Unfurnished,Average,17.394653,78.391959,0,0,0,0,0,0,0,0,0,0,0,0,0,5770000
Bengaluru,Electronic City,560034,Villa,1350,1100,3,3,4,2,0,3,1,1,Semi-Furnished,New,12.851172,77.681393,5,0,1,0,1,1,0,1,1,0,0,0,0,12840000
Delhi NCR,Dwarka (Delhi),110043,Apartment,1293,1081,3,3,2,2,4,10,3,1,Semi-Furnished,Average,28.588079,77.052998,7,0,1,1,0,1,0,1,1,1,0,1,0,15200000
Bengaluru,Indiranagar,560025,Apartment,948,753,3,3,4,0,5,7,5,2,Unfurnished,Average,12.978013,77.628504,6,1,1,1,1,0,0,0,1,0,0,1,0,14420000
Kolkata,Garia,700010,Apartment,1156,949,3,3,4,2,3,7,3,1,Semi-Furnished,Good,22.462705,88.392066,8,0,1,1,1,0,0,1,1,1,0,1,1,6720000
Kolkata,Jadavpur,700035,Apartment,1326,1041,3,3,2,3,4,4,2,1,Semi-Furnished,Good,22.501375,88.38321,7,1,0,1,1,1,0,1,1,0,0,1,0,9940000
Pune,Baner,411020,Apartment,1772,1538,3,3,2,0,3,14,0,1,Unfurnished,New,18.550627,73.789339,8,1,1,1,1,0,0,1,1,1,0,0,1,20230000
Bengaluru,Yelahanka,560016,Apartment,1488,1216,3,3,4,0,9,18,3,2,Fully Furnished,Good,13.11171,77.594534,9,0,1,1,0,1,1,1,1,1,0,1,1,12930000
Bengaluru,Hebbal,560015,Independent House,1534,1201,3,3,2,1,0,2,5,1,Semi-Furnished,Good,13.021574,77.595105,6,1,1,0,0,0,1,1,1,0,0,0,1,18230000
Mumbai,Andheri East,400018,Apartment,2669,2138,5,5,5,1,16,22,5,1,Unfurnished,Good,19.122056,72.861202,8,1,1,1,1,0,1,1,0,0,1,1,0,52790000
Kolkata,Jadavpur,700045,Apartment,1000,856,2,2,3,1,13,18,5,2,Semi-Furnished,Good,22.508828,88.370916,5,1,0,1,0,0,0,0,1,0,1,1,0,7640000
Mumbai,Kandivali East,400025,Apartment,1576,1342,3,3,3,0,2,4,2,1,Semi-Furnished,New,19.207188,72.859984,8,1,1,1,1,0,0,1,1,1,0,0,1,27040000
Chennai,Porur,600017,Apartment,968,788,2,2,2,2,5,14,1,2,Semi-Furnished,New,13.033858,80.163854,7,1,0,1,0,1,0,0,1,1,0,1,1,8070000
Delhi NCR,Cyber City (Gurugram),110027,Apartment,918,745,2,2,3,2,7,14,3,1,Semi-Furnished,Good,28.485738,77.093586,7,0,0,1,0,1,1,0,1,1,1,1,0,15290000
Hyderabad,Madhapur,500031,Apartment,500,398,1,1,2,0,4,18,0,0,Fully Furnished,New,17.440465,78.390392,7,1,1,1,0,0,0,1,1,0,0,1,1,6750000
Nagpur,Sadar,440026,Apartment,949,760,2,2,2,3,7,35,18,2,Semi-Furnished,Average,21.159454,79.069795,8,1,1,1,0,0,1,0,1,1,0,1,1,6740000
Delhi NCR,Vasant Kunj (Delhi),110030,Independent House,816,651,2,2,3,1,0,1,3,2,Semi-Furnished,Average,28.52094,77.153166,4,1,0,0,0,0,0,0,1,1,0,1,0,18830000
Kolkata,Ballygunge,700029,Independent House,1360,1111,3,3,4,2,0,1,8,2,Unfurnished,Good,22.527529,88.368886,8,1,1,0,0,1,1,0,0,1,1,1,1,22080000
Bengaluru,Hebbal,560022,Apartment,1623,1408,3,3,3,2,13,22,2,1,Unfurnished,Good,13.035091,77.597026,9,1,1,1,0,1,1,1,1,1,1,0,0,17060000
Nagpur,Trimurti Nagar,440037,Apartment,787,670,2,2,1,3,2,14,3,1,Fully Furnished,Good,21.113578,79.032823,7,1,1,1,0,1,0,0,1,1,1,0,0,5960000
Hyderabad,Jubilee Hills,500019,Apartment,766,602,2,2,1,1,33,35,5,1,Fully Furnished,New,17.442566,78.413316,7,1,1,1,0,0,0,0,1,1,0,1,1,16970000
Hyderabad,Uppal,500022,Apartment,2100,1752,4,4,5,2,1,10,3,1,Semi-Furnished,Good,17.397342,78.562361,8,1,1,0,0,1,1,1,0,1,1,1,0,13500000
Pune,Kharadi,411028,Apartment,1834,1507,4,4,4,2,8,14,3,1,Semi-Furnished,Average,18.539333,73.940726,6,1,1,0,0,0,0,1,1,1,1,0,0,17040000
Mumbai,Goregaon West,400037,Apartment,1117,943,3,3,4,2,25,35,1,1,Unfurnished,Good,19.158733,72.833827,8,0,1,1,1,1,0,1,1,1,0,1,0,24060000
Bengaluru,Sarjapur Road,560040,Apartment,894,704,2,2,3,2,9,35,5,1,Semi-Furnished,Needs Renovation,12.908168,77.679794,10,1,1,1,0,1,1,0,1,1,1,1,1,6650000
Nagpur,Besha,440010,Apartment,910,756,2,2,1,2,1,14,2,0,Semi-Furnished,New,21.075342,79.08847,5,1,0,1,0,0,0,1,0,1,0,1,0,5040000
Mumbai,Juhu,400038,Apartment,1036,897,2,2,3,1,6,14,8,1,Semi-Furnished,Good,19.094773,72.83049,5,0,1,1,0,1,0,0,0,1,0,1,0,41410000
Nagpur,Manish Nagar,440014,Apartment,875,685,2,2,2,1,23,35,3,2,Semi-Furnished,Good,21.079138,79.083465,8,1,1,1,0,0,1,0,1,1,1,1,0,6330000
Mumbai,Kandivali East,400011,Independent House,758,624,2,2,2,2,0,3,2,2,Semi-Furnished,New,19.19459,72.868,8,1,1,1,1,0,1,0,1,1,1,0,0,16400000
Pune,Wakad,411005,Independent House,1942,1536,4,4,4,1,0,1,0,1,Unfurnished,New,18.598033,73.759978,5,0,0,1,0,0,1,1,1,0,1,0,0,20120000
Chennai,Anna Nagar,600036,Apartment,1041,834,2,2,2,1,6,10,0,0,Fully Furnished,Average,13.0822,80.196624,7,1,1,0,0,1,0,1,0,1,0,1,1,15600000
Bengaluru,Indiranagar,560044,Apartment,767,655,2,2,1,1,15,22,8,2,Fully Furnished,Good,12.980537,77.643351,5,1,1,1,0,0,0,0,1,0,0,0,1,11950000
Mumbai,Andheri East,400021,Independent House,1079,896,2,2,2,1,0,1,5,3,Semi-Furnished,Good,19.104703,72.882173,6,1,1,0,1,0,1,0,1,0,1,0,0,25000000
Bengaluru,Indiranagar,560043,Apartment,736,574,2,2,2,3,7,18,8,0,Semi-Furnished,Good,12.969264,77.643585,8,1,1,1,0,0,1,0,1,1,1,1,0,11110000
Chennai,Besant Nagar,600031,Villa,2063,1635,4,4,4,3,0,2,18,0,Unfurnished,Good,13.013102,80.261106,6,1,0,0,0,0,0,1,1,0,1,1,1,35620000
Hyderabad,Gachibowli,500035,Villa,728,577,1,1,1,2,0,2,0,3,Fully Furnished,New,17.442264,78.336047,8,1,1,0,1,1,0,0,1,1,1,0,1,12410000
Nagpur,Trimurti Nagar,440039,Apartment,1106,972,3,3,4,0,2,28,0,2,Fully Furnished,Good,21.129254,79.032417,9,1,1,1,0,1,0,1,0,1,1,1,1,9860000
Delhi NCR,Indirapuram (Ghaziabad),110002,Apartment,1200,1055,2,2,2,1,26,35,2,1,Unfurnished,New,28.633627,77.37516,7,1,0,1,0,0,0,0,1,1,1,1,1,10150000
Mumbai,Thane West,400034,Apartment,1597,1282,3,3,2,0,8,10,2,1,Semi-Furnished,New,19.221839,72.988117,10,1,1,1,0,1,1,1,1,1,1,1,0,26760000
Pune,Kharadi,411034,Apartment,887,718,2,2,2,2,16,22,1,1,Fully Furnished,New,18.548825,73.941967,7,1,0,1,1,1,0,0,1,1,0,1,0,10860000
Kolkata,Alipore,700003,Apartment,610,501,1,1,1,3,20,22,3,1,Unfurnished,Good,22.537362,88.313592,7,1,1,1,0,1,0,0,1,1,0,1,0,11400000
Nagpur,Manish Nagar,440014,Villa,987,779,2,2,1,1,0,1,8,0,Semi-Furnished,Average,21.10445,79.071171,7,1,1,1,0,1,0,0,1,0,1,0,1,7850000
Mumbai,Goregaon West,400040,Apartment,587,493,1,1,1,0,14,14,5,2,Unfurnished,Good,19.168512,72.854107,6,0,1,1,0,0,1,0,1,1,0,0,1,12160000
Pune,Magarpatta,411020,Apartment,621,487,1,1,1,2,11,14,8,1,Unfurnished,Good,18.517738,73.923332,6,1,0,1,0,0,1,0,0,1,1,1,0,5960000
Pune,Viman Nagar,411039,Independent House,1219,1023,3,3,3,2,0,2,5,1,Unfurnished,Average,18.567543,73.895613,8,1,1,0,0,1,1,0,1,0,1,1,1,14590000
Bengaluru,Sarjapur Road,560021,Apartment,1369,1176,3,3,3,1,4,28,0,2,Semi-Furnished,New,12.90761,77.686758,6,0,1,1,1,0,0,1,0,0,1,1,0,12670000
Bengaluru,JP Nagar,560021,Independent House,1279,1075,2,2,2,3,0,2,0,1,Fully Furnished,New,12.905478,77.584533,5,1,1,0,0,1,1,0,1,0,0,0,0,17200000
Chennai,OMR (Thoraipakkam),600026,Apartment,582,483,1,1,1,3,21,22,2,1,Unfurnished,New,12.954096,80.245287,6,0,1,1,0,0,0,0,1,1,0,1,1,5240000
Delhi NCR,Indirapuram (Ghaziabad),110025,Apartment,1043,839,2,2,1,2,2,18,12,1,Unfurnished,Average,28.637132,77.363399,7,1,1,1,0,0,0,0,1,0,1,1,1,6030000
Pune,Kharadi,411002,Independent House,1340,1149,3,3,4,2,0,2,2,1,Semi-Furnished,Good,18.55999,73.937575,4,1,0,0,0,0,1,0,1,0,0,0,1,16010000
Bengaluru,Bellandur,560019,Apartment,2552,2139,4,4,4,3,9,18,2,3,Semi-Furnished,New,12.922348,77.661839,6,1,1,0,0,0,0,1,1,1,0,1,0,30170000
Delhi NCR,Cyber City (Gurugram),110037,Apartment,1182,1004,2,2,2,3,24,28,0,1,Semi-Furnished,New,28.48407,77.101574,8,1,1,1,0,0,1,0,1,1,1,1,0,24780000
Chennai,Adyar,600020,Apartment,977,772,2,2,3,3,14,28,2,0,Semi-Furnished,New,13.014118,80.267257,9,1,0,1,0,1,1,1,0,1,1,1,1,17710000
Chennai,Sholinganallur,600038,Apartment,1519,1318,3,3,2,2,9,35,1,1,Unfurnished,New,12.905931,80.2247,9,1,1,1,0,0,1,0,1,1,1,1,1,12240000
Bengaluru,Yelahanka,560019,Apartment,795,640,2,2,2,2,13,22,0,1,Fully Furnished,New,13.098036,77.593367,7,1,0,1,0,0,1,1,1,1,0,1,0,7440000
Kolkata,Rajarhat,700009,Independent House,973,855,2,2,1,2,0,1,3,1,Semi-Furnished,Good,22.617408,88.494018,4,1,0,0,0,0,1,0,1,0,1,0,0,6600000
Hyderabad,Kondapur,500026,Apartment,930,808,2,2,2,1,12,28,25,2,Unfurnished,Average,17.470952,78.355315,11,1,1,1,1,1,1,0,1,1,1,1,1,6200000
Bengaluru,Yelahanka,560027,Independent House,678,593,2,2,1,0,0,3,8,1,Semi-Furnished,Good,13.103552,77.601481,5,1,0,1,0,0,0,0,1,0,1,0,1,5830000
Bengaluru,Yelahanka,560022,Apartment,1661,1400,3,3,2,1,5,10,3,1,Fully Furnished,Good,13.102312,77.600129,12,1,1,1,1,1,1,1,1,1,1,1,1,14900000
Pune,Hinjewadi,411012,Apartment,3596,3026,5,5,6,2,2,10,2,2,Semi-Furnished,Good,18.578682,73.731751,5,0,1,1,1,0,0,1,1,0,0,0,0,30350000
Mumbai,Powai,400028,Apartment,779,647,3,3,3,3,5,10,2,1,Semi-Furnished,New,19.116479,72.915378,9,1,1,1,0,0,0,1,1,1,1,1,1,19910000
Delhi NCR,Greater Noida West,110046,Apartment,1297,1022,3,3,3,0,11,14,12,1,Fully Furnished,Good,28.591035,77.432175,7,1,1,0,0,0,1,0,1,1,1,1,0,8030000
Pune,Kalyani Nagar,411043,Villa,1841,1601,4,4,4,3,0,3,1,2,Unfurnished,New,18.555169,73.914686,6,1,0,1,0,0,1,0,1,0,1,1,0,34150000
Bengaluru,Whitefield,560004,Apartment,1050,847,3,3,3,1,7,7,12,0,Semi-Furnished,Needs Renovation,12.965609,77.748528,8,0,1,1,0,1,1,1,1,1,0,1,0,7540000
Delhi NCR,Cyber City (Gurugram),110004,Apartment,474,404,1,1,2,2,1,10,2,1,Unfurnished,New,28.488847,77.093585,7,1,1,1,1,0,0,0,1,1,0,1,0,8560000
Kolkata,Rajarhat,700025,Apartment,515,409,1,1,1,3,6,7,3,1,Semi-Furnished,Good,22.609334,88.516273,5,0,1,1,0,0,0,0,0,1,0,1,1,3490000
Nagpur,Ramdaspeth,440016,Independent House,904,794,2,2,2,1,0,3,3,1,Fully Furnished,New,21.142152,79.074404,6,1,0,1,0,1,0,0,1,0,0,1,1,12370000
Kolkata,Jadavpur,700029,Apartment,1440,1256,3,3,3,1,7,14,0,2,Semi-Furnished,Good,22.49873,88.370091,7,1,1,0,1,1,0,0,1,1,1,0,0,10370000
Bengaluru,Yelahanka,560020,Apartment,2832,2375,4,4,4,2,10,10,0,2,Unfurnished,New,13.093168,77.58542,9,1,1,1,0,1,1,1,1,0,0,1,1,23700000
Nagpur,Manish Nagar,440038,Apartment,785,615,2,2,2,3,10,28,1,1,Unfurnished,New,21.090686,79.088902,9,1,1,1,1,1,1,0,1,1,0,1,0,5740000
Pune,Kalyani Nagar,411002,Apartment,1605,1274,3,3,3,3,4,4,25,1,Fully Furnished,Average,18.543855,73.903697,11,1,1,1,1,1,0,1,1,1,1,1,1,17520000
Bengaluru,Bellandur,560039,Villa,649,544,2,2,2,0,0,1,3,2,Semi-Furnished,Average,12.930565,77.664542,4,1,0,0,0,0,0,1,1,1,0,0,0,8880000
Hyderabad,Jubilee Hills,500021,Apartment,880,756,2,2,1,2,6,7,12,2,Semi-Furnished,Average,17.430421,78.401142,9,1,1,1,0,0,1,1,0,1,1,1,1,13510000
Bengaluru,Hebbal,560014,Apartment,1973,1668,3,3,4,1,8,18,18,1,Unfurnished,Needs Renovation,13.043323,77.584606,10,1,1,1,1,1,1,1,1,1,0,1,0,14910000
Pune,Viman Nagar,411005,Villa,1154,961,2,2,2,3,0,2,12,1,Semi-Furnished,Good,18.56565,73.916754,9,1,1,0,1,1,1,1,0,1,1,0,1,16250000
Bengaluru,Indiranagar,560042,Apartment,1897,1539,3,3,2,2,8,10,3,1,Unfurnished,Good,12.97203,77.641968,7,1,1,1,0,1,0,0,1,1,0,1,0,28600000
Hyderabad,Kondapur,500008,Independent House,1558,1306,4,4,5,1,0,2,5,1,Semi-Furnished,Average,17.487433,78.348347,6,1,1,1,0,0,1,1,1,0,0,0,0,15170000
Nagpur,Besha,440014,Apartment,1442,1221,4,4,3,3,4,4,12,1,Unfurnished,Good,21.070807,79.094376,9,1,1,1,0,1,1,0,0,1,1,1,1,6050000
Mumbai,Thane West,400039,Independent House,641,513,1,1,1,3,0,1,5,0,Unfurnished,Good,19.216148,72.987381,6,1,0,0,1,1,0,1,0,1,1,0,0,10690000
Pune,Magarpatta,411026,Apartment,849,724,2,2,1,3,3,7,3,1,Semi-Furnished,Good,18.516414,73.928668,8,0,1,1,1,0,1,0,1,1,0,1,1,9350000
Pune,Aundh,411040,Apartment,952,745,2,2,3,2,6,18,12,1,Fully Furnished,Good,18.564122,73.806753,7,1,0,1,0,1,0,0,0,1,1,1,1,11850000
Delhi NCR,Indirapuram (Ghaziabad),110040,Villa,1171,985,2,2,2,0,0,2,5,1,Semi-Furnished,Good,28.645169,77.38061,7,0,1,1,1,1,0,0,1,1,0,1,0,11720000
Bengaluru,Yelahanka,560012,Villa,923,739,2,2,2,1,0,3,3,1,Fully Furnished,Good,13.103251,77.587619,4,0,0,1,0,0,0,1,1,0,0,1,0,10580000
Mumbai,Bandra West,400005,Apartment,1048,845,4,4,5,2,7,22,5,1,Unfurnished,Average,19.058903,72.838627,6,0,1,1,0,1,0,0,1,1,0,1,0,39140000
Pune,Hadapsar,411023,Apartment,1018,830,2,2,2,0,3,14,2,2,Semi-Furnished,New,18.503454,73.92295,3,1,1,0,0,0,0,0,0,0,0,1,0,9340000
Bengaluru,JP Nagar,560024,Villa,600,489,1,1,2,3,0,2,0,1,Fully Furnished,Average,12.890025,77.577889,6,1,1,0,0,0,1,1,0,0,1,0,1,9030000
Delhi NCR,Dwarka (Delhi),110022,Apartment,1026,807,2,2,2,3,25,35,5,0,Semi-Furnished,Average,28.606085,77.059461,12,1,1,1,1,1,1,1,1,1,1,1,1,13320000
Kolkata,Jadavpur,700024,Apartment,4641,3810,5,5,5,2,10,18,1,1,Semi-Furnished,New,22.498196,88.363299,9,1,1,1,1,0,0,0,1,1,1,1,1,36870000
Mumbai,Goregaon West,400031,Apartment,831,714,3,3,2,3,19,28,2,2,Fully Furnished,New,19.177456,72.853458,8,1,1,1,0,0,0,1,1,1,1,1,0,20830000
Hyderabad,Kukatpally,500013,Apartment,1342,1074,3,3,2,1,8,10,5,0,Semi-Furnished,Average,17.495565,78.391917,6,0,0,0,0,1,1,0,1,1,1,1,0,8840000
Delhi NCR,Cyber City (Gurugram),110013,Apartment,1346,1168,3,3,2,3,7,18,2,2,Semi-Furnished,Good,28.492431,77.086393,8,1,1,1,1,0,1,0,0,1,1,1,0,24350000
Bengaluru,HSR Layout,560036,Apartment,1760,1448,3,3,3,1,6,7,5,1,Fully Furnished,New,12.909675,77.645964,7,1,1,1,0,1,0,0,1,1,0,1,0,25360000
Nagpur,Sadar,440008,Apartment,1539,1200,3,3,3,3,19,28,0,1,Semi-Furnished,New,21.158085,79.082771,7,1,0,1,0,1,0,1,0,1,1,1,0,15930000
Bengaluru,Koramangala,560040,Apartment,1115,963,3,3,3,2,6,22,3,1,Unfurnished,Good,12.945308,77.635953,6,1,1,0,0,0,0,1,0,1,1,1,0,15540000
Hyderabad,HITEC City,500007,Apartment,1448,1132,3,3,4,0,34,35,2,1,Semi-Furnished,New,17.448638,78.372835,10,1,1,1,0,1,1,1,1,1,0,1,1,20700000
Nagpur,Ramdaspeth,440036,Apartment,977,815,2,2,3,2,1,7,5,1,Semi-Furnished,Good,21.123457,79.079073,7,1,1,1,1,0,0,0,1,1,0,1,0,9010000
Pune,Kharadi,411026,Apartment,2455,1967,4,4,3,2,31,35,1,2,Semi-Furnished,Good,18.54623,73.93381,8,1,1,1,0,0,0,0,1,1,1,1,1,28680000
Mumbai,Juhu,400020,Apartment,1525,1305,3,3,3,0,2,7,3,2,Semi-Furnished,Average,19.098864,72.818181,8,1,1,1,1,1,0,1,1,1,0,0,0,58420000
Mumbai,Bandra West,400033,Independent House,1499,1228,3,3,4,2,0,1,2,0,Semi-Furnished,New,19.062466,72.822755,6,1,1,0,0,0,0,0,1,0,1,1,1,81130000
Mumbai,Borivali West,400036,Apartment,998,850,2,2,2,2,12,14,8,1,Fully Furnished,Good,19.229245,72.873958,6,1,1,1,0,0,1,0,1,0,0,1,0,19480000
Pune,Viman Nagar,411038,Apartment,1857,1629,3,3,3,2,1,14,18,2,Semi-Furnished,Good,18.558537,73.901714,6,0,1,1,0,1,0,0,0,1,0,1,1,16480000
Delhi NCR,Vasant Kunj (Delhi),110005,Apartment,1153,977,2,2,2,1,4,10,1,1,Unfurnished,Good,28.534049,77.149743,5,1,0,1,1,0,0,1,0,0,0,1,0,22470000
Kolkata,Rajarhat,700027,Apartment,1105,927,3,3,3,1,2,7,2,1,Semi-Furnished,Good,22.605507,88.495747,8,1,1,0,0,0,1,1,1,0,1,1,1,7380000
Mumbai,Kandivali East,400036,Apartment,951,787,2,2,2,1,14,28,0,1,Semi-Furnished,New,19.195,72.88182,6,1,0,1,1,1,0,0,0,1,0,1,0,18080000
Mumbai,Borivali West,400019,Apartment,1041,840,2,2,1,3,4,28,3,1,Semi-Furnished,New,19.219064,72.855176,7,1,1,0,0,0,1,0,1,1,0,1,1,21090000
Bengaluru,Koramangala,560044,Villa,1482,1176,3,3,3,3,0,1,8,1,Unfurnished,Average,12.936437,77.628456,10,1,0,1,0,1,1,1,1,1,1,1,1,24310000
Delhi NCR,Sector 150 (Noida),110044,Apartment,1449,1159,3,3,4,2,2,7,5,1,Fully Furnished,Needs Renovation,28.45591,77.479853,6,1,0,1,0,1,0,1,1,0,0,1,0,12260000
Pune,Aundh,411009,Apartment,1618,1396,4,4,5,2,33,35,1,2,Semi-Furnished,Average,18.552058,73.790986,9,1,1,1,1,0,1,0,1,1,1,1,0,22760000
Bengaluru,Koramangala,560037,Apartment,1608,1258,3,3,2,1,2,10,3,1,Unfurnished,Good,12.941948,77.626954,8,1,0,1,1,0,0,0,1,1,1,1,1,21030000
Pune,Hinjewadi,411012,Independent House,472,371,1,1,1,0,0,3,1,3,Semi-Furnished,New,18.592663,73.739984,3,1,1,0,0,0,0,0,1,0,0,0,0,4830000
Chennai,Porur,600004,Apartment,2239,1747,4,4,5,1,1,4,1,1,Semi-Furnished,New,13.038293,80.157466,9,1,1,1,0,1,1,1,0,1,0,1,1,17160000
Hyderabad,Uppal,500010,Apartment,1117,964,2,2,2,0,4,4,1,2,Semi-Furnished,New,17.398354,78.549555,6,0,1,1,0,1,1,0,0,1,0,0,1,7150000
Mumbai,Powai,400016,Apartment,890,767,2,2,3,1,3,10,2,2,Unfurnished,New,19.125552,72.905662,9,1,1,1,0,1,1,1,1,1,0,1,0,21270000
Hyderabad,Kukatpally,500009,Apartment,1085,937,3,3,2,1,4,10,18,3,Unfurnished,Needs Renovation,17.501084,78.394384,9,1,1,1,1,0,0,1,1,1,1,1,0,5820000
Hyderabad,Kondapur,500016,Apartment,1203,1038,2,2,2,2,4,14,5,1,Unfurnished,Good,17.47397,78.344774,8,1,1,1,1,0,0,0,1,1,0,1,1,9530000
Hyderabad,Banjara Hills,500011,Apartment,573,496,1,1,1,3,1,4,0,2,Semi-Furnished,New,17.405898,78.440888,7,1,1,1,1,0,0,0,1,1,0,1,0,11070000
Mumbai,Kandivali East,400035,Apartment,978,847,2,2,1,2,11,14,0,1,Fully Furnished,Good,19.200546,72.882631,9,0,0,1,1,1,1,0,1,1,1,1,1,22330000
Bengaluru,Yelahanka,560017,Apartment,902,714,2,2,3,2,9,28,2,1,Semi-Furnished,New,13.103524,77.597079,7,1,1,0,0,1,1,0,0,1,1,1,0,7650000
Mumbai,Juhu,400013,Apartment,493,411,1,1,1,2,21,35,3,0,Semi-Furnished,Good,19.09882,72.817215,8,1,1,1,0,0,1,0,1,1,0,1,1,22730000
Mumbai,Kandivali East,400039,Apartment,525,437,1,1,1,1,23,35,0,1,Semi-Furnished,Good,19.185574,72.872259,9,1,1,1,0,1,1,0,1,1,1,0,1,10350000
Mumbai,Thane West,400021,Apartment,1739,1435,3,3,3,1,14,18,2,0,Unfurnished,New,19.221285,72.966271,6,1,0,0,0,0,1,1,1,1,0,1,0,24190000
Hyderabad,HITEC City,500035,Apartment,1218,1014,3,3,4,2,18,35,3,1,Semi-Furnished,Good,17.438499,78.384745,7,1,1,0,1,0,0,1,0,1,0,1,1,15020000
Chennai,Adyar,600017,Plot,1228,1228,0,0,0,0,0,0,4,0,Unfurnished,Average,13.01027,80.245901,1,0,0,0,0,0,0,0,0,0,0,1,0,14190000
Mumbai,Juhu,400045,Apartment,1581,1336,3,3,3,2,9,35,0,2,Semi-Furnished,New,19.091354,72.836881,8,1,1,1,0,1,0,1,1,1,0,1,0,75700000
Bengaluru,JP Nagar,560021,Villa,1498,1286,3,3,2,0,0,2,1,1,Semi-Furnished,New,12.899381,77.595902,6,1,1,0,1,0,1,0,0,1,0,0,1,21110000
Delhi NCR,Vasant Kunj (Delhi),110008,Apartment,1609,1377,3,3,2,2,5,14,5,1,Semi-Furnished,Good,28.526565,77.148207,10,1,1,1,0,1,1,1,0,1,1,1,1,37330000
Mumbai,Bandra West,400013,Apartment,989,805,2,2,3,2,12,14,2,1,Semi-Furnished,Good,19.064831,72.817283,7,1,1,1,0,1,0,1,1,0,0,1,0,52610000
Pune,Viman Nagar,411020,Apartment,740,631,2,2,2,0,4,18,2,1,Unfurnished,New,18.576099,73.906342,7,1,1,0,0,0,1,0,0,1,1,1,1,8530000
Mumbai,Borivali West,400028,Plot,1402,1402,0,0,0,0,0,0,1,0,Unfurnished,Average,19.23701,72.86492,1,0,0,0,0,0,0,0,0,0,0,1,0,18440000
Pune,Viman Nagar,411002,Apartment,1674,1389,3,3,3,3,23,28,0,1,Fully Furnished,Average,18.57626,73.906796,7,1,0,0,1,1,1,1,1,0,0,1,0,23440000
Delhi NCR,Sector 150 (Noida),110042,Apartment,1032,844,3,3,3,3,21,28,0,1,Semi-Furnished,New,28.450002,77.481832,7,1,1,1,0,1,0,1,0,0,1,1,0,11550000
Delhi NCR,Sector 62 (Noida),110031,Apartment,607,518,1,1,1,2,20,28,2,1,Semi-Furnished,New,28.628929,77.360503,5,0,1,1,0,1,0,1,0,0,0,1,0,6170000
Nagpur,Wardha Road,440038,Apartment,3068,2605,5,5,5,1,7,10,3,1,Semi-Furnished,Good,21.081852,79.079172,7,1,0,1,0,1,0,0,1,1,0,1,1,18590000
Mumbai,Andheri West,400019,Apartment,662,565,1,1,2,1,12,35,12,0,Unfurnished,Good,19.127107,72.831898,8,1,1,1,0,0,1,0,1,1,1,0,1,14690000
Pune,Baner,411031,Independent House,1615,1277,4,4,4,2,0,2,0,1,Unfurnished,Good,18.558426,73.779566,4,1,0,0,0,0,0,1,1,0,0,0,1,19970000
Pune,Magarpatta,411018,Apartment,1089,924,2,2,1,1,2,4,3,1,Semi-Furnished,Good,18.500579,73.920574,8,1,1,1,0,1,0,0,1,1,1,1,0,10740000
Mumbai,Borivali West,400029,Villa,1283,1103,3,3,3,0,0,1,5,2,Unfurnished,Good,19.234341,72.854762,6,1,1,0,0,0,0,1,1,0,1,1,0,28520000
Delhi NCR,Sector 150 (Noida),110010,Apartment,2591,2250,4,4,3,3,4,10,2,1,Unfurnished,New,28.436561,77.487895,11,1,1,1,1,1,1,0,1,1,1,1,1,26300000
Mumbai,Goregaon West,400044,Apartment,1380,1078,3,3,3,2,9,10,12,1,Unfurnished,Needs Renovation,19.160381,72.853043,6,0,1,1,0,1,0,1,0,1,0,1,0,19100000
Pune,Kalyani Nagar,411037,Apartment,1402,1110,3,3,3,0,9,10,3,1,Semi-Furnished,Average,18.55052,73.890412,7,0,1,0,1,1,0,1,1,1,0,1,0,17740000
Delhi NCR,Greater Noida West,110044,Apartment,1362,1142,3,3,4,2,11,14,0,1,Semi-Furnished,New,28.582907,77.428475,7,1,1,1,0,1,0,0,1,1,0,1,0,9480000
Pune,Kothrud,411029,Apartment,647,526,1,1,2,3,21,22,2,0,Fully Furnished,Good,18.504658,73.816327,7,1,1,1,1,0,1,0,1,0,0,1,0,8750000
Nagpur,Ramdaspeth,440043,Villa,735,619,2,2,3,3,0,3,1,2,Fully Furnished,Good,21.150611,79.070136,3,0,0,0,1,1,1,0,0,0,0,0,0,9880000
Pune,Hinjewadi,411013,Apartment,961,794,3,3,3,0,8,10,8,2,Fully Furnished,Good,18.599901,73.73617,8,1,1,1,0,1,0,1,0,1,1,0,1,8080000
Hyderabad,Kukatpally,500031,Independent House,563,481,1,1,1,2,0,2,8,2,Semi-Furnished,Average,17.502904,78.398164,2,0,0,0,0,0,0,0,1,0,0,1,0,4940000
Kolkata,Salt Lake (Sector V),700005,Apartment,1433,1211,3,3,2,2,8,10,5,2,Semi-Furnished,Good,22.588494,88.436442,8,1,1,1,1,0,0,0,1,1,0,1,1,13220000
Hyderabad,Banjara Hills,500044,Apartment,518,452,1,1,2,2,7,35,8,2,Unfurnished,Good,17.418256,78.439781,8,0,1,1,0,0,1,1,1,1,1,1,0,8190000
Bengaluru,Koramangala,560023,Apartment,1441,1219,3,3,4,2,12,28,2,2,Fully Furnished,New,12.94509,77.64106,8,1,1,1,1,1,0,1,0,1,0,1,0,27750000
Hyderabad,HITEC City,500037,Apartment,774,626,1,1,2,2,4,7,1,1,Fully Furnished,New,17.438465,78.382815,7,0,1,1,1,1,1,0,0,0,0,1,1,11270000
Mumbai,Andheri West,400046,Apartment,1174,983,3,3,3,3,6,35,0,0,Unfurnished,New,19.132415,72.841603,8,1,1,1,0,1,1,0,0,0,1,1,1,31350000
Bengaluru,Koramangala,560013,Apartment,720,604,2,2,2,3,7,10,2,3,Semi-Furnished,Good,12.947424,77.634074,7,1,1,0,1,0,1,0,1,0,0,1,1,11830000
Hyderabad,Miyapur,500016,Apartment,942,754,2,2,2,2,19,28,0,1,Semi-Furnished,New,17.493292,78.363656,9,1,1,1,1,0,1,0,1,1,1,1,0,8080000
Mumbai,Kandivali East,400028,Plot,932,932,0,0,0,0,0,0,3,0,Unfurnished,Average,19.208109,72.886036,0,0,0,0,0,0,0,0,0,0,0,0,0,10970000
Hyderabad,Gachibowli,500044,Apartment,1395,1122,3,3,3,2,6,14,2,0,Semi-Furnished,New,17.437116,78.340219,9,1,1,1,1,0,0,1,1,1,0,1,1,15550000
Bengaluru,HSR Layout,560004,Apartment,623,547,1,1,2,0,3,4,5,1,Semi-Furnished,Good,12.916294,77.661964,6,1,1,1,0,0,0,0,1,0,0,1,1,7590000
Pune,Wakad,411006,Apartment,1689,1456,3,3,2,2,7,28,0,1,Semi-Furnished,New,18.599229,73.782224,9,1,1,1,0,1,1,0,1,0,1,1,1,19150000
Pune,Wakad,411013,Apartment,1040,868,2,2,1,1,6,22,0,1,Unfurnished,Good,18.590759,73.76441,6,1,1,1,0,0,0,0,0,1,1,0,1,9290000
Delhi NCR,Golf Course Road (Gurugram),110034,Apartment,1515,1259,3,3,3,3,31,35,5,1,Semi-Furnished,Good,28.465087,77.098082,10,1,1,1,1,0,1,1,1,1,0,1,1,32990000
Pune,Hadapsar,411005,Apartment,841,670,2,2,2,2,25,28,0,2,Unfurnished,Good,18.512109,73.94074,4,1,1,1,0,0,0,0,0,1,0,0,0,7800000
Hyderabad,Banjara Hills,500023,Independent House,1041,865,2,2,2,1,0,2,0,1,Fully Furnished,New,17.423837,78.432731,3,1,0,0,0,0,0,0,1,0,1,0,0,23460000
Mumbai,Kandivali East,400022,Apartment,822,641,2,2,1,0,20,35,3,0,Unfurnished,Average,19.205198,72.865324,7,1,1,0,0,1,1,1,1,0,0,1,0,13830000
Delhi NCR,Rohini (Delhi),110037,Apartment,1280,1078,3,3,2,2,14,18,2,2,Semi-Furnished,Good,28.703578,77.125541,7,1,1,1,0,1,0,1,0,1,0,1,0,13650000
Hyderabad,Madhapur,500046,Villa,976,784,2,2,2,0,0,2,3,0,Unfurnished,Good,17.451911,78.382406,3,0,1,0,0,0,0,0,0,0,1,0,1,13330000
Bengaluru,Koramangala,560040,Apartment,1560,1359,3,3,2,2,5,18,1,1,Semi-Furnished,Good,12.947667,77.619066,5,1,1,0,0,0,0,0,0,1,0,1,1,24150000
Hyderabad,Manikonda,500023,Apartment,1409,1164,3,3,3,2,5,14,12,1,Semi-Furnished,Needs Renovation,17.406311,78.377763,9,1,1,1,1,0,1,0,0,1,1,1,1,8810000
Bengaluru,JP Nagar,560005,Apartment,706,561,2,2,2,2,27,35,3,2,Semi-Furnished,Average,12.909167,77.568671,7,1,1,1,0,0,0,0,1,0,1,1,1,7000000
Bengaluru,JP Nagar,560023,Apartment,1089,952,2,2,2,2,4,4,2,1,Semi-Furnished,New,12.901925,77.577797,8,1,1,1,0,1,0,0,1,1,0,1,1,12880000
Kolkata,New Town (Action Area 1),700043,Apartment,1482,1189,3,3,4,3,4,4,3,1,Unfurnished,New,22.601977,88.47067,8,0,0,1,1,1,0,1,1,1,0,1,1,12690000
Mumbai,Thane West,400006,Apartment,846,662,2,2,2,2,9,18,8,3,Semi-Furnished,Good,19.232256,72.977609,11,1,1,1,1,1,1,1,1,0,1,1,1,11990000
Nagpur,Ramdaspeth,440011,Apartment,1032,902,2,2,3,2,5,7,5,1,Fully Furnished,Average,21.137718,79.066989,6,0,1,1,0,1,0,0,1,1,0,1,0,9680000
Chennai,T Nagar,600041,Apartment,1393,1186,3,3,4,0,5,35,3,1,Semi-Furnished,Good,13.044598,80.214335,9,0,1,1,1,1,0,1,1,1,0,1,1,24930000
Nagpur,Dharampeth,440033,Apartment,528,462,1,1,1,2,28,35,18,1,Semi-Furnished,Average,21.133746,79.068229,6,1,1,1,0,0,0,1,1,0,0,1,0,3990000
Pune,Aundh,411004,Apartment,1706,1355,3,3,4,3,10,22,12,1,Semi-Furnished,Average,18.566104,73.808688,10,1,1,1,1,1,0,1,1,0,1,1,1,18940000
Kolkata,Garia,700018,Apartment,1032,814,2,2,2,2,23,28,1,1,Semi-Furnished,Good,22.460692,88.383179,8,1,1,1,0,0,1,0,1,1,1,0,1,6910000
Pune,Viman Nagar,411010,Apartment,2045,1606,4,4,4,1,29,35,1,2,Semi-Furnished,Good,18.568169,73.923015,4,1,1,0,0,0,0,0,0,1,0,1,0,25550000
Delhi NCR,Golf Course Road (Gurugram),110028,Apartment,952,748,2,2,2,0,6,10,5,1,Semi-Furnished,Good,28.454703,77.097846,6,1,0,1,0,0,1,0,0,1,0,1,1,18810000
Nagpur,Sadar,440015,Independent House,1104,899,2,2,2,2,0,2,3,0,Fully Furnished,Average,21.158367,79.078337,6,1,1,1,0,0,1,0,1,1,0,0,0,11360000
Bengaluru,Whitefield,560036,Independent House,606,504,1,1,2,3,0,1,0,1,Semi-Furnished,New,12.96255,77.760452,5,1,1,1,0,0,1,0,0,0,0,1,0,6670000
Pune,Hadapsar,411029,Apartment,1084,853,2,2,2,0,2,7,25,1,Semi-Furnished,Average,18.498778,73.940986,7,1,0,1,0,1,0,0,1,1,0,1,1,5960000
Delhi NCR,Sector 62 (Noida),110025,Apartment,2535,2196,4,4,4,0,7,14,5,1,Semi-Furnished,Average,28.626347,77.359067,5,1,1,0,0,0,0,0,1,0,1,1,0,19910000
Mumbai,Navi Mumbai - Vashi,400005,Apartment,1559,1248,3,3,4,3,10,18,0,1,Semi-Furnished,New,19.069865,72.992074,9,1,1,1,0,0,1,1,1,0,1,1,1,28640000
Hyderabad,Jubilee Hills,500033,Apartment,658,560,2,2,2,2,14,35,8,1,Unfurnished,Average,17.427226,78.431625,10,1,1,1,0,1,1,0,1,1,1,1,1,10240000
Pune,Baner,411008,Apartment,1689,1433,3,3,4,2,34,35,3,1,Semi-Furnished,Good,18.554312,73.790872,8,0,1,1,1,1,1,0,0,0,1,1,1,20730000
Kolkata,Ballygunge,700043,Apartment,2526,2105,4,4,4,2,25,28,2,1,Unfurnished,New,22.526398,88.380911,10,1,1,1,1,0,1,1,1,1,0,1,1,39360000
Nagpur,Khamla,440046,Independent House,1459,1200,3,3,4,1,0,2,5,1,Fully Furnished,Needs Renovation,21.116962,79.049024,8,0,1,0,0,1,1,1,1,0,1,1,1,10150000
Bengaluru,HSR Layout,560035,Independent House,977,855,2,2,2,2,0,1,18,3,Semi-Furnished,Needs Renovation,12.908643,77.664127,5,1,0,0,0,1,0,0,1,1,0,1,0,9190000
Pune,Aundh,411007,Apartment,1697,1410,3,3,3,2,25,28,8,1,Semi-Furnished,Good,18.569452,73.808589,10,1,1,1,1,0,1,1,1,1,1,0,1,21850000
Nagpur,Trimurti Nagar,440009,Apartment,818,640,2,2,3,2,4,14,8,2,Semi-Furnished,Good,21.113856,79.024714,5,1,0,1,0,0,1,0,0,0,1,1,0,5060000
Delhi NCR,Rohini (Delhi),110022,Independent House,1026,869,3,3,2,3,0,3,25,0,Unfurnished,Average,28.720767,77.114948,6,1,1,1,0,0,1,0,1,0,1,0,0,8120000
Bengaluru,HSR Layout,560010,Apartment,1050,860,2,2,2,2,9,14,12,3,Semi-Furnished,Needs Renovation,12.913436,77.656285,6,0,1,0,1,0,0,0,1,1,1,1,0,9670000
Mumbai,Goregaon West,400036,Apartment,1426,1189,3,3,3,3,9,14,2,1,Semi-Furnished,Good,19.170576,72.83013,9,0,1,1,1,1,0,1,0,1,1,1,1,36120000
Kolkata,Garia,700043,Apartment,954,833,2,2,3,0,10,35,18,1,Fully Furnished,Needs Renovation,22.465136,88.400055,6,1,0,1,0,0,1,0,1,0,1,0,1,4300000
Hyderabad,Banjara Hills,500042,Apartment,956,835,2,2,1,3,3,7,2,2,Semi-Furnished,New,17.416641,78.423667,8,1,1,0,1,0,1,1,1,1,0,1,0,17800000
Hyderabad,Uppal,500032,Apartment,1038,898,2,2,2,0,14,28,0,2,Semi-Furnished,New,17.405351,78.569969,5,1,1,1,0,0,0,1,0,0,0,1,0,7240000
Bengaluru,HSR Layout,560018,Apartment,1575,1264,4,4,3,1,8,10,1,1,Unfurnished,Good,12.920554,77.656089,7,1,1,1,1,1,0,0,0,1,0,1,0,19990000
Bengaluru,Electronic City,560014,Independent House,1358,1096,3,3,2,1,0,3,3,2,Unfurnished,Good,12.848255,77.704431,5,1,0,1,0,0,0,0,1,1,1,0,0,10230000
Kolkata,Alipore,700019,Independent House,725,596,2,2,1,3,0,3,12,1,Semi-Furnished,Average,22.52631,88.335004,6,0,1,0,1,1,1,0,0,1,0,0,1,11760000
Mumbai,Thane West,400012,Independent House,1442,1162,3,3,2,2,0,1,3,1,Unfurnished,New,19.221343,72.990381,3,0,0,0,0,0,1,0,0,0,1,0,1,25310000
Bengaluru,Yelahanka,560033,Independent House,1617,1263,3,3,4,2,0,3,1,0,Fully Furnished,Good,13.083399,77.603668,5,1,0,0,0,0,1,0,1,1,0,0,1,16190000
Bengaluru,Bellandur,560025,Apartment,993,829,2,2,2,0,10,14,8,1,Fully Furnished,Needs Renovation,12.912158,77.669986,7,0,1,1,0,1,1,0,0,1,1,0,1,8260000
Hyderabad,Gachibowli,500041,Independent House,605,502,2,2,1,3,0,3,3,1,Semi-Furnished,Average,17.440077,78.342517,4,1,0,0,0,0,0,1,1,0,1,0,0,7320000
Kolkata,Ballygunge,700035,Apartment,921,726,2,2,1,1,7,28,0,2,Semi-Furnished,Good,22.53835,88.352447,9,1,1,1,0,0,1,1,1,1,1,1,0,13870000
Nagpur,Khamla,440012,Apartment,1424,1196,3,3,4,2,1,4,8,1,Fully Furnished,Needs Renovation,21.107735,79.054622,11,1,1,1,1,1,1,1,1,1,1,1,0,8390000
Kolkata,Jadavpur,700038,Apartment,1341,1057,3,3,3,0,6,35,18,2,Semi-Furnished,Average,22.512841,88.374026,5,0,1,0,1,1,0,1,0,1,0,0,0,7590000
Pune,Magarpatta,411027,Apartment,1042,883,2,2,3,1,10,10,25,0,Unfurnished,New,18.520701,73.926537,8,0,1,1,0,1,0,1,1,1,1,1,0,8300000
Mumbai,Goregaon West,400006,Villa,1442,1162,3,3,3,0,0,1,0,2,Fully Furnished,Good,19.173854,72.84971,7,1,1,1,0,0,1,0,1,1,1,0,0,44740000
Pune,Kharadi,411009,Apartment,660,530,1,1,2,3,13,18,8,1,Semi-Furnished,Average,18.550043,73.935371,10,0,1,1,1,1,1,0,1,1,1,1,1,5980000
Kolkata,New Town (Action Area 1),700012,Apartment,918,773,2,2,3,2,8,14,5,1,Unfurnished,Good,22.605731,88.472739,5,1,1,1,0,0,0,0,0,1,0,1,0,6540000
Pune,Aundh,411006,Apartment,1035,850,3,3,2,3,13,28,5,2,Fully Furnished,Average,18.560126,73.806769,8,1,1,1,1,0,0,0,1,0,1,1,1,13210000
Pune,Hadapsar,411037,Apartment,2108,1760,4,4,4,2,16,35,3,2,Fully Furnished,Good,18.505467,73.92654,4,1,1,0,0,0,0,0,0,0,0,1,1,19670000
Pune,Baner,411033,Villa,480,390,1,1,2,2,0,3,12,1,Fully Furnished,Average,18.55581,73.787419,4,1,0,0,0,0,1,0,1,0,0,1,0,6400000
Bengaluru,Indiranagar,560033,Independent House,993,836,2,2,1,2,0,1,5,2,Semi-Furnished,Good,12.973105,77.643992,5,0,0,0,0,0,1,1,1,0,0,1,1,19220000
Mumbai,Bandra West,400003,Villa,1631,1427,3,3,2,2,0,3,5,1,Semi-Furnished,New,19.06398,72.835305,2,0,0,0,0,0,0,0,1,0,1,0,0,104540000
Mumbai,Powai,400034,Independent House,692,554,1,1,1,0,0,3,3,1,Fully Furnished,Good,19.122134,72.914549,6,1,0,0,1,0,0,0,1,1,0,1,1,19030000
Bengaluru,HSR Layout,560016,Apartment,2334,1839,5,5,5,1,5,7,3,1,Fully Furnished,Average,12.913357,77.645149,8,1,0,1,1,0,1,1,1,0,1,1,0,28840000
Nagpur,Sadar,440009,Independent House,1091,932,2,2,1,1,0,3,0,0,Semi-Furnished,Average,21.148097,79.077722,5,1,1,1,0,0,0,0,1,0,0,0,1,10090000
Pune,Baner,411018,Apartment,670,541,2,2,2,2,10,10,12,1,Semi-Furnished,Average,18.570958,73.775926,5,0,0,1,0,1,1,0,0,1,0,1,0,5960000
Nagpur,Sadar,440035,Apartment,2443,1996,4,4,3,0,9,10,1,0,Semi-Furnished,Good,21.168168,79.073135,9,1,1,1,1,0,1,0,0,1,1,1,1,23170000
Pune,Hadapsar,411043,Apartment,999,800,2,2,1,3,3,7,8,1,Semi-Furnished,Average,18.527564,73.929132,6,0,1,1,1,0,1,0,1,0,0,0,1,7290000
Delhi NCR,Dwarka (Delhi),110043,Apartment,1184,966,3,3,3,1,7,28,8,2,Semi-Furnished,Average,28.586146,77.039394,8,1,1,0,1,0,0,0,1,1,1,1,1,14520000
Hyderabad,Miyapur,500019,Apartment,1404,1165,3,3,4,2,9,18,3,1,Unfurnished,Average,17.501322,78.373514,9,1,1,1,1,0,1,0,1,1,1,1,0,7710000
Chennai,Besant Nagar,600005,Villa,1168,959,2,2,2,2,0,3,0,1,Semi-Furnished,New,13.000643,80.27018,4,0,1,0,0,0,0,0,1,0,1,0,1,27280000
Delhi NCR,Vasant Kunj (Delhi),110007,Apartment,1209,980,3,3,2,2,4,7,1,0,Fully Furnished,New,28.523911,77.175077,8,1,1,1,1,0,1,0,1,0,0,1,1,31380000
Pune,Viman Nagar,411021,Independent House,1166,944,2,2,2,0,0,3,1,1,Semi-Furnished,Good,18.566364,73.909498,3,1,1,0,0,0,0,0,1,0,0,0,0,14960000
Delhi NCR,Sohna Road (Gurugram),110042,Apartment,1276,1114,3,3,3,0,2,7,3,2,Semi-Furnished,Good,28.378578,77.036201,10,0,1,1,1,1,1,1,1,0,1,1,1,12060000
Mumbai,Andheri West,400027,Villa,561,463,1,1,1,1,0,1,3,1,Unfurnished,Good,19.137354,72.8306,6,1,1,1,0,0,0,0,1,0,1,0,1,18500000
Mumbai,Navi Mumbai - Vashi,400016,Independent House,850,689,2,2,3,0,0,2,2,1,Semi-Furnished,New,19.061393,72.993998,5,0,0,1,1,0,1,0,0,1,1,0,0,15420000
Delhi NCR,Vasant Kunj (Delhi),110022,Villa,1517,1298,3,3,2,2,0,2,3,1,Semi-Furnished,New,28.527274,77.163509,6,1,0,0,0,0,1,1,1,1,1,0,0,45930000
Hyderabad,Banjara Hills,500019,Apartment,3123,2724,5,5,5,0,34,35,0,1,Unfurnished,New,17.411424,78.429723,8,1,1,1,1,0,0,1,1,1,0,1,0,57610000
Pune,Viman Nagar,411030,Apartment,1649,1321,3,3,2,3,3,18,3,0,Semi-Furnished,Good,18.566502,73.904329,6,1,1,0,0,1,0,1,0,1,1,0,0,18140000
Nagpur,Civil Lines,440002,Apartment,489,402,1,1,1,0,2,10,5,1,Semi-Furnished,Good,21.155344,79.07754,4,0,0,0,1,0,1,0,1,0,0,1,0,4390000
Pune,Baner,411037,Apartment,564,450,2,2,1,3,14,22,3,0,Unfurnished,Good,18.557487,73.78555,6,1,1,1,0,0,0,0,0,1,1,1,0,5850000
Kolkata,Salt Lake (Sector V),700011,Independent House,1241,1080,3,3,3,2,0,3,3,0,Semi-Furnished,Good,22.58174,88.430529,7,0,0,1,0,1,1,1,1,1,0,0,1,13040000
Pune,Hadapsar,411017,Apartment,1020,892,2,2,1,2,3,7,3,2,Semi-Furnished,Good,18.505461,73.922007,7,1,1,1,1,0,0,0,1,1,0,1,0,9310000
Bengaluru,Yelahanka,560026,Apartment,1045,856,2,2,3,0,4,4,5,1,Semi-Furnished,New,13.107316,77.606109,7,1,1,1,0,1,0,0,0,1,0,1,1,8530000
Bengaluru,Yelahanka,560011,Apartment,1633,1375,3,3,2,1,16,18,8,1,Semi-Furnished,Good,13.088065,77.597933,5,0,1,1,1,0,0,0,0,1,0,1,0,12140000
Bengaluru,Indiranagar,560030,Apartment,1822,1596,3,3,4,3,2,10,2,2,Semi-Furnished,New,12.985821,77.635756,9,1,1,1,1,0,0,1,1,1,1,1,0,32500000
Pune,Hadapsar,411025,Apartment,2163,1894,4,4,4,2,18,35,8,1,Semi-Furnished,Good,18.512535,73.917749,9,1,1,1,1,0,0,1,1,1,0,1,1,18780000
Pune,Hinjewadi,411006,Apartment,910,789,2,2,3,2,3,7,12,1,Semi-Furnished,Average,18.59356,73.733105,4,1,1,0,0,0,1,0,1,0,0,0,0,5730000
Hyderabad,Gachibowli,500008,Apartment,702,602,1,1,1,0,13,22,5,2,Semi-Furnished,Average,17.431688,78.341078,5,1,1,1,0,0,0,0,0,1,0,1,0,6780000
Hyderabad,Miyapur,500030,Independent House,818,692,2,2,3,2,0,1,2,1,Semi-Furnished,New,17.48972,78.362241,6,1,1,1,0,0,1,1,0,0,0,1,0,6330000
Hyderabad,Madhapur,500008,Independent House,777,631,2,2,2,1,0,2,2,0,Fully Furnished,New,17.464733,78.395176,8,1,1,1,0,1,1,0,0,1,1,1,0,11030000
Delhi NCR,Rohini (Delhi),110018,Independent House,2258,1969,4,4,5,2,0,2,2,0,Fully Furnished,New,28.714539,77.117955,5,1,0,0,0,1,1,0,1,0,0,0,1,29960000
Delhi NCR,Golf Course Road (Gurugram),110006,Independent House,1646,1428,3,3,4,2,0,2,0,0,Fully Furnished,New,28.443192,77.08595,6,1,0,0,1,0,0,0,1,1,0,1,1,44850000
Kolkata,Rajarhat,700002,Independent House,1006,858,2,2,3,2,0,1,2,1,Fully Furnished,New,22.612706,88.492075,5,1,0,1,0,1,0,0,1,0,0,0,1,8340000
Pune,Aundh,411031,Plot,2705,2705,0,0,0,0,0,0,4,0,Unfurnished,Average,18.560384,73.816898,2,0,0,1,0,0,0,0,0,0,0,1,0,25910000
Pune,Wakad,411027,Independent House,1723,1377,4,4,5,2,0,2,2,0,Semi-Furnished,New,18.590242,73.765511,3,0,0,0,1,0,0,0,0,0,0,1,1,18320000
Pune,Hinjewadi,411036,Independent House,837,658,2,2,3,3,0,2,0,2,Unfurnished,New,18.599625,73.741679,3,1,1,0,1,0,0,0,0,0,0,0,0,8020000
Bengaluru,Indiranagar,560011,Apartment,733,616,2,2,3,0,3,22,2,1,Semi-Furnished,New,12.987738,77.618239,6,1,1,1,0,0,0,0,1,0,0,1,1,12990000
Hyderabad,Manikonda,500022,Apartment,677,534,1,1,1,1,1,4,2,1,Semi-Furnished,New,17.400741,78.399583,7,0,1,1,0,0,1,1,1,0,0,1,1,5940000
Pune,Wakad,411015,Apartment,960,830,2,2,2,2,29,35,0,1,Fully Furnished,New,18.601416,73.794293,7,1,1,1,1,0,1,0,1,1,0,0,0,11810000
Hyderabad,HITEC City,500004,Independent House,1069,883,2,2,3,0,0,2,2,1,Unfurnished,New,17.436198,78.378349,6,1,1,1,0,0,0,0,1,1,0,0,1,13960000
Bengaluru,Yelahanka,560002,Independent House,665,528,1,1,1,2,0,2,25,2,Fully Furnished,Average,13.101824,77.587304,4,0,1,1,0,0,0,0,0,0,1,1,0,4590000
Chennai,OMR (Thoraipakkam),600033,Apartment,804,679,2,2,1,2,8,18,1,1,Semi-Furnished,New,12.94421,80.230127,7,1,1,1,1,0,0,0,1,1,0,1,0,7180000
Bengaluru,Whitefield,560013,Independent House,1078,901,2,2,2,2,0,3,8,1,Fully Furnished,Good,12.969376,77.746873,5,0,0,0,0,1,0,0,1,0,1,1,1,11850000
Hyderabad,Kondapur,500027,Apartment,1575,1256,3,3,2,1,7,18,0,1,Semi-Furnished,New,17.461043,78.359885,6,0,0,1,0,1,0,0,1,1,0,1,1,16940000
Bengaluru,Whitefield,560033,Apartment,2316,1883,4,4,3,3,18,18,0,1,Semi-Furnished,New,12.970262,77.755118,10,1,1,1,0,1,1,1,0,1,1,1,1,26690000
Delhi NCR,Greater Noida West,110044,Independent House,1078,859,2,2,2,0,0,2,3,1,Unfurnished,Good,28.573809,77.422572,7,1,0,0,0,1,1,0,0,1,1,1,1,7740000
Delhi NCR,Vasant Kunj (Delhi),110026,Apartment,1531,1245,4,4,4,1,2,10,8,1,Unfurnished,Good,28.523212,77.153184,8,1,1,0,1,1,0,1,1,1,0,1,0,27290000
Bengaluru,Indiranagar,560041,Apartment,1009,843,2,2,3,2,3,7,1,2,Fully Furnished,New,12.980008,77.657683,7,0,1,1,0,0,0,1,1,1,1,1,0,18540000
Pune,Baner,411016,Apartment,1762,1531,3,3,3,3,5,7,0,2,Semi-Furnished,New,18.561819,73.781512,8,0,1,1,0,1,1,0,1,1,0,1,1,22280000
Bengaluru,JP Nagar,560007,Apartment,1046,917,2,2,1,3,5,7,0,0,Semi-Furnished,New,12.906587,77.58783,10,1,1,1,1,0,0,1,1,1,1,1,1,12040000
Bengaluru,Sarjapur Road,560003,Apartment,1787,1549,4,4,5,1,18,18,8,1,Semi-Furnished,Good,12.916376,77.683208,5,0,1,1,1,0,0,0,1,0,0,0,1,15530000
Pune,Baner,411027,Apartment,1470,1183,3,3,2,3,2,18,18,1,Semi-Furnished,Average,18.561122,73.775365,6,1,1,0,0,0,1,0,1,1,0,1,0,12640000
Pune,Hadapsar,411041,Apartment,2145,1861,4,4,3,0,13,22,1,2,Semi-Furnished,New,18.507279,73.929347,7,0,1,1,1,1,0,1,1,1,0,0,0,20690000
Bengaluru,Whitefield,560046,Apartment,1593,1279,3,3,3,0,3,7,12,0,Semi-Furnished,Needs Renovation,12.974104,77.755743,7,0,1,1,0,0,1,0,1,0,1,1,1,11560000
Bengaluru,Bellandur,560034,Plot,2149,2149,0,0,0,0,0,0,3,0,Unfurnished,Average,12.933069,77.674916,1,0,0,0,0,0,0,0,0,0,0,1,0,15030000
Bengaluru,JP Nagar,560007,Apartment,1235,967,2,2,1,2,9,28,3,0,Semi-Furnished,Good,12.904398,77.581915,8,1,1,1,1,1,0,0,0,1,0,1,1,12190000
Kolkata,Rajarhat,700009,Apartment,615,534,1,1,2,0,4,10,0,1,Semi-Furnished,Good,22.621191,88.477879,8,1,1,1,0,1,0,0,1,1,0,1,1,4340000
Pune,Kharadi,411004,Apartment,527,451,1,1,1,2,2,18,3,2,Semi-Furnished,Good,18.573123,73.930545,8,1,1,1,1,0,0,0,1,1,1,1,0,5270000
Hyderabad,Gachibowli,500010,Independent House,1179,1034,3,3,3,3,0,1,8,1,Semi-Furnished,Good,17.450323,78.345918,6,1,0,0,0,0,1,0,1,1,1,1,0,12600000
Nagpur,Khamla,440044,Apartment,1578,1237,3,3,4,0,17,22,0,2,Semi-Furnished,New,21.103957,79.063001,6,1,1,1,0,1,0,1,0,0,1,0,0,13590000
Mumbai,Goregaon West,400046,Apartment,1542,1281,3,3,3,2,4,4,1,1,Semi-Furnished,New,19.169703,72.84766,5,0,1,0,0,0,1,0,1,1,0,1,0,36530000
Pune,Aundh,411028,Apartment,1704,1419,3,3,2,2,4,22,1,1,Fully Furnished,Good,18.566117,73.815931,7,1,1,0,1,0,1,0,0,1,0,1,1,23090000
Mumbai,Kandivali East,400019,Villa,1082,912,2,2,1,2,0,3,5,1,Semi-Furnished,Good,19.198156,72.865764,8,1,1,0,1,0,1,0,1,1,1,0,1,21000000
Mumbai,Andheri West,400017,Independent House,1018,834,2,2,3,0,0,3,0,1,Semi-Furnished,Good,19.131149,72.836589,5,0,0,0,0,0,0,0,1,1,1,1,1,32470000
Hyderabad,HITEC City,500026,Apartment,1683,1334,3,3,4,1,13,18,3,1,Unfurnished,Good,17.434831,78.385507,6,0,1,1,0,1,0,1,1,0,0,0,1,20730000
Delhi NCR,Rohini (Delhi),110025,Independent House,1592,1357,3,3,3,2,0,3,18,1,Fully Furnished,Average,28.716323,77.111357,3,0,0,0,0,0,0,0,0,1,1,0,1,14440000
Delhi NCR,Greater Noida West,110022,Apartment,3638,3026,5,5,6,0,7,28,18,1,Semi-Furnished,Average,28.577951,77.431658,11,0,1,1,1,1,1,1,1,1,1,1,1,16690000
Pune,Kharadi,411018,Apartment,829,696,2,2,2,0,26,35,12,1,Unfurnished,Good,18.556736,73.939143,8,1,1,1,0,1,1,0,0,1,1,0,1,7510000
Kolkata,Salt Lake (Sector V),700025,Independent House,979,821,2,2,3,0,0,2,8,2,Semi-Furnished,Good,22.564913,88.42702,3,0,1,0,0,0,1,0,0,0,0,0,1,9180000
Hyderabad,Uppal,500027,Apartment,837,736,2,2,1,1,5,7,1,1,Semi-Furnished,New,17.406597,78.553316,8,1,1,1,0,0,1,0,1,1,1,0,1,5570000
Mumbai,Bandra West,400034,Apartment,874,754,3,3,2,3,27,35,2,2,Unfurnished,New,19.057247,72.820797,6,1,0,1,1,0,0,0,1,1,0,1,0,44200000
Pune,Magarpatta,411040,Apartment,787,617,2,2,2,3,12,22,1,1,Unfurnished,Good,18.516636,73.926043,10,1,1,1,1,0,1,1,1,0,1,1,1,9260000
Pune,Baner,411017,Villa,1035,810,2,2,2,1,0,3,0,1,Semi-Furnished,New,18.544283,73.776681,7,1,1,0,1,0,0,0,1,1,1,0,1,16510000
Delhi NCR,Cyber City (Gurugram),110009,Apartment,1165,935,3,3,3,2,1,4,0,1,Semi-Furnished,Good,28.471253,77.100296,9,1,1,1,0,0,0,1,1,1,1,1,1,21610000
Nagpur,Pratap Nagar,440045,Apartment,1039,873,2,2,2,0,1,4,12,1,Semi-Furnished,Average,21.116141,79.052421,8,1,1,1,0,1,1,0,1,0,0,1,1,6150000
Kolkata,Ballygunge,700009,Apartment,2177,1867,4,4,3,2,1,14,1,0,Unfurnished,New,22.520635,88.37713,6,1,0,1,0,0,0,1,1,1,0,1,0,28550000
Mumbai,Borivali West,400035,Independent House,1160,1005,2,2,2,1,0,2,0,3,Unfurnished,New,19.231011,72.852784,4,0,0,0,0,1,0,0,1,1,1,0,0,25840000
Delhi NCR,Greater Noida West,110037,Apartment,1075,866,2,2,3,0,11,14,0,1,Unfurnished,New,28.600934,77.437505,7,1,1,1,0,1,0,0,1,1,0,1,0,6900000
Pune,Wakad,411013,Villa,585,508,1,1,2,2,0,3,0,0,Semi-Furnished,Good,18.613234,73.779581,7,1,0,1,0,0,1,0,1,1,1,1,0,7510000
Pune,Wakad,411021,Apartment,3658,2987,5,5,5,0,35,35,1,1,Semi-Furnished,New,18.604296,73.77807,10,1,1,1,1,0,1,1,1,1,1,1,0,39030000
Pune,Hadapsar,411016,Apartment,1058,877,3,3,2,2,3,14,12,2,Semi-Furnished,Good,18.509452,73.919359,9,1,1,1,0,0,1,1,1,1,1,1,0,7880000
Delhi NCR,Sector 150 (Noida),110006,Plot,3703,3703,0,0,0,0,0,0,3,0,Unfurnished,Average,28.449238,77.497883,1,0,0,1,0,0,0,0,0,0,0,0,0,26550000
Mumbai,Kandivali East,400003,Villa,1491,1299,3,3,3,2,0,2,5,1,Fully Furnished,Good,19.196421,72.85395,7,1,1,0,0,0,0,1,0,1,1,1,1,34470000
Pune,Kalyani Nagar,411037,Apartment,1762,1376,3,3,3,1,2,10,3,1,Semi-Furnished,Good,18.548974,73.908089,8,0,1,1,1,0,1,1,1,1,0,1,0,25340000
Mumbai,Bandra West,400044,Apartment,1250,1021,3,3,4,2,9,14,3,1,Unfurnished,Good,19.070704,72.824438,6,0,1,1,1,0,0,1,1,0,0,1,0,58650000
Nagpur,Pratap Nagar,440012,Independent House,1025,807,2,2,2,1,0,1,5,1,Fully Furnished,Good,21.106688,79.043016,9,1,0,1,1,1,1,1,1,0,0,1,1,8690000
Pune,Baner,411021,Apartment,1148,920,2,2,3,2,13,14,8,1,Fully Furnished,Good,18.558802,73.768973,5,1,0,1,0,0,0,0,0,1,1,1,0,13060000
Nagpur,Wardha Road,440038,Apartment,1264,1042,3,3,2,1,2,4,5,1,Semi-Furnished,Good,21.06813,79.083424,8,1,1,1,0,1,1,1,0,1,0,1,0,7200000
Pune,Hadapsar,411005,Apartment,1326,1093,3,3,4,3,1,14,5,1,Semi-Furnished,Average,18.505705,73.913794,5,0,1,1,0,0,0,0,0,1,0,1,1,9310000
Pune,Hinjewadi,411027,Independent House,1169,1027,2,2,3,2,0,1,0,1,Semi-Furnished,Good,18.587509,73.739077,4,1,1,0,0,0,0,0,1,0,1,0,0,9940000
Mumbai,Borivali West,400003,Apartment,1067,895,3,3,2,2,9,18,2,1,Semi-Furnished,Good,19.235579,72.859722,9,1,1,1,1,1,1,0,0,1,1,1,0,22940000
Bengaluru,Yelahanka,560021,Apartment,1738,1471,3,3,2,2,2,22,5,0,Unfurnished,Good,13.098854,77.600084,7,0,1,1,1,0,1,0,1,1,0,0,1,12060000
Hyderabad,Uppal,500021,Apartment,1301,1142,2,2,2,0,4,7,5,1,Fully Furnished,New,17.410992,78.561557,6,1,1,0,0,0,0,0,1,1,0,1,1,8900000
Bengaluru,Whitefield,560039,Apartment,1197,1013,2,2,2,3,3,4,0,1,Unfurnished,Good,12.974437,77.762469,10,1,1,1,1,1,0,0,1,1,1,1,1,10170000
Delhi NCR,Sector 62 (Noida),110019,Apartment,1516,1205,3,3,2,2,7,14,2,1,Semi-Furnished,Good,28.622877,77.376051,9,1,0,1,0,1,1,0,1,1,1,1,1,14760000
Mumbai,Goregaon West,400043,Apartment,583,481,1,1,2,2,5,10,5,0,Semi-Furnished,New,19.176885,72.854965,6,1,1,1,0,0,1,1,0,0,0,1,0,12580000
Bengaluru,JP Nagar,560038,Apartment,1372,1141,2,2,3,2,7,7,0,1,Semi-Furnished,New,12.906049,77.583984,7,1,1,1,1,0,0,0,1,1,1,0,0,16570000
Bengaluru,Indiranagar,560030,Apartment,1310,1097,3,3,4,2,10,10,18,0,Semi-Furnished,Average,12.979083,77.652075,10,1,1,1,1,1,1,1,0,1,0,1,1,16820000
Chennai,Besant Nagar,600027,Apartment,972,788,3,3,4,3,18,22,12,1,Unfurnished,Good,13.003139,80.26113,10,1,1,1,1,1,0,1,0,1,1,1,1,15880000
Delhi NCR,Greater Noida West,110046,Apartment,2363,1946,4,4,4,2,13,18,12,2,Semi-Furnished,Needs Renovation,28.601771,77.44226,7,0,1,1,1,0,0,1,0,1,0,1,1,11860000
Delhi NCR,Golf Course Road (Gurugram),110005,Apartment,835,666,2,2,2,3,6,22,12,1,Semi-Furnished,Good,28.465932,77.110148,10,1,1,1,1,1,0,1,1,1,0,1,1,14990000
Hyderabad,Manikonda,500022,Apartment,1853,1525,3,3,2,2,18,18,3,0,Unfurnished,Good,17.399805,78.382584,10,1,1,1,1,0,1,1,1,1,0,1,1,15750000
Bengaluru,Whitefield,560011,Apartment,1580,1241,3,3,2,1,11,35,2,1,Semi-Furnished,Good,12.977094,77.742306,8,0,0,1,1,1,0,1,1,1,0,1,1,16030000
Hyderabad,Manikonda,500036,Independent House,1227,1073,3,3,3,2,0,1,3,1,Fully Furnished,Good,17.392289,78.38197,4,1,0,0,1,0,0,0,1,0,1,0,0,11850000
Bengaluru,HSR Layout,560023,Apartment,1531,1203,3,3,2,3,23,35,3,1,Semi-Furnished,Average,12.921318,77.632814,7,1,1,1,0,0,0,1,1,1,0,1,0,19380000
Chennai,Velachery,600041,Apartment,1103,867,3,3,4,0,2,28,18,2,Semi-Furnished,Average,12.986533,80.213018,5,0,1,1,0,0,0,0,0,1,1,1,0,7480000
Pune,Wakad,411003,Plot,2711,2711,0,0,0,0,0,0,3,0,Unfurnished,Average,18.605097,73.764105,0,0,0,0,0,0,0,0,0,0,0,0,0,17130000
Delhi NCR,Greater Noida West,110011,Apartment,350,280,1,1,1,2,1,18,8,1,Semi-Furnished,Good,28.597572,77.441567,6,1,1,1,1,0,1,0,0,1,0,0,0,2100000
Hyderabad,HITEC City,500005,Independent House,688,578,2,2,2,2,0,1,12,2,Semi-Furnished,Needs Renovation,17.453175,78.37187,3,1,0,0,0,0,0,0,1,0,1,0,0,6580000
Delhi NCR,Golf Course Road (Gurugram),110020,Apartment,821,703,1,1,1,0,1,7,2,2,Unfurnished,New,28.453871,77.100338,9,1,1,1,1,1,1,0,1,1,0,1,0,17300000
Hyderabad,Kondapur,500030,Apartment,1498,1173,3,3,3,3,10,28,2,2,Semi-Furnished,New,17.472156,78.360811,10,1,0,1,0,1,1,1,1,1,1,1,1,16000000
Nagpur,Ramdaspeth,440013,Apartment,1386,1092,3,3,4,0,1,4,5,0,Fully Furnished,Needs Renovation,21.14729,79.064899,10,1,1,1,0,0,1,1,1,1,1,1,1,12690000
Mumbai,Kandivali East,400042,Apartment,665,523,1,1,2,2,10,14,3,2,Semi-Furnished,Average,19.211787,72.877636,6,1,1,1,0,0,0,0,0,1,0,1,1,10930000
Chennai,Porur,600002,Apartment,630,543,2,2,1,0,7,10,3,2,Semi-Furnished,Good,13.037622,80.14857,7,1,1,1,0,0,1,1,0,0,0,1,1,4660000
Hyderabad,HITEC City,500020,Villa,737,609,2,2,1,0,0,3,0,1,Semi-Furnished,New,17.439681,78.372427,2,1,0,0,0,0,0,1,0,0,0,0,0,10630000
Pune,Kothrud,411002,Apartment,1576,1273,3,3,3,2,2,4,2,2,Unfurnished,Good,18.525163,73.81255,6,1,1,1,1,0,0,1,0,0,0,1,0,17840000
Mumbai,Powai,400020,Apartment,1386,1160,3,3,3,2,10,10,0,2,Semi-Furnished,New,19.114232,72.90672,5,1,1,1,1,0,0,0,1,0,0,0,0,35530000
Pune,Magarpatta,411003,Apartment,806,671,2,2,3,0,24,35,1,2,Semi-Furnished,New,18.529263,73.915303,8,0,1,1,0,0,1,1,0,1,1,1,1,10580000
Nagpur,Khamla,440043,Apartment,1374,1177,3,3,3,3,1,4,3,0,Fully Furnished,Good,21.130207,79.060727,9,1,1,1,1,1,0,1,0,1,1,1,0,10040000
Hyderabad,Miyapur,500027,Apartment,907,786,2,2,1,0,1,7,12,1,Unfurnished,Average,17.497119,78.352258,8,0,1,1,0,1,1,1,1,1,0,1,0,4630000
Hyderabad,Manikonda,500020,Villa,644,544,2,2,1,2,0,1,5,1,Semi-Furnished,Good,17.396816,78.390151,5,1,0,0,0,0,0,1,1,1,0,1,0,6880000
Delhi NCR,Dwarka (Delhi),110021,Apartment,373,300,1,1,1,0,11,35,0,0,Unfurnished,New,28.591002,77.050507,6,1,1,1,0,0,0,1,1,0,0,1,0,4940000
Hyderabad,Kukatpally,500025,Independent House,2834,2471,5,5,4,1,0,2,12,1,Fully Furnished,Needs Renovation,17.491503,78.395274,7,1,0,1,1,1,0,1,1,0,0,0,1,19890000
Mumbai,Juhu,400042,Apartment,1443,1170,3,3,3,2,4,4,25,1,Semi-Furnished,Average,19.125962,72.82035,7,1,1,0,1,1,0,0,1,0,1,1,0,40990000
Delhi NCR,Cyber City (Gurugram),110014,Apartment,941,750,2,2,2,0,5,22,1,1,Semi-Furnished,New,28.489501,77.098286,6,1,1,1,0,0,0,0,0,1,1,1,0,15610000
Hyderabad,Kondapur,500018,Apartment,859,714,2,2,3,3,18,18,12,1,Semi-Furnished,Average,17.476447,78.355447,8,1,1,1,0,0,1,0,1,1,1,1,0,6810000
Delhi NCR,Greater Noida West,110007,Apartment,1025,879,2,2,3,1,2,28,3,1,Unfurnished,New,28.597251,77.436685,6,1,0,0,0,0,0,1,1,1,0,1,1,6090000
Bengaluru,Koramangala,560027,Independent House,1028,841,2,2,2,1,0,3,2,1,Unfurnished,New,12.931984,77.630461,3,0,0,0,0,0,0,1,1,1,0,0,0,18850000
Hyderabad,Miyapur,500006,Apartment,743,592,3,3,2,1,6,28,0,0,Fully Furnished,New,17.497689,78.347514,6,1,0,0,1,1,1,0,1,1,0,0,0,6450000
Delhi NCR,Cyber City (Gurugram),110030,Plot,2108,2108,0,0,0,0,0,0,4,0,Unfurnished,Average,28.491255,77.095471,1,0,0,1,0,0,0,0,0,0,0,0,0,25800000
Delhi NCR,Greater Noida West,110028,Apartment,812,639,2,2,2,2,1,14,1,1,Fully Furnished,New,28.582624,77.447685,6,1,1,1,0,0,0,0,1,0,1,1,0,6120000
Pune,Viman Nagar,411019,Independent House,1282,1102,2,2,1,1,0,1,2,0,Fully Furnished,New,18.568344,73.916603,5,0,0,1,0,1,1,0,1,0,0,1,0,19290000
Pune,Kalyani Nagar,411016,Apartment,3034,2433,5,5,5,2,30,35,0,0,Unfurnished,New,18.537965,73.903972,9,1,1,1,0,1,1,1,0,1,1,1,0,46220000
Kolkata,Garia,700018,Apartment,1511,1269,3,3,4,3,2,22,3,0,Semi-Furnished,Good,22.46536,88.392301,7,1,1,1,0,0,0,0,1,1,0,1,1,9260000
Bengaluru,Bellandur,560006,Apartment,576,478,1,1,1,2,3,7,5,1,Fully Furnished,Good,12.932054,77.692612,7,0,1,1,0,0,1,0,1,1,1,1,0,6620000
Pune,Viman Nagar,411029,Apartment,1147,937,2,2,2,1,1,10,0,1,Semi-Furnished,New,18.565446,73.916137,6,1,1,0,0,0,1,1,0,0,0,1,1,13550000
Nagpur,Sadar,440034,Apartment,1525,1335,3,3,2,0,7,18,5,1,Semi-Furnished,Good,21.165196,79.082187,10,1,0,1,1,1,1,1,1,1,0,1,1,14140000
Delhi NCR,Vasant Kunj (Delhi),110045,Apartment,743,626,2,2,2,3,5,18,8,1,Unfurnished,Good,28.533079,77.163214,8,1,0,1,0,0,0,1,1,1,1,1,1,14050000
Delhi NCR,Sohna Road (Gurugram),110003,Apartment,1362,1117,3,3,3,2,2,4,2,1,Unfurnished,New,28.398845,77.054167,8,1,1,1,0,1,1,0,0,1,1,1,0,12870000
Bengaluru,JP Nagar,560046,Independent House,2154,1727,4,4,3,3,0,3,5,1,Fully Furnished,Good,12.906445,77.599956,5,1,0,0,0,0,1,1,1,0,1,0,0,26390000
Bengaluru,JP Nagar,560016,Apartment,944,740,2,2,2,2,7,7,12,1,Unfurnished,Average,12.918007,77.586876,10,1,1,1,0,1,1,0,1,1,1,1,1,8510000
Delhi NCR,Greater Noida West,110014,Apartment,484,379,1,1,1,2,21,28,0,1,Unfurnished,New,28.588358,77.446875,8,1,1,1,1,0,0,0,1,0,1,1,1,3350000
Nagpur,Besha,440009,Apartment,1361,1113,3,3,2,2,1,10,0,2,Unfurnished,New,21.076053,79.083087,8,1,1,1,0,0,0,1,1,1,0,1,1,7250000
Mumbai,Juhu,400039,Apartment,2142,1747,4,4,4,3,25,35,5,2,Fully Furnished,Average,19.107873,72.836543,9,1,1,1,0,1,0,1,0,1,1,1,1,104470000
Mumbai,Kandivali East,400035,Apartment,1184,989,3,3,4,2,9,10,12,1,Unfurnished,Good,19.20709,72.874094,8,0,1,1,1,1,1,0,1,0,1,1,0,18790000
Delhi NCR,Sector 150 (Noida),110023,Independent House,2371,1946,4,4,3,1,0,3,12,1,Semi-Furnished,Good,28.457327,77.483332,4,1,1,0,0,0,0,1,0,0,1,0,0,24070000
Pune,Wakad,411012,Plot,3071,3071,0,0,0,0,0,0,2,0,Unfurnished,Average,18.591278,73.770342,1,0,0,1,0,0,0,0,0,0,0,0,0,21490000
Nagpur,Trimurti Nagar,440006,Apartment,1347,1173,3,3,2,2,21,22,5,1,Fully Furnished,Good,21.119036,79.03706,10,1,1,1,0,1,1,1,0,1,1,1,1,9530000
Mumbai,Borivali West,400042,Apartment,953,813,2,2,1,2,12,28,0,1,Fully Furnished,Good,19.233114,72.8526,7,1,0,0,0,1,0,1,0,1,1,1,1,19690000
